file,opp,us,team,name,won,rounds,wintype,gathered200,gathered400,firstEnemySide,inEnemy250,inEnemy300,firstFlagSight,pickups,captured,carrierDeaths,carrierRounds,carrierMoves,enemyCarrierKills,trapsBuilt,trapsHit,kills,deaths,meanAlive
gauntlet/20261001-155948-scrim-b12/losses/ColtG5.Goob_final__Ambush__botA.bc24,ColtG5.Goob_final,1,A,b12,0,336,CAPTURE,2300,2300,201,10,12,201,1,1,0,14,7,11,58,53,74,42,47.2
gauntlet/20261001-155948-scrim-b12/losses/ColtG5.Goob_final__Ambush__botA.bc24,ColtG5.Goob_final,0,B,Goob_final,1,336,CAPTURE,2300,6500,201,15,19,201,14,3,11,114,51,0,78,56,42,74,45.1
gauntlet/20261001-155948-scrim-b12/losses/CyrilSharma.finalBot__Bunkers__botA.bc24,CyrilSharma.finalBot,1,A,b12,0,623,CAPTURE,2800,2800,201,9,5,227,5,1,4,66,30,22,94,80,154,121,45.3
gauntlet/20261001-155948-scrim-b12/losses/CyrilSharma.finalBot__Bunkers__botA.bc24,CyrilSharma.finalBot,0,B,finalBot,1,623,CAPTURE,2800,2800,201,21,21,262,25,3,22,149,67,4,168,158,121,154,44.0
gauntlet/20261001-155948-scrim-b12/losses/CyrilSharma.finalBot__Decision__botB.bc24,CyrilSharma.finalBot,0,A,finalBot,1,870,CAPTURE,1200,1800,202,24,19,307,10,3,7,414,199,5,109,101,74,106,47.0
gauntlet/20261001-155948-scrim-b12/losses/CyrilSharma.finalBot__Decision__botB.bc24,CyrilSharma.finalBot,1,B,b12,0,870,CAPTURE,1000,1100,228,0,0,526,5,0,5,220,108,7,93,76,106,74,47.9
gauntlet/20261001-155948-scrim-b12/losses/ColtG5.Goob_final__Gated__botA.bc24,ColtG5.Goob_final,1,A,b12,0,2000,MORE_FLAG_CAPTURES,1500,1900,281,0,2,360,0,0,0,0,0,18,227,209,1149,418,44.9
gauntlet/20261001-155948-scrim-b12/losses/ColtG5.Goob_final__Gated__botA.bc24,ColtG5.Goob_final,0,B,Goob_final,1,2000,MORE_FLAG_CAPTURES,1500,2900,206,35,18,244,19,1,18,200,81,0,240,227,418,1149,36.0
gauntlet/20261001-155948-scrim-b12/losses/ColtG5.Goob_final__EvilGrin__botA.bc24,ColtG5.Goob_final,1,A,b12,0,2000,MORE_FLAG_CAPTURES,1200,1800,220,6,5,336,0,0,0,0,0,5,219,207,1338,496,43.9
gauntlet/20261001-155948-scrim-b12/losses/ColtG5.Goob_final__EvilGrin__botA.bc24,ColtG5.Goob_final,0,B,Goob_final,1,2000,MORE_FLAG_CAPTURES,2000,8600,204,20,24,245,6,1,5,58,26,0,362,331,496,1338,33.7
gauntlet/20261001-155948-scrim-b12/losses/ColtG5.Goob_final__Joker__botB.bc24,ColtG5.Goob_final,0,A,Goob_final,1,2000,MORE_FLAG_CAPTURES,14500,26400,201,21,20,248,11,2,9,199,92,0,382,333,382,909,38.9
gauntlet/20261001-155948-scrim-b12/losses/ColtG5.Goob_final__Joker__botB.bc24,ColtG5.Goob_final,1,B,b12,0,2000,MORE_FLAG_CAPTURES,14500,15900,204,22,20,234,0,0,0,0,0,9,372,351,909,382,45.3
gauntlet/20261001-155948-scrim-b12/losses/CyrilSharma.finalBot__EvilGrin__botB.bc24,CyrilSharma.finalBot,0,A,finalBot,1,2000,MORE_FLAG_CAPTURES,2000,6800,205,15,30,255,10,1,9,81,46,3,570,522,466,225,47.3
gauntlet/20261001-155948-scrim-b12/losses/CyrilSharma.finalBot__EvilGrin__botB.bc24,CyrilSharma.finalBot,1,B,b12,0,2000,MORE_FLAG_CAPTURES,1200,2600,204,16,10,229,3,0,3,25,11,9,231,203,225,466,44.3
gauntlet/20261001-155948-scrim-b12/losses/Gymhgy.v10official__Asteroids__botA.bc24,Gymhgy.v10official,1,A,b12,0,420,CAPTURE,800,2300,210,8,24,314,2,0,1,118,58,3,56,52,29,21,48.8
gauntlet/20261001-155948-scrim-b12/losses/Gymhgy.v10official__Asteroids__botA.bc24,Gymhgy.v10official,0,B,v10official,1,420,CAPTURE,800,3800,210,31,18,257,34,3,3,735,62,1,65,35,21,29,48.4
gauntlet/20261001-155948-scrim-b12/losses/CyrilSharma.finalBot__Racetrack__botB.bc24,CyrilSharma.finalBot,0,A,finalBot,1,2000,LEVEL_SUM,0,0,204,10,13,626,20,2,18,206,97,11,370,360,520,683,41.7
gauntlet/20261001-155948-scrim-b12/losses/CyrilSharma.finalBot__Racetrack__botB.bc24,CyrilSharma.finalBot,1,B,b12,0,2000,LEVEL_SUM,0,0,207,0,0,357,13,2,11,197,90,18,157,145,683,520,43.6
gauntlet/20261001-155948-scrim-b12/losses/CyrilSharma.finalBot__Whirlpool__botA.bc24,CyrilSharma.finalBot,1,A,b12,0,801,CAPTURE,1800,2400,782,0,0,0,0,0,0,0,0,7,88,78,159,156,45.3
gauntlet/20261001-155948-scrim-b12/losses/CyrilSharma.finalBot__Whirlpool__botA.bc24,CyrilSharma.finalBot,0,B,finalBot,1,801,CAPTURE,2800,7600,201,40,43,368,10,3,7,131,65,0,169,151,156,159,45.2
gauntlet/20261001-155948-scrim-b12/losses/Gymhgy.v10official__Backslash__botA.bc24,Gymhgy.v10official,1,A,b12,0,464,CAPTURE,0,2700,201,14,12,262,4,0,3,285,139,6,45,40,32,79,46.1
gauntlet/20261001-155948-scrim-b12/losses/Gymhgy.v10official__Backslash__botA.bc24,Gymhgy.v10official,0,B,v10official,1,464,CAPTURE,4700,24100,201,39,36,210,48,3,6,697,72,3,216,109,79,32,48.4
gauntlet/20261001-155948-scrim-b12/losses/CyrilSharma.finalBot__OceanFloor__botA.bc24,CyrilSharma.finalBot,1,A,b12,0,2000,MORE_FLAG_CAPTURES,1400,1400,201,22,16,210,6,0,6,91,41,16,226,203,386,325,46.0
gauntlet/20261001-155948-scrim-b12/losses/CyrilSharma.finalBot__OceanFloor__botA.bc24,CyrilSharma.finalBot,0,B,finalBot,1,2000,MORE_FLAG_CAPTURES,1400,1400,201,27,24,247,18,2,16,217,101,6,412,391,325,386,45.3
gauntlet/20261001-155948-scrim-b12/losses/Gymhgy.v10official__CH3353C4K3F4CT0RY__botA.bc24,Gymhgy.v10official,1,A,b12,0,559,CAPTURE,13000,13300,223,19,23,263,4,1,3,111,52,7,166,157,69,81,46.5
gauntlet/20261001-155948-scrim-b12/losses/Gymhgy.v10official__CH3353C4K3F4CT0RY__botA.bc24,Gymhgy.v10official,0,B,v10official,1,559,CAPTURE,13000,13100,202,25,27,241,36,3,7,696,84,3,200,163,81,69,47.0
gauntlet/20261001-155948-scrim-b12/losses/Gymhgy.v10official__Decision__botB.bc24,Gymhgy.v10official,0,A,v10official,1,532,CAPTURE,1900,2700,202,30,38,263,50,3,4,810,97,2,45,38,38,46,47.9
gauntlet/20261001-155948-scrim-b12/losses/Gymhgy.v10official__Decision__botB.bc24,Gymhgy.v10official,1,B,b12,0,532,CAPTURE,1000,1000,246,3,7,295,3,1,2,192,95,4,53,42,46,38,48.3
gauntlet/20261001-155948-scrim-b12/losses/IvanGeffner.kuma__Backslash__botA.bc24,IvanGeffner.kuma,1,A,b12,0,521,CAPTURE,0,4100,201,4,0,0,0,0,0,0,0,7,72,72,39,166,42.3
gauntlet/20261001-155948-scrim-b12/losses/IvanGeffner.kuma__Backslash__botA.bc24,IvanGeffner.kuma,0,B,kuma,1,521,CAPTURE,4700,27100,201,40,43,224,17,3,7,147,68,0,319,222,166,39,48.1
gauntlet/20261001-155948-scrim-b12/losses/Gymhgy.v10official__DefaultLarge__botB.bc24,Gymhgy.v10official,0,A,v10official,1,659,CAPTURE,1800,5400,202,27,43,333,56,3,5,819,99,11,113,101,86,76,47.2
gauntlet/20261001-155948-scrim-b12/losses/Gymhgy.v10official__DefaultLarge__botB.bc24,Gymhgy.v10official,1,B,b12,0,659,CAPTURE,1800,3700,204,6,12,288,12,0,11,325,154,5,91,75,76,86,46.9
gauntlet/20261001-155948-scrim-b12/losses/IvanGeffner.kuma__Occulus__botA.bc24,IvanGeffner.kuma,1,A,b12,0,374,CAPTURE,1800,5100,201,4,11,264,0,0,0,0,0,6,83,66,31,79,45.0
gauntlet/20261001-155948-scrim-b12/losses/IvanGeffner.kuma__Occulus__botA.bc24,IvanGeffner.kuma,0,B,kuma,1,374,CAPTURE,1800,6300,201,19,38,263,26,3,6,133,60,0,109,77,79,31,48.0
gauntlet/20261001-155948-scrim-b12/losses/Gymhgy.v10official__Klein__botB.bc24,Gymhgy.v10official,0,A,v10official,1,2000,MORE_FLAG_CAPTURES,7600,10800,204,25,29,214,27,2,7,743,261,2,290,247,313,358,45.7
gauntlet/20261001-155948-scrim-b12/losses/Gymhgy.v10official__Klein__botB.bc24,Gymhgy.v10official,1,B,b12,0,2000,MORE_FLAG_CAPTURES,1400,2000,203,0,0,793,2,0,2,30,14,7,234,198,358,313,46.2
gauntlet/20261001-155948-scrim-b12/losses/NotLLeon.v3__Backslash__botA.bc24,NotLLeon.v3,1,A,b12,0,542,CAPTURE,0,7800,201,31,28,209,4,1,3,98,45,13,105,100,84,110,45.1
gauntlet/20261001-155948-scrim-b12/losses/NotLLeon.v3__Backslash__botA.bc24,NotLLeon.v3,0,B,v3,1,542,CAPTURE,800,13300,201,33,32,209,24,3,13,228,97,3,169,150,110,84,46.5
gauntlet/20261001-155948-scrim-b12/losses/IvanGeffner.kuma__Swoop__botA.bc24,IvanGeffner.kuma,1,A,b12,0,684,CAPTURE,4300,4300,201,24,25,226,1,0,1,42,19,14,100,98,99,180,43.7
gauntlet/20261001-155948-scrim-b12/losses/IvanGeffner.kuma__Swoop__botA.bc24,IvanGeffner.kuma,0,B,kuma,1,684,CAPTURE,4300,4300,201,30,16,219,37,3,14,245,109,1,169,144,180,99,46.6
gauntlet/20261001-155948-scrim-b12/losses/IvanGeffner.kuma__Racetrack__botA.bc24,IvanGeffner.kuma,1,A,b12,0,1893,CAPTURE,0,0,207,19,33,278,6,0,6,25,10,45,169,167,493,706,40.9
gauntlet/20261001-155948-scrim-b12/losses/IvanGeffner.kuma__Racetrack__botA.bc24,IvanGeffner.kuma,0,B,kuma,1,1893,CAPTURE,0,0,206,1,0,561,101,3,45,256,116,6,437,429,706,493,43.6
gauntlet/20261001-155948-scrim-b12/losses/NotLLeon.v3__Backslash__botB.bc24,NotLLeon.v3,0,A,v3,1,1760,CAPTURE,4700,17700,201,35,29,252,52,3,45,411,182,1,531,517,755,635,41.2
gauntlet/20261001-155948-scrim-b12/losses/NotLLeon.v3__Backslash__botB.bc24,NotLLeon.v3,1,B,b12,0,1760,CAPTURE,0,6100,201,2,3,276,2,1,1,70,33,45,234,232,635,755,39.6
gauntlet/20261001-155948-scrim-b12/losses/NotLLeon.v3__Gated__botB.bc24,NotLLeon.v3,0,A,v3,1,2000,MORE_FLAG_CAPTURES,1500,1500,217,17,9,258,23,2,16,159,68,4,275,257,396,505,43.9
gauntlet/20261001-155948-scrim-b12/losses/NotLLeon.v3__Gated__botB.bc24,NotLLeon.v3,1,B,b12,0,2000,MORE_FLAG_CAPTURES,1500,3300,203,35,19,211,4,0,4,112,55,16,229,211,505,396,45.2
gauntlet/20261001-155948-scrim-b12/losses/NotLLeon.v3__ORV__botA.bc24,NotLLeon.v3,1,A,b12,0,582,CAPTURE,2700,3000,208,17,24,256,3,1,2,117,55,11,92,79,95,109,45.6
gauntlet/20261001-155948-scrim-b12/losses/NotLLeon.v3__ORV__botA.bc24,NotLLeon.v3,0,B,v3,1,582,CAPTURE,3200,7800,206,32,30,259,35,3,11,303,110,2,142,131,109,95,46.0
gauntlet/20261001-155948-scrim-b12/losses/NotLLeon.v3__Pancakes__botB.bc24,NotLLeon.v3,0,A,v3,1,431,CAPTURE,0,6100,206,32,32,243,21,3,10,214,98,8,100,96,57,51,47.3
gauntlet/20261001-155948-scrim-b12/losses/NotLLeon.v3__Pancakes__botB.bc24,NotLLeon.v3,1,B,b12,0,431,CAPTURE,0,2700,208,29,33,220,8,0,8,104,46,10,63,55,51,57,47.1
gauntlet/20261001-155948-scrim-b12/losses/NotLLeon.v3__Waterworld__botB.bc24,NotLLeon.v3,0,A,v3,1,526,CAPTURE,13900,19700,204,44,20,242,20,3,4,170,77,1,142,132,88,57,47.4
gauntlet/20261001-155948-scrim-b12/losses/NotLLeon.v3__Waterworld__botB.bc24,NotLLeon.v3,1,B,b12,0,526,CAPTURE,3300,3300,306,0,0,344,1,0,1,5,2,4,44,26,57,88,46.0
gauntlet/20261001-155948-scrim-b12/losses/SampleProvider.TSPAARKSPRINT1__Soccer__botB.bc24,SampleProvider.TSPAARKSPRINT1,0,A,TSPAARKSPRINT1,1,726,CAPTURE,3000,3200,202,5,37,268,18,3,12,695,229,2,52,32,90,70,47.5
gauntlet/20261001-155948-scrim-b12/losses/SampleProvider.TSPAARKSPRINT1__Soccer__botB.bc24,SampleProvider.TSPAARKSPRINT1,1,B,b12,0,726,CAPTURE,3000,3000,208,29,26,233,2,0,2,15,7,12,97,91,70,90,47.0
gauntlet/20261001-155948-scrim-b12/losses/SampleProvider.TSPAARKSPRINT1__Snake__botB.bc24,SampleProvider.TSPAARKSPRINT1,0,A,TSPAARKSPRINT1,1,2000,MORE_FLAG_CAPTURES,13100,28500,203,14,32,282,16,2,11,476,156,33,294,246,228,393,45.1
gauntlet/20261001-155948-scrim-b12/losses/SampleProvider.TSPAARKSPRINT1__Snake__botB.bc24,SampleProvider.TSPAARKSPRINT1,1,B,b12,0,2000,MORE_FLAG_CAPTURES,13100,20400,204,25,30,227,34,1,33,475,217,11,390,367,393,228,47.2
gauntlet/20261001-155948-scrim-b12/losses/Strequals.duck0127v5__Canals__botA.bc24,Strequals.duck0127v5,1,A,b12,0,876,CAPTURE,4600,4600,210,0,0,0,0,0,0,0,0,11,126,122,99,395,39.2
gauntlet/20261001-155948-scrim-b12/losses/Strequals.duck0127v5__Canals__botA.bc24,Strequals.duck0127v5,0,B,duck0127v5,1,876,CAPTURE,4600,6100,204,7,35,341,14,3,11,203,100,0,394,323,395,99,47.3
gauntlet/20261001-155948-scrim-b12/losses/Strequals.duck0127v5__MIT__botB.bc24,Strequals.duck0127v5,0,A,duck0127v5,1,893,CAPTURE,7200,38300,208,18,37,285,21,3,18,388,180,11,192,190,152,112,47.0
gauntlet/20261001-155948-scrim-b12/losses/Strequals.duck0127v5__MIT__botB.bc24,Strequals.duck0127v5,1,B,b12,0,893,CAPTURE,7200,18900,205,5,3,222,12,1,11,256,115,18,262,254,112,152,45.8
gauntlet/20261001-155948-scrim-b12/losses/Strequals.duck0127v5__Divergent__botB.bc24,Strequals.duck0127v5,0,A,duck0127v5,1,2000,MORE_FLAG_CAPTURES,3700,3700,204,0,18,294,9,2,7,260,129,17,290,234,500,187,47.7
gauntlet/20261001-155948-scrim-b12/losses/Strequals.duck0127v5__Divergent__botB.bc24,Strequals.duck0127v5,1,B,b12,0,2000,MORE_FLAG_CAPTURES,3600,3600,203,13,16,255,17,0,17,110,48,7,233,208,187,500,43.9
gauntlet/20261001-155948-scrim-b12/losses/Strequals.duck0127v5__Rainbow__botA.bc24,Strequals.duck0127v5,1,A,b12,0,905,CAPTURE,6000,6000,201,7,10,429,3,0,3,15,6,17,139,123,108,221,44.0
gauntlet/20261001-155948-scrim-b12/losses/Strequals.duck0127v5__Rainbow__botA.bc24,Strequals.duck0127v5,0,B,duck0127v5,1,905,CAPTURE,6000,6000,201,13,29,338,20,3,17,327,151,3,309,272,221,108,47.1
gauntlet/20261001-155948-scrim-b12/losses/Strequals.duck0127v5__MazeRunner__botA.bc24,Strequals.duck0127v5,1,A,b12,0,2000,MORE_FLAG_CAPTURES,2600,3500,213,11,25,241,19,0,19,114,45,3,219,177,250,565,43.1
gauntlet/20261001-155948-scrim-b12/losses/Strequals.duck0127v5__MazeRunner__botA.bc24,Strequals.duck0127v5,0,B,duck0127v5,1,2000,MORE_FLAG_CAPTURES,2600,7100,207,23,29,285,5,2,3,266,125,19,477,433,565,250,47.0
gauntlet/20261001-155948-scrim-b12/losses/andli28.v9_USQuals_angle__EvilGrin__botB.bc24,andli28.v9_USQuals_angle,0,A,v9_USQuals_angle,1,632,CAPTURE,2000,6500,204,3,15,228,8,3,5,207,100,0,242,196,162,74,47.2
gauntlet/20261001-155948-scrim-b12/losses/andli28.v9_USQuals_angle__EvilGrin__botB.bc24,andli28.v9_USQuals_angle,1,B,b12,0,632,CAPTURE,1200,1700,206,6,20,283,0,0,0,0,0,5,69,60,74,162,43.9
gauntlet/20261001-155948-scrim-b12/losses/andli28.v9_USQuals_angle__Battlecode24__botB.bc24,andli28.v9_USQuals_angle,0,A,v9_USQuals_angle,1,2000,MORE_FLAG_CAPTURES,12100,29200,203,14,18,233,33,2,30,365,225,1,480,410,577,307,46.3
gauntlet/20261001-155948-scrim-b12/losses/andli28.v9_USQuals_angle__Battlecode24__botB.bc24,andli28.v9_USQuals_angle,1,B,b12,0,2000,MORE_FLAG_CAPTURES,11200,13300,202,16,6,374,1,0,1,116,57,30,318,296,307,577,43.0
gauntlet/20261001-155948-scrim-b12/losses/andli28.v9_USQuals_angle__Canals__botA.bc24,andli28.v9_USQuals_angle,1,A,b12,0,1724,CAPTURE,4600,4600,601,0,0,1624,0,0,0,0,0,42,213,212,275,682,40.5
gauntlet/20261001-155948-scrim-b12/losses/andli28.v9_USQuals_angle__Canals__botA.bc24,andli28.v9_USQuals_angle,0,B,v9_USQuals_angle,1,1724,CAPTURE,4600,5800,207,5,6,302,45,3,42,447,203,0,595,527,682,275,46.1
gauntlet/20261001-155948-scrim-b12/losses/andli28.v9_USQuals_angle__Joker__botB.bc24,andli28.v9_USQuals_angle,0,A,v9_USQuals_angle,1,690,CAPTURE,14500,26000,206,20,19,257,15,3,12,233,108,1,278,178,136,97,46.6
gauntlet/20261001-155948-scrim-b12/losses/andli28.v9_USQuals_angle__Joker__botB.bc24,andli28.v9_USQuals_angle,1,B,b12,0,690,CAPTURE,14500,16300,202,31,21,221,1,0,1,5,2,12,227,218,97,136,45.3
gauntlet/20261001-155948-scrim-b12/losses/andrewgopher.player22__StackGame__botB.bc24,andrewgopher.player22,0,A,player22,1,444,CAPTURE,4600,5600,201,21,35,218,10,3,4,124,57,0,98,96,81,107,44.4
gauntlet/20261001-155948-scrim-b12/losses/andrewgopher.player22__StackGame__botB.bc24,andrewgopher.player22,1,B,b12,0,444,CAPTURE,3600,3600,275,0,2,0,0,0,0,0,0,4,82,74,107,81,45.5
gauntlet/20261001-155948-scrim-b12/losses/andrewgopher.player22__ORV__botA.bc24,andrewgopher.player22,1,A,b12,0,565,CAPTURE,2800,3400,206,0,0,329,1,0,1,23,11,0,88,80,137,167,42.9
gauntlet/20261001-155948-scrim-b12/losses/andrewgopher.player22__ORV__botA.bc24,andrewgopher.player22,0,B,player22,1,565,CAPTURE,3200,7400,204,21,34,218,6,3,0,159,78,1,138,100,167,137,44.3
gauntlet/20261001-155948-scrim-b12/losses/andli28.v9_USQuals_angle__Valentine__botA.bc24,andli28.v9_USQuals_angle,1,A,b12,0,2000,MORE_FLAG_CAPTURES,1800,3300,214,9,13,316,3,0,3,17,5,9,226,208,320,509,43.8
gauntlet/20261001-155948-scrim-b12/losses/andli28.v9_USQuals_angle__Valentine__botA.bc24,andli28.v9_USQuals_angle,0,B,v9_USQuals_angle,1,2000,MORE_FLAG_CAPTURES,1800,5100,211,30,31,227,11,2,9,185,89,3,546,506,509,320,46.1
gauntlet/20261001-155948-scrim-b12/losses/andrewgopher.player22__Digging__botB.bc24,andrewgopher.player22,0,A,player22,1,1414,CAPTURE,700,2800,207,33,36,237,9,3,3,149,70,0,330,298,841,616,39.3
gauntlet/20261001-155948-scrim-b12/losses/andrewgopher.player22__Digging__botB.bc24,andrewgopher.player22,1,B,b12,0,1414,CAPTURE,700,1800,299,0,0,373,0,0,0,0,0,3,159,158,616,841,35.6
gauntlet/20261001-155948-scrim-b12/losses/andrewgopher.player22__Mountain__botA.bc24,andrewgopher.player22,1,A,b12,0,2000,MORE_FLAG_CAPTURES,4100,5000,204,5,4,279,0,0,0,0,0,6,252,238,795,560,43.1
gauntlet/20261001-155948-scrim-b12/losses/andrewgopher.player22__Mountain__botA.bc24,andrewgopher.player22,0,B,player22,1,2000,MORE_FLAG_CAPTURES,4100,6200,201,23,28,204,10,1,6,106,48,0,133,126,560,795,40.3
gauntlet/20261001-155948-scrim-b12/losses/chenyx512.flagbot_final__AceOfSpades__botB.bc24,chenyx512.flagbot_final,0,A,flagbot_final,1,501,CAPTURE,1800,17400,205,15,12,232,10,3,4,748,293,9,285,199,118,25,48.5
gauntlet/20261001-155948-scrim-b12/losses/chenyx512.flagbot_final__AceOfSpades__botB.bc24,chenyx512.flagbot_final,1,B,b12,0,501,CAPTURE,1800,4200,202,36,25,234,10,1,9,136,61,4,90,85,25,118,44.3
gauntlet/20261001-155948-scrim-b12/losses/chenyx512.flagbot_final__Skyline__botB.bc24,chenyx512.flagbot_final,0,A,flagbot_final,1,521,CAPTURE,21600,34700,202,41,22,227,14,3,8,737,313,4,276,192,143,14,49.2
gauntlet/20261001-155948-scrim-b12/losses/chenyx512.flagbot_final__Skyline__botB.bc24,chenyx512.flagbot_final,1,B,b12,0,521,CAPTURE,8100,8500,201,23,18,208,5,1,4,165,78,8,130,127,14,143,43.6
gauntlet/20261001-155948-scrim-b12/losses/andrewgopher.player22__TwistedTreeline__botB.bc24,andrewgopher.player22,0,A,player22,1,2000,LEVEL_SUM,2400,2400,202,44,33,242,3,0,0,3,0,0,398,384,686,706,41.4
gauntlet/20261001-155948-scrim-b12/losses/andrewgopher.player22__TwistedTreeline__botB.bc24,andrewgopher.player22,1,B,b12,0,2000,LEVEL_SUM,2400,2400,240,3,1,333,0,0,0,0,0,0,220,193,706,686,41.7
gauntlet/20261001-155948-scrim-b12/losses/chenyx512.flagbot_final__Racetrack__botA.bc24,chenyx512.flagbot_final,1,A,b12,0,1301,CAPTURE,0,0,204,17,15,662,6,0,6,77,34,27,93,92,182,553,39.8
gauntlet/20261001-155948-scrim-b12/losses/chenyx512.flagbot_final__Racetrack__botA.bc24,chenyx512.flagbot_final,0,B,flagbot_final,1,1301,CAPTURE,0,0,217,0,9,435,33,3,27,972,308,6,161,113,553,182,46.5
gauntlet/20261001-155948-scrim-b12/losses/chenyx512.flagbot_final__Swoop__botA.bc24,chenyx512.flagbot_final,1,A,b12,0,507,CAPTURE,4300,4300,201,34,29,220,19,0,19,175,75,3,89,76,17,82,46.1
gauntlet/20261001-155948-scrim-b12/losses/chenyx512.flagbot_final__Swoop__botA.bc24,chenyx512.flagbot_final,0,B,flagbot_final,1,507,CAPTURE,4300,4300,201,21,18,238,9,3,3,769,327,19,65,52,82,17,49.0
gauntlet/20261001-155948-scrim-b12/losses/chenyx512.flagbot_final__Divergent__botB.bc24,chenyx512.flagbot_final,0,A,flagbot_final,1,2000,MORE_FLAG_CAPTURES,3700,3700,209,2,26,265,40,2,35,1063,457,1,577,487,746,193,47.6
gauntlet/20261001-155948-scrim-b12/losses/chenyx512.flagbot_final__Divergent__botB.bc24,chenyx512.flagbot_final,1,B,b12,0,2000,MORE_FLAG_CAPTURES,3700,3700,203,11,3,272,1,0,1,38,19,35,236,213,193,746,40.9
gauntlet/20261001-155948-scrim-b12/losses/clbarrell.duck8__AceOfSpades__botB.bc24,clbarrell.duck8,0,A,duck8,1,616,CAPTURE,1800,18000,205,16,10,229,13,3,10,189,83,4,246,190,105,139,44.7
gauntlet/20261001-155948-scrim-b12/losses/clbarrell.duck8__AceOfSpades__botB.bc24,clbarrell.duck8,1,B,b12,0,616,CAPTURE,1800,3600,202,25,14,210,5,1,4,68,29,10,95,80,139,105,45.8
gauntlet/20261001-155948-scrim-b12/losses/dmtrung14.defaultplayer_intlqualifier__KingQuacksCastle__botB.bc24,dmtrung14.defaultplayer_intlqualifier,0,A,defaultplayer_intlqualifier,1,448,CAPTURE,1600,5800,204,19,33,226,42,3,7,364,64,3,56,47,25,82,45.3
gauntlet/20261001-155948-scrim-b12/losses/dmtrung14.defaultplayer_intlqualifier__KingQuacksCastle__botB.bc24,dmtrung14.defaultplayer_intlqualifier,1,B,b12,0,448,CAPTURE,1000,2200,205,5,18,275,4,0,3,137,67,7,36,31,82,25,48.7
gauntlet/20261001-155948-scrim-b12/losses/hsmalladi.finalbot__AceOfSpades__botA.bc24,hsmalladi.finalbot,1,A,b12,0,349,CAPTURE,1800,2700,202,16,15,267,1,0,1,12,5,10,60,52,29,63,45.7
gauntlet/20261001-155948-scrim-b12/losses/hsmalladi.finalbot__AceOfSpades__botA.bc24,hsmalladi.finalbot,0,B,finalbot,1,349,CAPTURE,1800,18900,206,35,33,228,19,3,10,786,170,1,227,188,63,29,47.9
gauntlet/20261001-155948-scrim-b12/losses/chenyx512.flagbot_final__Tunnels__botB.bc24,chenyx512.flagbot_final,0,A,flagbot_final,1,2000,MORE_FLAG_CAPTURES,2400,4200,203,12,7,467,19,1,14,726,295,0,409,333,373,400,45.1
gauntlet/20261001-155948-scrim-b12/losses/chenyx512.flagbot_final__Tunnels__botB.bc24,chenyx512.flagbot_final,1,B,b12,0,2000,MORE_FLAG_CAPTURES,2400,2400,383,0,0,0,0,0,0,0,0,14,221,209,400,373,45.5
gauntlet/20261001-155948-scrim-b12/losses/clbarrell.duck8__GaltonBoard__botB.bc24,clbarrell.duck8,0,A,duck8,1,2000,MORE_FLAG_CAPTURES,0,37200,201,14,29,247,8,1,7,40,16,0,538,444,547,1094,36.7
gauntlet/20261001-155948-scrim-b12/losses/clbarrell.duck8__GaltonBoard__botB.bc24,clbarrell.duck8,1,B,b12,0,2000,MORE_FLAG_CAPTURES,0,600,203,11,0,245,0,0,0,0,0,7,219,205,1094,547,43.3
gauntlet/20261001-155948-scrim-b12/losses/hsmalladi.finalbot__Fountain__botB.bc24,hsmalladi.finalbot,0,A,finalbot,1,1410,CAPTURE,1300,2300,220,12,13,660,18,3,9,722,222,4,131,129,199,330,44.3
gauntlet/20261001-155948-scrim-b12/losses/hsmalladi.finalbot__Fountain__botB.bc24,hsmalladi.finalbot,1,B,b12,0,1410,CAPTURE,1700,3100,208,13,18,320,6,2,4,257,114,9,153,126,330,199,46.6
gauntlet/20261001-155948-scrim-b12/losses/hsmalladi.finalbot__WheresMyWater__botA.bc24,hsmalladi.finalbot,1,A,b12,0,606,CAPTURE,3000,3600,201,2,1,201,1,1,0,16,8,22,94,86,172,114,45.6
gauntlet/20261001-155948-scrim-b12/losses/hsmalladi.finalbot__WheresMyWater__botA.bc24,hsmalladi.finalbot,0,B,finalbot,1,606,CAPTURE,3000,5700,201,36,22,201,35,3,22,746,170,0,87,81,114,172,43.3
gauntlet/20261001-155948-scrim-b12/losses/hsmalladi.finalbot__ORV__botB.bc24,hsmalladi.finalbot,0,A,finalbot,1,788,CAPTURE,3200,6600,207,38,24,238,67,3,39,976,232,2,124,115,184,194,44.0
gauntlet/20261001-155948-scrim-b12/losses/hsmalladi.finalbot__ORV__botB.bc24,hsmalladi.finalbot,1,B,b12,0,788,CAPTURE,2700,4200,204,24,16,234,3,1,2,206,101,39,127,106,194,184,44.4
gauntlet/20261001-155948-scrim-b12/losses/hsmalladi.finalbot__HeMustBeFreed__botB.bc24,hsmalladi.finalbot,0,A,finalbot,1,1962,CAPTURE,5900,15300,201,45,44,373,88,3,65,1565,466,8,305,293,312,323,46.0
gauntlet/20261001-155948-scrim-b12/losses/hsmalladi.finalbot__HeMustBeFreed__botB.bc24,hsmalladi.finalbot,1,B,b12,0,1962,CAPTURE,1400,2400,508,0,0,586,9,1,8,923,480,65,193,161,323,312,46.2
gauntlet/20261001-155948-scrim-b12/losses/jmerle.camel_case_v21_final__Battlecode24__botA.bc24,jmerle.camel_case_v21_final,1,A,b12,0,954,CAPTURE,11200,13700,203,4,2,237,1,0,1,14,7,6,222,213,338,388,40.1
gauntlet/20261001-155948-scrim-b12/losses/jmerle.camel_case_v21_final__Battlecode24__botA.bc24,jmerle.camel_case_v21_final,0,B,camel_case_v21_final,1,954,CAPTURE,9600,27700,202,28,31,217,9,3,6,187,89,1,458,432,388,338,41.4
gauntlet/20261001-155948-scrim-b12/losses/hsmalladi.finalbot__WheresMyWater__botB.bc24,hsmalladi.finalbot,0,A,finalbot,1,1105,CAPTURE,3000,5100,201,9,10,211,56,3,37,835,205,5,131,120,301,403,41.1
gauntlet/20261001-155948-scrim-b12/losses/hsmalladi.finalbot__WheresMyWater__botB.bc24,hsmalladi.finalbot,1,B,b12,0,1105,CAPTURE,3000,4200,201,1,6,431,5,0,5,93,34,37,199,186,403,301,43.5
gauntlet/20261001-155948-scrim-b12/losses/jmerle.camel_case_v21_final__StackGame__botA.bc24,jmerle.camel_case_v21_final,1,A,b12,0,403,CAPTURE,3200,3200,260,0,0,0,0,0,0,0,0,6,70,62,86,95,44.2
gauntlet/20261001-155948-scrim-b12/losses/jmerle.camel_case_v21_final__StackGame__botA.bc24,jmerle.camel_case_v21_final,0,B,camel_case_v21_final,1,403,CAPTURE,4600,6000,201,40,38,215,9,3,6,120,57,0,114,96,95,86,45.1
gauntlet/20261001-155948-scrim-b12/losses/jmerle.camel_case_v21_final__Fountain__botA.bc24,jmerle.camel_case_v21_final,1,A,b12,0,443,CAPTURE,1700,2700,211,1,0,267,2,0,2,43,20,4,56,46,121,66,46.8
gauntlet/20261001-155948-scrim-b12/losses/jmerle.camel_case_v21_final__Fountain__botA.bc24,jmerle.camel_case_v21_final,0,B,camel_case_v21_final,1,443,CAPTURE,1300,2300,212,30,11,230,7,3,4,154,73,2,27,27,66,121,43.6
gauntlet/20261001-155948-scrim-b12/losses/jmerle.camel_case_v21_final__Swoop__botA.bc24,jmerle.camel_case_v21_final,1,A,b12,0,483,CAPTURE,4300,4300,201,25,18,260,4,0,4,34,13,12,90,87,129,112,44.6
gauntlet/20261001-155948-scrim-b12/losses/jmerle.camel_case_v21_final__Swoop__botA.bc24,jmerle.camel_case_v21_final,0,B,camel_case_v21_final,1,483,CAPTURE,4300,4300,201,29,19,239,15,3,12,217,100,4,92,91,112,129,43.8
gauntlet/20261001-155948-scrim-b12/losses/jmerle.camel_case_v21_final__Canals__botA.bc24,jmerle.camel_case_v21_final,1,A,b12,0,767,CAPTURE,4600,4600,538,0,0,0,0,0,0,0,0,11,117,112,259,248,42.1
gauntlet/20261001-155948-scrim-b12/losses/jmerle.camel_case_v21_final__Canals__botA.bc24,jmerle.camel_case_v21_final,0,B,camel_case_v21_final,1,767,CAPTURE,4600,6100,202,45,36,255,14,3,11,289,141,0,195,195,248,259,41.9
gauntlet/20261001-155948-scrim-b12/losses/kyleezz.jeeryfix3__Backslash__botB.bc24,kyleezz.jeeryfix3,0,A,jeeryfix3,1,587,CAPTURE,4700,24100,201,28,26,240,7,3,4,172,86,1,229,184,149,178,43.0
gauntlet/20261001-155948-scrim-b12/losses/kyleezz.jeeryfix3__Backslash__botB.bc24,kyleezz.jeeryfix3,1,B,b12,0,587,CAPTURE,0,4300,201,3,3,264,1,0,1,3,1,4,73,67,178,149,43.8
gauntlet/20261001-155948-scrim-b12/losses/jmerle.camel_case_v21_final__YearOfTheDragon__botA.bc24,jmerle.camel_case_v21_final,1,A,b12,0,734,CAPTURE,10800,10800,201,10,4,249,9,1,8,121,53,9,178,168,214,190,43.7
gauntlet/20261001-155948-scrim-b12/losses/jmerle.camel_case_v21_final__YearOfTheDragon__botA.bc24,jmerle.camel_case_v21_final,0,B,camel_case_v21_final,1,734,CAPTURE,10800,10800,201,20,11,217,12,3,9,210,98,8,217,216,190,214,43.0
gauntlet/20261001-155948-scrim-b12/losses/quesswho.cretplayer2_3__AceOfSpades__botA.bc24,quesswho.cretplayer2_3,1,A,b12,0,725,CAPTURE,1800,5100,202,29,27,214,14,1,12,321,139,8,133,122,134,172,44.4
gauntlet/20261001-155948-scrim-b12/losses/quesswho.cretplayer2_3__AceOfSpades__botA.bc24,quesswho.cretplayer2_3,0,B,cretplayer2_3,1,725,CAPTURE,1800,16500,202,29,4,235,14,3,8,1002,186,12,236,231,172,134,45.0
gauntlet/20261001-155948-scrim-b12/losses/kyleezz.jeeryfix3__Fusbol__botB.bc24,kyleezz.jeeryfix3,0,A,jeeryfix3,1,2000,MORE_FLAG_CAPTURES,7200,16500,202,50,49,223,5,1,4,103,74,0,195,142,1519,182,47.8
gauntlet/20261001-155948-scrim-b12/losses/kyleezz.jeeryfix3__Fusbol__botB.bc24,kyleezz.jeeryfix3,1,B,b12,0,2000,MORE_FLAG_CAPTURES,0,0,1467,0,0,1505,0,0,0,0,0,4,223,142,182,1519,26.3
gauntlet/20261001-155948-scrim-b12/losses/quesswho.cretplayer2_3__Checkered__botA.bc24,quesswho.cretplayer2_3,1,A,b12,0,474,CAPTURE,4800,4800,201,27,9,212,3,2,0,247,111,1,84,70,50,34,48.2
gauntlet/20261001-155948-scrim-b12/losses/quesswho.cretplayer2_3__Checkered__botA.bc24,quesswho.cretplayer2_3,0,B,cretplayer2_3,1,474,CAPTURE,4800,4800,201,28,7,210,7,3,1,801,95,0,85,83,34,50,46.5
gauntlet/20261001-155948-scrim-b12/losses/kyleezz.jeeryfix3__Fusbol__botA.bc24,kyleezz.jeeryfix3,1,A,b12,0,2000,LEVEL_SUM,0,0,0,0,0,0,0,0,0,0,0,0,27,0,22,1611,25.0
gauntlet/20261001-155948-scrim-b12/losses/kyleezz.jeeryfix3__Fusbol__botA.bc24,kyleezz.jeeryfix3,0,B,jeeryfix3,1,2000,LEVEL_SUM,7200,16800,202,50,50,224,0,0,0,0,0,0,17,0,1611,22,49.7
gauntlet/20261001-155948-scrim-b12/losses/kyleezz.jeeryfix3__Klein__botB.bc24,kyleezz.jeeryfix3,0,A,jeeryfix3,1,2000,MORE_FLAG_CAPTURES,6300,11600,203,25,14,218,16,2,14,126,55,5,247,242,393,1220,35.1
gauntlet/20261001-155948-scrim-b12/losses/kyleezz.jeeryfix3__Klein__botB.bc24,kyleezz.jeeryfix3,1,B,b12,0,2000,MORE_FLAG_CAPTURES,1400,1400,208,15,17,268,6,1,5,34,12,14,382,323,1220,393,45.2
gauntlet/20261001-155948-scrim-b12/losses/quesswho.cretplayer2_3__ORV__botA.bc24,quesswho.cretplayer2_3,1,A,b12,0,2000,MORE_FLAG_CAPTURES,2700,5100,214,15,26,243,14,0,13,409,186,31,309,267,1318,445,44.6
gauntlet/20261001-155948-scrim-b12/losses/quesswho.cretplayer2_3__ORV__botA.bc24,quesswho.cretplayer2_3,0,B,cretplayer2_3,1,2000,MORE_FLAG_CAPTURES,3200,5700,205,20,19,244,36,2,31,1214,277,13,296,284,445,1318,33.8
gauntlet/20261001-155948-scrim-b12/losses/winkelmantanner.waffle__Puzzle__botA.bc24,winkelmantanner.waffle,1,A,b12,0,704,CAPTURE,0,9600,209,30,26,244,7,1,6,396,186,14,185,171,212,93,46.9
gauntlet/20261001-155948-scrim-b12/losses/winkelmantanner.waffle__Puzzle__botA.bc24,winkelmantanner.waffle,0,B,waffle,1,704,CAPTURE,0,10900,209,27,30,257,17,3,14,515,242,6,188,170,93,212,42.7
gauntlet/20261001-155948-scrim-b12/losses/quesswho.cretplayer2_3__Waterworld__botB.bc24,quesswho.cretplayer2_3,0,A,cretplayer2_3,1,991,CAPTURE,13900,18100,205,41,45,233,26,3,20,1217,283,14,176,166,356,244,43.6
gauntlet/20261001-155948-scrim-b12/losses/quesswho.cretplayer2_3__Waterworld__botB.bc24,quesswho.cretplayer2_3,1,B,b12,0,991,CAPTURE,3300,4900,242,1,14,289,16,2,14,285,131,20,127,94,244,356,41.2
gauntlet/20261001-155948-scrim-b12/losses/winkelmantanner.waffle__Islands__botB.bc24,winkelmantanner.waffle,0,A,waffle,1,725,CAPTURE,5800,6500,201,24,18,250,31,3,28,178,76,3,135,124,117,223,42.6
gauntlet/20261001-155948-scrim-b12/losses/winkelmantanner.waffle__Islands__botB.bc24,winkelmantanner.waffle,1,B,b12,0,725,CAPTURE,4400,4400,201,8,12,236,4,1,3,83,38,28,117,109,223,117,46.0
gauntlet/20261001-155948-scrim-b12/losses/winkelmantanner.waffle__Tunnels__botB.bc24,winkelmantanner.waffle,0,A,waffle,1,660,CAPTURE,2400,4200,203,8,14,324,15,3,12,163,71,0,103,94,74,204,42.6
gauntlet/20261001-155948-scrim-b12/losses/winkelmantanner.waffle__Tunnels__botB.bc24,winkelmantanner.waffle,1,B,b12,0,660,CAPTURE,2400,2400,413,0,0,413,0,0,0,0,0,12,84,80,204,74,47.3
gauntlet/20261001-155948-scrim-b12/losses/winkelmantanner.waffle__Mountain__botB.bc24,winkelmantanner.waffle,0,A,waffle,1,2000,MORE_FLAG_CAPTURES,4100,5300,208,8,18,209,16,2,14,145,64,1,259,252,458,1042,37.3
gauntlet/20261001-155948-scrim-b12/losses/winkelmantanner.waffle__Mountain__botB.bc24,winkelmantanner.waffle,1,B,b12,0,2000,MORE_FLAG_CAPTURES,4100,5900,203,7,6,250,2,1,1,12,10,14,293,285,1042,458,44.5
gauntlet/20261001-155948-scrim-b12/replays/SampleProvider.TSPAARKSPRINT1__Foxes__botB.bc24,SampleProvider.TSPAARKSPRINT1,0,A,TSPAARKSPRINT1,0,880,CAPTURE,7500,7500,212,1,31,283,28,2,22,1098,406,10,66,62,93,242,43.4
gauntlet/20261001-155948-scrim-b12/replays/SampleProvider.TSPAARKSPRINT1__Foxes__botB.bc24,SampleProvider.TSPAARKSPRINT1,1,B,b12,1,880,CAPTURE,7500,7500,202,37,24,215,13,3,10,482,237,22,210,150,242,93,47.4
gauntlet/20261001-155948-scrim-b12/replays/ColtG5.Goob_final__SteamboatMickey__botB.bc24,ColtG5.Goob_final,0,A,Goob_final,0,2000,LEVEL_SUM,7300,18400,201,1,23,201,11,2,9,212,100,0,475,465,452,1209,35.3
gauntlet/20261001-155948-scrim-b12/replays/ColtG5.Goob_final__SteamboatMickey__botB.bc24,ColtG5.Goob_final,1,B,b12,1,2000,LEVEL_SUM,7300,8200,201,32,31,201,2,2,0,112,82,9,366,352,1209,452,44.5
gauntlet/20261001-155948-scrim-b12/replays/ColtG5.Goob_final__Swoop__botB.bc24,ColtG5.Goob_final,0,A,Goob_final,0,1896,CAPTURE,4300,4300,201,24,13,221,19,2,17,158,69,2,285,281,472,1264,33.7
gauntlet/20261001-155948-scrim-b12/replays/ColtG5.Goob_final__Swoop__botB.bc24,ColtG5.Goob_final,1,B,b12,1,1896,CAPTURE,4300,4300,201,15,8,220,5,3,2,159,90,17,329,282,1264,472,44.0
gauntlet/20261001-155948-scrim-b12/replays/IvanGeffner.kuma__EndAround__botA.bc24,IvanGeffner.kuma,1,A,b12,1,2000,LEVEL_SUM,1500,3400,206,2,0,781,0,0,0,0,0,19,229,201,401,455,44.4
gauntlet/20261001-155948-scrim-b12/replays/IvanGeffner.kuma__EndAround__botA.bc24,IvanGeffner.kuma,0,B,kuma,0,2000,LEVEL_SUM,2500,7300,202,3,27,370,45,0,19,89,37,0,549,514,455,401,45.1
gauntlet/20261001-155948-scrim-b12/replays/SampleProvider.TSPAARKSPRINT1__QuestionableChess__botB.bc24,SampleProvider.TSPAARKSPRINT1,0,A,TSPAARKSPRINT1,0,1092,CAPTURE,0,0,201,9,15,271,13,0,10,434,129,37,21,21,101,351,42.1
gauntlet/20261001-155948-scrim-b12/replays/SampleProvider.TSPAARKSPRINT1__QuestionableChess__botB.bc24,SampleProvider.TSPAARKSPRINT1,1,B,b12,1,1092,CAPTURE,0,0,203,19,14,221,40,3,37,678,317,10,156,118,351,101,47.7
gauntlet/20261001-155948-scrim-b12/replays/SampleProvider.TSPAARKSPRINT1__Waterworld__botA.bc24,SampleProvider.TSPAARKSPRINT1,1,A,b12,1,1549,CAPTURE,3300,4900,264,0,17,290,48,3,45,1030,491,17,394,307,946,147,47.7
gauntlet/20261001-155948-scrim-b12/replays/SampleProvider.TSPAARKSPRINT1__Waterworld__botA.bc24,SampleProvider.TSPAARKSPRINT1,0,B,TSPAARKSPRINT1,0,1549,CAPTURE,13900,18100,203,36,40,314,21,1,17,526,149,45,73,73,147,946,35.3
gauntlet/20261001-155948-scrim-b12/replays/SampleProvider.TSPAARKSPRINT1__WheresMyWater__botA.bc24,SampleProvider.TSPAARKSPRINT1,1,A,b12,1,1321,CAPTURE,3000,5400,201,16,39,228,24,3,21,497,229,40,229,217,619,94,48.2
gauntlet/20261001-155948-scrim-b12/replays/SampleProvider.TSPAARKSPRINT1__WheresMyWater__botA.bc24,SampleProvider.TSPAARKSPRINT1,0,B,TSPAARKSPRINT1,0,1321,CAPTURE,3000,3900,201,13,0,201,44,1,40,797,275,21,42,42,94,619,38.7
gauntlet/20261001-155948-scrim-b12/replays/awu7.ExplosiveBot__BedWars__botA.bc24,awu7.ExplosiveBot,1,A,b12,1,991,CAPTURE,2400,2600,211,4,5,502,5,3,2,311,150,10,78,65,259,44,48.9
gauntlet/20261001-155948-scrim-b12/replays/awu7.ExplosiveBot__BedWars__botA.bc24,awu7.ExplosiveBot,0,B,ExplosiveBot,0,991,CAPTURE,2400,2800,245,1,0,540,20,2,10,62,17,2,23,21,44,259,43.9
gauntlet/20261001-155948-scrim-b12/replays/andli28.v9_USQuals_angle__HeMustBeFreed__botB.bc24,andli28.v9_USQuals_angle,0,A,v9_USQuals_angle,0,2000,MORE_FLAG_CAPTURES,2600,15500,201,24,26,307,2,1,1,123,57,8,62,58,87,120,48.5
gauntlet/20261001-155948-scrim-b12/replays/andli28.v9_USQuals_angle__HeMustBeFreed__botB.bc24,andli28.v9_USQuals_angle,1,B,b12,1,2000,MORE_FLAG_CAPTURES,1400,5900,273,0,3,494,10,2,8,785,389,1,192,67,120,87,48.9
gauntlet/20261001-155948-scrim-b12/replays/awu7.ExplosiveBot__BedWars__botB.bc24,awu7.ExplosiveBot,0,A,ExplosiveBot,0,932,CAPTURE,2400,4400,217,1,1,311,17,1,7,69,18,5,21,20,34,237,44.1
gauntlet/20261001-155948-scrim-b12/replays/awu7.ExplosiveBot__BedWars__botB.bc24,awu7.ExplosiveBot,1,B,b12,1,932,CAPTURE,2400,3600,219,1,3,370,8,3,5,258,126,7,63,43,237,34,49.1
gauntlet/20261001-155948-scrim-b12/replays/andrewgopher.player22__Diagonal__botA.bc24,andrewgopher.player22,1,A,b12,1,2000,LEVEL_SUM,3900,3900,201,15,26,232,21,0,21,234,108,0,250,189,224,204,47.5
gauntlet/20261001-155948-scrim-b12/replays/andrewgopher.player22__Diagonal__botA.bc24,andrewgopher.player22,0,B,player22,0,2000,LEVEL_SUM,5100,5900,201,22,36,326,3,0,0,3,0,21,227,209,204,224,47.3
gauntlet/20261001-155948-scrim-b12/replays/awu7.ExplosiveBot__DefaultLarge__botB.bc24,awu7.ExplosiveBot,0,A,ExplosiveBot,0,1162,CAPTURE,1800,5200,203,0,21,306,25,0,17,149,64,11,81,66,105,758,34.2
gauntlet/20261001-155948-scrim-b12/replays/awu7.ExplosiveBot__DefaultLarge__botB.bc24,awu7.ExplosiveBot,1,B,b12,1,1162,CAPTURE,1800,3900,203,36,28,290,14,3,11,596,284,17,339,270,758,105,47.8
gauntlet/20261001-155948-scrim-b12/replays/awu7.ExplosiveBot__Diagonal__botA.bc24,awu7.ExplosiveBot,1,A,b12,1,2000,MORE_FLAG_CAPTURES,3900,3900,201,23,30,274,12,1,11,353,175,1,436,324,854,138,48.3
gauntlet/20261001-155948-scrim-b12/replays/awu7.ExplosiveBot__Diagonal__botA.bc24,awu7.ExplosiveBot,0,B,ExplosiveBot,0,2000,MORE_FLAG_CAPTURES,5100,5900,201,17,13,291,1,0,1,1,0,11,103,100,138,854,39.7
gauntlet/20261001-155948-scrim-b12/replays/awu7.ExplosiveBot__Randy__botB.bc24,awu7.ExplosiveBot,0,A,ExplosiveBot,0,1854,CAPTURE,3400,12000,201,8,5,207,62,0,33,329,124,23,180,172,260,1345,32.4
gauntlet/20261001-155948-scrim-b12/replays/awu7.ExplosiveBot__Randy__botB.bc24,awu7.ExplosiveBot,1,B,b12,1,1854,CAPTURE,3400,3400,201,29,21,211,26,3,23,515,250,33,433,403,1345,260,46.6
gauntlet/20261001-155948-scrim-b12/replays/awu7.ExplosiveBot__OceanFloor__botA.bc24,awu7.ExplosiveBot,1,A,b12,1,1290,CAPTURE,1400,1400,201,26,35,230,14,3,11,904,427,25,358,275,869,102,48.0
gauntlet/20261001-155948-scrim-b12/replays/awu7.ExplosiveBot__OceanFloor__botA.bc24,awu7.ExplosiveBot,0,B,ExplosiveBot,0,1290,CAPTURE,1400,1400,201,16,4,217,45,1,25,184,72,11,92,80,102,869,33.8
gauntlet/20261001-155948-scrim-b12/replays/clbarrell.duck8__Pancakes__botB.bc24,clbarrell.duck8,0,A,duck8,0,423,CAPTURE,0,6300,207,13,0,233,7,1,6,61,28,0,99,85,22,83,45.4
gauntlet/20261001-155948-scrim-b12/replays/clbarrell.duck8__Pancakes__botB.bc24,clbarrell.duck8,1,B,b12,1,423,CAPTURE,0,2800,206,27,35,223,3,3,0,189,86,6,69,58,83,22,48.8
gauntlet/20261001-155948-scrim-b12/replays/clbarrell.duck8__OceanFloor__botB.bc24,clbarrell.duck8,0,A,duck8,0,1015,CAPTURE,1400,1400,201,17,12,297,21,1,18,207,88,2,121,107,138,295,42.9
gauntlet/20261001-155948-scrim-b12/replays/clbarrell.duck8__OceanFloor__botB.bc24,clbarrell.duck8,1,B,b12,1,1015,CAPTURE,1400,1400,201,17,32,215,5,3,2,316,150,18,163,137,295,138,46.7
gauntlet/20261001-155948-scrim-b12/replays/clbarrell.duck8__Foxes__botB.bc24,clbarrell.duck8,0,A,duck8,0,1853,CAPTURE,7500,7500,202,2,14,340,26,2,24,196,86,13,283,256,293,986,37.0
gauntlet/20261001-155948-scrim-b12/replays/clbarrell.duck8__Foxes__botB.bc24,clbarrell.duck8,1,B,b12,1,1853,CAPTURE,7500,7500,202,20,2,699,16,3,13,737,370,24,447,373,986,293,46.1
gauntlet/20261001-155948-scrim-b12/replays/clbarrell.duck8__QuestionableChess__botB.bc24,clbarrell.duck8,0,A,duck8,0,1528,CAPTURE,0,0,201,25,26,216,33,2,30,293,124,6,185,170,353,817,37.1
gauntlet/20261001-155948-scrim-b12/replays/clbarrell.duck8__QuestionableChess__botB.bc24,clbarrell.duck8,1,B,b12,1,1528,CAPTURE,0,0,215,1,0,608,9,3,6,346,162,30,218,160,817,353,44.4
gauntlet/20261001-155948-scrim-b12/replays/dmtrung14.defaultplayer_intlqualifier__BreadPudding__botA.bc24,dmtrung14.defaultplayer_intlqualifier,1,A,b12,1,2000,LEVEL_SUM,2000,2100,203,6,10,224,4,0,4,82,38,0,212,31,160,7,49.9
gauntlet/20261001-155948-scrim-b12/replays/dmtrung14.defaultplayer_intlqualifier__BreadPudding__botA.bc24,dmtrung14.defaultplayer_intlqualifier,0,B,defaultplayer_intlqualifier,0,2000,LEVEL_SUM,2600,3500,203,6,0,231,3,0,0,295,57,4,23,16,7,160,48.0
gauntlet/20261001-155948-scrim-b12/replays/dmtrung14.defaultplayer_intlqualifier__Battlecode24__botA.bc24,dmtrung14.defaultplayer_intlqualifier,1,A,b12,1,2000,MORE_FLAG_CAPTURES,11200,18600,203,36,35,245,8,2,5,2051,1089,3,768,415,1336,21,49.7
gauntlet/20261001-155948-scrim-b12/replays/dmtrung14.defaultplayer_intlqualifier__Battlecode24__botA.bc24,dmtrung14.defaultplayer_intlqualifier,0,B,defaultplayer_intlqualifier,0,2000,MORE_FLAG_CAPTURES,10300,20600,202,22,21,330,13,0,3,357,78,5,102,90,21,1336,32.9
gauntlet/20261001-155948-scrim-b12/replays/dmtrung14.defaultplayer_intlqualifier__DefaultLarge__botA.bc24,dmtrung14.defaultplayer_intlqualifier,1,A,b12,1,2000,MORE_FLAG_CAPTURES,1800,2900,202,28,28,248,22,2,20,873,417,14,258,167,487,57,49.3
gauntlet/20261001-155948-scrim-b12/replays/dmtrung14.defaultplayer_intlqualifier__DefaultLarge__botA.bc24,dmtrung14.defaultplayer_intlqualifier,0,B,defaultplayer_intlqualifier,0,2000,MORE_FLAG_CAPTURES,1800,6200,205,3,9,307,60,0,14,484,117,20,108,97,57,487,42.4
gauntlet/20261001-155948-scrim-b12/replays/dmtrung14.defaultplayer_intlqualifier__Diagonal__botB.bc24,dmtrung14.defaultplayer_intlqualifier,0,A,defaultplayer_intlqualifier,0,2000,LEVEL_SUM,4500,5700,201,21,30,518,9,0,6,300,13,0,66,46,18,129,48.4
gauntlet/20261001-155948-scrim-b12/replays/dmtrung14.defaultplayer_intlqualifier__Diagonal__botB.bc24,dmtrung14.defaultplayer_intlqualifier,1,B,b12,1,2000,LEVEL_SUM,3900,4300,201,23,24,270,0,0,0,0,0,6,215,118,129,18,49.8
gauntlet/20261001-155948-scrim-b12/replays/dmtrung14.defaultplayer_intlqualifier__QueenOfHearts__botA.bc24,dmtrung14.defaultplayer_intlqualifier,1,A,b12,1,2000,MORE_FLAG_CAPTURES,3500,3500,201,16,12,251,8,2,5,1094,606,17,365,255,798,58,49.3
gauntlet/20261001-155948-scrim-b12/replays/dmtrung14.defaultplayer_intlqualifier__QueenOfHearts__botA.bc24,dmtrung14.defaultplayer_intlqualifier,0,B,defaultplayer_intlqualifier,0,2000,MORE_FLAG_CAPTURES,3500,3500,201,19,15,216,51,1,17,546,111,5,87,86,58,798,34.5
gauntlet/20261001-155948-scrim-b12/replays/jonters.bling3__Backslash__botB.bc24,jonters.bling3,0,A,bling3,0,1615,CAPTURE,4700,21500,201,30,22,240,5,1,4,69,28,13,165,158,262,604,40.7
gauntlet/20261001-155948-scrim-b12/replays/jonters.bling3__Backslash__botB.bc24,jonters.bling3,1,B,b12,1,1615,CAPTURE,0,5300,201,12,7,215,16,3,13,252,121,4,231,205,604,262,46.0
gauntlet/20261001-155948-scrim-b12/replays/jonters.bling3__Bunkers__botA.bc24,jonters.bling3,1,A,b12,1,885,CAPTURE,2800,2800,201,23,31,215,12,3,9,356,170,9,215,199,471,99,47.3
gauntlet/20261001-155948-scrim-b12/replays/jonters.bling3__Bunkers__botA.bc24,jonters.bling3,0,B,bling3,0,885,CAPTURE,2800,2800,201,33,24,247,11,2,9,154,71,9,63,53,99,471,36.7
gauntlet/20261001-155948-scrim-b12/replays/jonters.bling3__Duck__botB.bc24,jonters.bling3,0,A,bling3,0,1227,CAPTURE,2900,2900,201,11,42,336,5,0,5,96,46,13,65,63,140,417,41.6
gauntlet/20261001-155948-scrim-b12/replays/jonters.bling3__Duck__botB.bc24,jonters.bling3,1,B,b12,1,1227,CAPTURE,2900,2900,201,18,23,223,16,3,13,576,284,5,197,147,417,140,47.2
gauntlet/20261001-155948-scrim-b12/replays/jonters.bling3__Snake__botB.bc24,jonters.bling3,0,A,bling3,0,2000,MORE_FLAG_CAPTURES,13100,29300,203,40,29,275,5,0,5,169,79,29,258,248,422,747,40.5
gauntlet/20261001-155948-scrim-b12/replays/jonters.bling3__Snake__botB.bc24,jonters.bling3,1,B,b12,1,2000,MORE_FLAG_CAPTURES,13100,22700,204,24,12,222,31,2,29,567,271,5,514,366,747,422,44.9
gauntlet/20261001-155948-scrim-b12/replays/jonters.bling3__Waterworld__botB.bc24,jonters.bling3,0,A,bling3,0,1185,CAPTURE,11200,15800,204,50,46,301,7,0,7,91,40,12,34,27,104,441,40.6
gauntlet/20261001-155948-scrim-b12/replays/jonters.bling3__Waterworld__botB.bc24,jonters.bling3,1,B,b12,1,1185,CAPTURE,3300,4800,651,0,0,683,15,3,12,468,227,7,180,157,441,104,47.9
gauntlet/20261001-155948-scrim-b12/replays/justinottesen.sprint1__Decision__botA.bc24,justinottesen.sprint1,1,A,b12,1,747,CAPTURE,1400,1400,203,26,38,252,11,3,8,667,329,3,151,110,310,18,49.4
gauntlet/20261001-155948-scrim-b12/replays/justinottesen.sprint1__Decision__botA.bc24,justinottesen.sprint1,0,B,sprint1,0,747,CAPTURE,1800,2000,202,13,16,392,4,1,3,188,92,8,11,11,18,310,40.0
gauntlet/20261001-155948-scrim-b12/replays/justinottesen.sprint1__Fountain__botA.bc24,justinottesen.sprint1,1,A,b12,1,579,CAPTURE,1700,3100,209,11,18,234,13,3,10,246,118,2,99,86,245,14,49.3
gauntlet/20261001-155948-scrim-b12/replays/justinottesen.sprint1__Fountain__botA.bc24,justinottesen.sprint1,0,B,sprint1,0,579,CAPTURE,900,1500,296,0,2,346,2,0,2,1,0,10,12,11,14,245,40.3
gauntlet/20261001-155948-scrim-b12/replays/jonters.bling3__Starfish__botA.bc24,jonters.bling3,1,A,b12,1,2000,MORE_FLAG_CAPTURES,4100,4100,212,13,8,212,21,2,19,189,94,8,340,285,650,113,48.6
gauntlet/20261001-155948-scrim-b12/replays/jonters.bling3__Starfish__botA.bc24,jonters.bling3,0,B,bling3,0,2000,MORE_FLAG_CAPTURES,4100,4200,201,2,4,201,9,1,8,65,24,19,56,36,113,650,41.8
gauntlet/20261001-155948-scrim-b12/replays/justinottesen.sprint1__OceanFloor__botB.bc24,justinottesen.sprint1,0,A,sprint1,0,835,CAPTURE,1200,1300,201,15,12,269,11,0,11,262,125,10,25,22,17,532,34.9
gauntlet/20261001-155948-scrim-b12/replays/justinottesen.sprint1__OceanFloor__botB.bc24,justinottesen.sprint1,1,B,b12,1,835,CAPTURE,1400,1400,201,39,31,229,13,3,10,681,327,11,241,209,532,17,49.5
gauntlet/20261001-155948-scrim-b12/replays/justinottesen.sprint1__StackGame__botB.bc24,justinottesen.sprint1,0,A,sprint1,0,658,CAPTURE,4600,5700,202,4,8,216,2,0,2,23,9,14,52,52,43,444,34.2
gauntlet/20261001-155948-scrim-b12/replays/justinottesen.sprint1__StackGame__botB.bc24,justinottesen.sprint1,1,B,b12,1,658,CAPTURE,3200,3500,202,4,15,257,17,3,14,193,89,2,156,122,444,43,48.3
gauntlet/20261001-155948-scrim-b12/replays/kyleezz.jeeryfix3__Intercontinental__botB.bc24,kyleezz.jeeryfix3,0,A,jeeryfix3,0,2000,LEVEL_SUM,2400,5400,201,23,23,0,0,0,0,0,0,0,11,0,0,0,50.0
gauntlet/20261001-155948-scrim-b12/replays/kyleezz.jeeryfix3__Intercontinental__botB.bc24,kyleezz.jeeryfix3,1,B,b12,1,2000,LEVEL_SUM,2400,2400,0,0,0,0,0,0,0,0,0,0,66,0,0,0,50.0
gauntlet/20261001-155948-scrim-b12/replays/quesswho.cretplayer2_3__BigDucksBigPond__botA.bc24,quesswho.cretplayer2_3,1,A,b12,1,1527,CAPTURE,1800,1800,201,42,45,244,26,3,23,992,434,33,272,229,837,275,45.6
gauntlet/20261001-155948-scrim-b12/replays/quesswho.cretplayer2_3__BigDucksBigPond__botA.bc24,quesswho.cretplayer2_3,0,B,cretplayer2_3,0,1527,CAPTURE,2300,11900,201,24,34,247,38,1,33,1000,195,23,227,214,275,837,36.4
gauntlet/20261001-155948-scrim-b12/replays/kyleezz.jeeryfix3__BedWars__botA.bc24,kyleezz.jeeryfix3,1,A,b12,1,2000,LEVEL_SUM,2400,2500,222,2,9,299,3,1,2,47,22,10,84,22,44,29,49.6
gauntlet/20261001-155948-scrim-b12/replays/kyleezz.jeeryfix3__BedWars__botA.bc24,kyleezz.jeeryfix3,0,B,jeeryfix3,0,2000,LEVEL_SUM,2400,4700,212,10,9,227,11,1,10,76,33,2,35,21,29,44,49.5
gauntlet/20261001-155948-scrim-b12/replays/quesswho.cretplayer2_3__Digging__botA.bc24,quesswho.cretplayer2_3,1,A,b12,1,1735,CAPTURE,500,1500,205,2,3,357,10,3,7,221,106,5,281,198,1581,225,46.8
gauntlet/20261001-155948-scrim-b12/replays/quesswho.cretplayer2_3__Digging__botA.bc24,quesswho.cretplayer2_3,0,B,cretplayer2_3,0,1735,CAPTURE,700,3000,211,23,17,262,9,1,5,646,24,7,194,190,225,1581,27.7
gauntlet/20261001-155948-scrim-b12/replays/winkelmantanner.waffle__Funnel__botB.bc24,winkelmantanner.waffle,0,A,waffle,0,2000,LEVEL_SUM,2200,4400,202,27,22,234,32,2,30,229,128,7,249,222,289,992,37.9
gauntlet/20261001-155948-scrim-b12/replays/winkelmantanner.waffle__Funnel__botB.bc24,winkelmantanner.waffle,1,B,b12,1,2000,LEVEL_SUM,2200,3500,201,6,1,429,9,2,7,357,172,30,445,360,992,289,46.5
gauntlet/20261001-155948-scrim-b12/replays/winkelmantanner.waffle__Soccer__botB.bc24,winkelmantanner.waffle,0,A,waffle,0,1493,CAPTURE,3000,3200,205,10,21,281,44,2,42,318,137,7,211,211,336,1000,33.7
gauntlet/20261001-155948-scrim-b12/replays/winkelmantanner.waffle__Soccer__botB.bc24,winkelmantanner.waffle,1,B,b12,1,1493,CAPTURE,3000,3000,265,0,6,300,10,3,7,320,149,42,329,273,1000,336,44.5
gauntlet/20261001-161311-scrim-b12/losses/ColtG5.Goob_final__BigDucksBigPond__botB.bc24,ColtG5.Goob_final,0,A,Goob_final,1,2000,MORE_FLAG_CAPTURES,5100,11900,201,30,6,224,5,1,4,121,59,1,369,338,460,1087,36.7
gauntlet/20261001-161311-scrim-b12/losses/ColtG5.Goob_final__BigDucksBigPond__botB.bc24,ColtG5.Goob_final,1,B,b12,0,2000,MORE_FLAG_CAPTURES,1800,2100,201,21,21,223,1,0,1,50,25,4,250,210,1087,460,44.5
gauntlet/20261001-161311-scrim-b12/losses/ColtG5.Goob_final__Tunnels__botA.bc24,ColtG5.Goob_final,1,A,b12,0,2000,MORE_FLAG_CAPTURES,2400,2400,337,0,0,337,0,0,0,0,0,9,223,190,743,364,45.6
gauntlet/20261001-161311-scrim-b12/losses/ColtG5.Goob_final__Tunnels__botA.bc24,ColtG5.Goob_final,0,B,Goob_final,1,2000,MORE_FLAG_CAPTURES,2400,4200,203,15,10,209,10,1,9,68,28,0,220,189,364,743,41.0
gauntlet/20261001-161311-scrim-b12/losses/ColtG5.Goob_final__Snake__botA.bc24,ColtG5.Goob_final,1,A,b12,0,2000,MORE_FLAG_CAPTURES,13000,18700,205,19,25,246,0,0,0,0,0,15,379,358,966,553,43.3
gauntlet/20261001-161311-scrim-b12/losses/ColtG5.Goob_final__Snake__botA.bc24,ColtG5.Goob_final,0,B,Goob_final,1,2000,MORE_FLAG_CAPTURES,13100,39400,205,24,15,256,16,1,15,103,44,0,522,480,553,966,38.2
gauntlet/20261001-161311-scrim-b12/losses/CyrilSharma.finalBot__AceOfSpades__botB.bc24,CyrilSharma.finalBot,0,A,finalBot,1,1056,CAPTURE,1800,17700,205,19,23,220,36,3,33,326,148,12,528,452,279,259,44.1
gauntlet/20261001-161311-scrim-b12/losses/CyrilSharma.finalBot__AceOfSpades__botB.bc24,CyrilSharma.finalBot,1,B,b12,0,1056,CAPTURE,1800,3900,202,21,7,372,12,0,12,198,92,33,152,146,259,279,43.6
gauntlet/20261001-161311-scrim-b12/losses/CyrilSharma.finalBot__BedWars__botB.bc24,CyrilSharma.finalBot,0,A,finalBot,1,2000,MORE_FLAG_CAPTURES,2400,4300,207,14,18,278,14,2,12,284,122,7,222,216,284,581,43.0
gauntlet/20261001-161311-scrim-b12/losses/CyrilSharma.finalBot__BedWars__botB.bc24,CyrilSharma.finalBot,1,B,b12,0,2000,MORE_FLAG_CAPTURES,2400,2500,230,4,9,252,7,0,7,60,25,12,184,156,581,284,46.5
gauntlet/20261001-161311-scrim-b12/losses/CyrilSharma.finalBot__DefaultLarge__botA.bc24,CyrilSharma.finalBot,1,A,b12,0,2000,MORE_FLAG_CAPTURES,1800,3100,202,20,21,287,9,0,9,130,60,18,252,233,537,527,43.6
gauntlet/20261001-161311-scrim-b12/losses/CyrilSharma.finalBot__DefaultLarge__botA.bc24,CyrilSharma.finalBot,0,B,finalBot,1,2000,MORE_FLAG_CAPTURES,1800,6000,202,8,33,294,20,2,18,497,242,9,542,528,527,537,43.4
gauntlet/20261001-161311-scrim-b12/losses/Gymhgy.v10official__DefaultMedium__botB.bc24,Gymhgy.v10official,0,A,v10official,1,674,CAPTURE,2900,5000,201,29,26,251,92,3,20,911,123,0,87,73,73,110,46.0
gauntlet/20261001-161311-scrim-b12/losses/Gymhgy.v10official__DefaultMedium__botB.bc24,Gymhgy.v10official,1,B,b12,0,674,CAPTURE,2900,2900,201,22,16,439,2,2,0,187,82,20,93,84,110,73,47.3
gauntlet/20261001-161311-scrim-b12/losses/CyrilSharma.finalBot__Fusbol__botA.bc24,CyrilSharma.finalBot,1,A,b12,0,2000,MORE_FLAG_CAPTURES,0,0,434,0,0,733,0,0,0,0,0,5,190,169,480,529,39.4
gauntlet/20261001-161311-scrim-b12/losses/CyrilSharma.finalBot__Fusbol__botA.bc24,CyrilSharma.finalBot,0,B,finalBot,1,2000,MORE_FLAG_CAPTURES,1800,18000,202,43,40,221,6,1,5,183,88,0,695,669,529,480,42.2
gauntlet/20261001-161311-scrim-b12/losses/CyrilSharma.finalBot__YearOfTheDragon__botA.bc24,CyrilSharma.finalBot,1,A,b12,0,2000,MORE_FLAG_CAPTURES,10800,10800,201,19,26,231,0,0,0,0,0,24,313,299,591,648,42.2
gauntlet/20261001-161311-scrim-b12/losses/CyrilSharma.finalBot__YearOfTheDragon__botA.bc24,CyrilSharma.finalBot,0,B,finalBot,1,2000,MORE_FLAG_CAPTURES,10800,10800,201,7,22,235,27,2,24,178,83,0,778,747,648,591,42.8
gauntlet/20261001-161311-scrim-b12/losses/CyrilSharma.finalBot__QuestionableChess__botB.bc24,CyrilSharma.finalBot,0,A,finalBot,1,2000,MORE_FLAG_CAPTURES,0,0,201,35,39,234,5,1,4,66,32,0,441,412,488,484,44.1
gauntlet/20261001-161311-scrim-b12/losses/CyrilSharma.finalBot__QuestionableChess__botB.bc24,CyrilSharma.finalBot,1,B,b12,0,2000,MORE_FLAG_CAPTURES,0,0,597,0,0,645,0,0,0,0,0,4,183,163,484,488,44.1
gauntlet/20261001-161311-scrim-b12/losses/Gymhgy.v10official__Starfish__botA.bc24,Gymhgy.v10official,1,A,b12,0,556,CAPTURE,4100,4100,217,1,6,201,0,0,0,0,0,11,82,76,107,34,48.6
gauntlet/20261001-161311-scrim-b12/losses/Gymhgy.v10official__Starfish__botA.bc24,Gymhgy.v10official,0,B,v10official,1,556,CAPTURE,4100,4200,201,12,17,201,30,3,11,639,266,0,10,8,34,107,45.6
gauntlet/20261001-161311-scrim-b12/losses/IvanGeffner.kuma__Alien__botA.bc24,IvanGeffner.kuma,1,A,b12,0,365,CAPTURE,3300,3300,203,7,5,289,0,0,0,0,0,5,70,62,25,48,47.0
gauntlet/20261001-161311-scrim-b12/losses/IvanGeffner.kuma__Alien__botA.bc24,IvanGeffner.kuma,0,B,kuma,1,365,CAPTURE,3300,3300,202,34,33,219,21,3,5,68,28,0,87,55,48,25,48.4
gauntlet/20261001-161311-scrim-b12/losses/Gymhgy.v10official__GravitationalWaves__botA.bc24,Gymhgy.v10official,1,A,b12,0,2000,MORE_FLAG_CAPTURES,3100,3100,201,22,19,0,0,0,0,0,0,16,225,154,302,150,48.2
gauntlet/20261001-161311-scrim-b12/losses/Gymhgy.v10official__GravitationalWaves__botA.bc24,Gymhgy.v10official,0,B,v10official,1,2000,MORE_FLAG_CAPTURES,3700,3700,201,32,31,201,35,1,16,673,127,0,230,165,150,302,46.3
gauntlet/20261001-161311-scrim-b12/losses/Gymhgy.v10official__Starfish__botB.bc24,Gymhgy.v10official,0,A,v10official,1,683,CAPTURE,4100,4100,201,14,20,203,58,3,18,697,146,0,43,37,128,160,44.3
gauntlet/20261001-161311-scrim-b12/losses/Gymhgy.v10official__Starfish__botB.bc24,Gymhgy.v10official,1,B,b12,0,683,CAPTURE,4100,4200,205,6,5,201,1,1,0,11,6,18,94,94,160,128,45.6
gauntlet/20261001-161311-scrim-b12/losses/Gymhgy.v10official__Diagonal__botA.bc24,Gymhgy.v10official,1,A,b12,0,2000,LEVEL_SUM,3900,3900,201,19,18,243,15,0,15,92,35,6,259,228,219,137,48.3
gauntlet/20261001-161311-scrim-b12/losses/Gymhgy.v10official__Diagonal__botA.bc24,Gymhgy.v10official,0,B,v10official,1,2000,LEVEL_SUM,5100,5900,201,28,27,222,11,0,6,637,37,15,279,162,137,219,47.4
gauntlet/20261001-161311-scrim-b12/losses/Gymhgy.v10official__HeMustBeFreed__botB.bc24,Gymhgy.v10official,0,A,v10official,1,2000,LEVEL_SUM,5900,13200,201,33,39,359,38,2,5,764,76,7,270,214,455,273,46.7
gauntlet/20261001-161311-scrim-b12/losses/Gymhgy.v10official__HeMustBeFreed__botB.bc24,Gymhgy.v10official,1,B,b12,0,2000,LEVEL_SUM,1400,2500,320,0,0,438,9,2,7,398,194,5,203,193,273,455,44.5
gauntlet/20261001-161311-scrim-b12/losses/IvanGeffner.kuma__Capacitance__botA.bc24,IvanGeffner.kuma,1,A,b12,0,1184,CAPTURE,3600,3600,201,14,17,206,0,0,0,0,0,29,158,152,270,326,43.4
gauntlet/20261001-161311-scrim-b12/losses/IvanGeffner.kuma__Capacitance__botA.bc24,IvanGeffner.kuma,0,B,kuma,1,1184,CAPTURE,3600,6400,201,27,28,204,89,3,29,290,121,0,301,286,326,270,44.6
gauntlet/20261001-161311-scrim-b12/losses/IvanGeffner.kuma__StackGame__botB.bc24,IvanGeffner.kuma,0,A,kuma,1,1502,CAPTURE,4600,5600,201,32,32,235,25,3,11,87,38,0,556,508,789,342,44.5
gauntlet/20261001-161311-scrim-b12/losses/IvanGeffner.kuma__StackGame__botB.bc24,IvanGeffner.kuma,1,B,b12,0,1502,CAPTURE,3200,3600,218,0,0,1073,0,0,0,0,0,11,191,184,342,789,37.3
gauntlet/20261001-161311-scrim-b12/losses/IvanGeffner.kuma__Randy__botB.bc24,IvanGeffner.kuma,0,A,kuma,1,1883,CAPTURE,3400,13600,201,17,17,213,45,3,18,184,94,4,489,432,468,332,45.7
gauntlet/20261001-161311-scrim-b12/losses/IvanGeffner.kuma__Randy__botB.bc24,IvanGeffner.kuma,1,B,b12,0,1883,CAPTURE,3400,3400,201,20,13,215,4,0,4,18,4,18,220,191,332,468,43.9
gauntlet/20261001-161311-scrim-b12/losses/IvanGeffner.kuma__BigDucksBigPond__botA.bc24,IvanGeffner.kuma,1,A,b12,0,2000,LEVEL_SUM,1800,1800,201,7,23,355,2,2,0,234,112,26,208,197,417,898,39.0
gauntlet/20261001-161311-scrim-b12/losses/IvanGeffner.kuma__BigDucksBigPond__botA.bc24,IvanGeffner.kuma,0,B,kuma,1,2000,LEVEL_SUM,5100,12200,201,21,23,229,73,2,26,379,195,0,801,782,898,417,44.9
gauntlet/20261001-161311-scrim-b12/losses/IvanGeffner.kuma__Diagonal__botB.bc24,IvanGeffner.kuma,0,A,kuma,1,2000,LEVEL_SUM,5100,5100,201,30,28,285,0,0,0,0,0,0,375,306,273,180,47.8
gauntlet/20261001-161311-scrim-b12/losses/IvanGeffner.kuma__Diagonal__botB.bc24,IvanGeffner.kuma,1,B,b12,0,2000,LEVEL_SUM,4700,4900,201,9,8,1064,0,0,0,0,0,0,253,185,180,273,46.7
gauntlet/20261001-161311-scrim-b12/losses/NotLLeon.v3__Decision__botB.bc24,NotLLeon.v3,0,A,v3,1,1673,CAPTURE,1800,2000,202,14,10,347,40,3,34,436,197,7,223,210,292,318,45.4
gauntlet/20261001-161311-scrim-b12/losses/NotLLeon.v3__Decision__botB.bc24,NotLLeon.v3,1,B,b12,0,1673,CAPTURE,1000,1200,318,0,0,375,9,2,7,406,198,34,165,131,318,292,45.8
gauntlet/20261001-161311-scrim-b12/losses/NotLLeon.v3__Duck__botB.bc24,NotLLeon.v3,0,A,v3,1,510,CAPTURE,2900,2900,201,26,25,272,14,3,8,354,164,10,82,73,49,100,45.5
gauntlet/20261001-161311-scrim-b12/losses/NotLLeon.v3__Duck__botB.bc24,NotLLeon.v3,1,B,b12,0,510,CAPTURE,2900,2900,201,34,36,226,10,0,10,159,74,8,89,71,100,49,47.7
gauntlet/20261001-161311-scrim-b12/losses/NotLLeon.v3__Foxes__botB.bc24,NotLLeon.v3,0,A,v3,1,1162,CAPTURE,7500,7500,205,7,37,304,45,3,23,457,205,15,261,242,278,283,44.1
gauntlet/20261001-161311-scrim-b12/losses/NotLLeon.v3__Foxes__botB.bc24,NotLLeon.v3,1,B,b12,0,1162,CAPTURE,7500,7500,205,17,21,253,15,0,15,290,132,23,190,167,283,278,44.2
gauntlet/20261001-161311-scrim-b12/losses/NotLLeon.v3__Rainbow__botA.bc24,NotLLeon.v3,1,A,b12,0,1191,CAPTURE,6000,6000,201,27,22,208,14,2,12,167,73,43,180,157,302,281,44.3
gauntlet/20261001-161311-scrim-b12/losses/NotLLeon.v3__Rainbow__botA.bc24,NotLLeon.v3,0,B,v3,1,1191,CAPTURE,6000,6000,201,23,16,242,64,3,43,397,157,12,236,225,281,302,43.8
gauntlet/20261001-161311-scrim-b12/losses/SampleProvider.TSPAARKSPRINT1__EndAround__botA.bc24,SampleProvider.TSPAARKSPRINT1,1,A,b12,0,2000,MORE_FLAG_CAPTURES,1500,3000,235,0,8,378,26,0,26,1014,518,70,275,241,561,209,47.4
gauntlet/20261001-161311-scrim-b12/losses/SampleProvider.TSPAARKSPRINT1__EndAround__botA.bc24,SampleProvider.TSPAARKSPRINT1,0,B,TSPAARKSPRINT1,1,2000,MORE_FLAG_CAPTURES,2500,7000,209,10,9,345,75,2,70,1254,593,26,133,126,209,561,43.1
gauntlet/20261001-161311-scrim-b12/losses/NotLLeon.v3__Hurricane__botB.bc24,NotLLeon.v3,0,A,v3,1,2000,MORE_FLAG_CAPTURES,4500,4500,201,26,20,224,77,1,75,693,313,30,236,219,229,280,46.6
gauntlet/20261001-161311-scrim-b12/losses/NotLLeon.v3__Hurricane__botB.bc24,NotLLeon.v3,1,B,b12,0,2000,MORE_FLAG_CAPTURES,4500,4500,201,30,21,231,30,0,30,887,423,75,239,194,280,229,47.2
gauntlet/20261001-161311-scrim-b12/losses/SampleProvider.TSPAARKSPRINT1__EndAround__botB.bc24,SampleProvider.TSPAARKSPRINT1,0,A,TSPAARKSPRINT1,1,2000,MORE_FLAG_CAPTURES,2500,7300,206,0,3,369,44,2,38,843,365,13,129,123,153,649,42.0
gauntlet/20261001-161311-scrim-b12/losses/SampleProvider.TSPAARKSPRINT1__EndAround__botB.bc24,SampleProvider.TSPAARKSPRINT1,1,B,b12,0,2000,MORE_FLAG_CAPTURES,1600,2400,203,22,36,293,14,1,13,705,298,38,247,235,649,153,48.1
gauntlet/20261001-161311-scrim-b12/losses/SampleProvider.TSPAARKSPRINT1__English__botA.bc24,SampleProvider.TSPAARKSPRINT1,1,A,b12,0,1218,CAPTURE,6800,6800,201,31,31,247,30,1,28,698,327,28,211,194,232,102,48.0
gauntlet/20261001-161311-scrim-b12/losses/SampleProvider.TSPAARKSPRINT1__English__botA.bc24,SampleProvider.TSPAARKSPRINT1,0,B,TSPAARKSPRINT1,1,1218,CAPTURE,10900,11000,201,19,18,242,34,3,28,817,275,28,50,37,102,232,45.2
gauntlet/20261001-161311-scrim-b12/losses/SampleProvider.TSPAARKSPRINT1__KingQuacksCastle__botB.bc24,SampleProvider.TSPAARKSPRINT1,0,A,TSPAARKSPRINT1,1,1269,CAPTURE,1600,5800,206,0,15,274,80,3,74,1158,487,10,80,66,138,498,40.5
gauntlet/20261001-161311-scrim-b12/losses/SampleProvider.TSPAARKSPRINT1__KingQuacksCastle__botB.bc24,SampleProvider.TSPAARKSPRINT1,1,B,b12,0,1269,CAPTURE,1300,4500,204,33,38,223,12,2,10,201,95,74,210,191,498,138,47.3
gauntlet/20261001-161311-scrim-b12/losses/Strequals.duck0127v5__Canals__botA.bc24,Strequals.duck0127v5,1,A,b12,0,649,CAPTURE,4600,4600,625,0,0,0,0,0,0,0,0,10,105,94,38,143,44.8
gauntlet/20261001-161311-scrim-b12/losses/Strequals.duck0127v5__Canals__botA.bc24,Strequals.duck0127v5,0,B,duck0127v5,1,649,CAPTURE,4600,6300,202,37,44,274,13,3,10,194,95,0,223,181,143,38,48.7
gauntlet/20261001-161311-scrim-b12/losses/SampleProvider.TSPAARKSPRINT1__Swoop__botA.bc24,SampleProvider.TSPAARKSPRINT1,1,A,b12,0,1141,CAPTURE,4300,4300,201,20,22,260,16,1,15,250,113,71,181,171,276,123,47.4
gauntlet/20261001-161311-scrim-b12/losses/SampleProvider.TSPAARKSPRINT1__Swoop__botA.bc24,SampleProvider.TSPAARKSPRINT1,0,B,TSPAARKSPRINT1,1,1141,CAPTURE,4300,4300,201,24,28,222,77,3,71,1311,499,15,71,60,123,276,44.1
gauntlet/20261001-161311-scrim-b12/losses/Strequals.duck0127v5__Divergent__botA.bc24,Strequals.duck0127v5,1,A,b12,0,2000,LEVEL_SUM,3400,3400,203,5,15,342,7,0,7,26,8,34,232,219,256,388,45.3
gauntlet/20261001-161311-scrim-b12/losses/Strequals.duck0127v5__Divergent__botA.bc24,Strequals.duck0127v5,0,B,duck0127v5,1,2000,LEVEL_SUM,3700,3700,205,1,5,268,34,0,34,294,141,7,447,372,388,256,46.9
gauntlet/20261001-161311-scrim-b12/losses/andli28.v9_USQuals_angle__AceOfSpades__botB.bc24,andli28.v9_USQuals_angle,0,A,v9_USQuals_angle,1,534,CAPTURE,1800,18900,202,19,15,227,13,3,10,231,109,0,194,124,114,44,48.0
gauntlet/20261001-161311-scrim-b12/losses/andli28.v9_USQuals_angle__AceOfSpades__botB.bc24,andli28.v9_USQuals_angle,1,B,b12,0,534,CAPTURE,1800,2700,202,21,12,281,0,0,0,0,0,10,78,73,44,114,44.8
gauntlet/20261001-161311-scrim-b12/losses/Strequals.duck0127v5__Soccer__botA.bc24,Strequals.duck0127v5,1,A,b12,0,756,CAPTURE,3000,3000,245,3,18,322,9,1,8,161,74,6,99,93,80,170,44.5
gauntlet/20261001-161311-scrim-b12/losses/Strequals.duck0127v5__Soccer__botA.bc24,Strequals.duck0127v5,0,B,duck0127v5,1,756,CAPTURE,3000,3200,209,3,16,305,9,3,6,254,126,8,196,181,170,80,47.4
gauntlet/20261001-161311-scrim-b12/losses/Strequals.duck0127v5__Foxes__botB.bc24,Strequals.duck0127v5,0,A,duck0127v5,1,2000,MORE_FLAG_CAPTURES,7500,7500,209,0,7,332,11,2,9,225,109,16,389,328,380,174,47.9
gauntlet/20261001-161311-scrim-b12/losses/Strequals.duck0127v5__Foxes__botB.bc24,Strequals.duck0127v5,1,B,b12,0,2000,MORE_FLAG_CAPTURES,7500,7500,202,30,38,320,16,0,16,108,43,9,271,240,174,380,45.4
gauntlet/20261001-161311-scrim-b12/losses/Strequals.duck0127v5__Skyline__botB.bc24,Strequals.duck0127v5,0,A,duck0127v5,1,2000,MORE_FLAG_CAPTURES,21600,35100,202,15,15,213,6,2,4,99,49,15,369,331,642,392,45.3
gauntlet/20261001-161311-scrim-b12/losses/Strequals.duck0127v5__Skyline__botB.bc24,Strequals.duck0127v5,1,B,b12,0,2000,MORE_FLAG_CAPTURES,8100,8100,201,25,12,212,15,0,15,67,22,4,282,262,392,642,42.2
gauntlet/20261001-161311-scrim-b12/losses/andli28.v9_USQuals_angle__QuestionableChess__botA.bc24,andli28.v9_USQuals_angle,1,A,b12,0,656,CAPTURE,0,0,201,12,26,281,8,0,7,95,44,14,27,25,74,138,45.1
gauntlet/20261001-161311-scrim-b12/losses/andli28.v9_USQuals_angle__QuestionableChess__botA.bc24,andli28.v9_USQuals_angle,0,B,v9_USQuals_angle,1,656,CAPTURE,0,0,206,20,16,306,17,3,14,295,133,7,72,57,138,74,47.3
gauntlet/20261001-161311-scrim-b12/losses/andli28.v9_USQuals_angle__Funnel__botB.bc24,andli28.v9_USQuals_angle,0,A,v9_USQuals_angle,1,2000,MORE_FLAG_CAPTURES,2200,4200,204,24,29,489,18,2,16,409,195,6,599,541,588,254,46.9
gauntlet/20261001-161311-scrim-b12/losses/andli28.v9_USQuals_angle__Funnel__botB.bc24,andli28.v9_USQuals_angle,1,B,b12,0,2000,MORE_FLAG_CAPTURES,2200,3700,201,15,18,529,7,0,6,79,57,16,221,190,254,588,42.8
gauntlet/20261001-161311-scrim-b12/losses/andli28.v9_USQuals_angle__Gated__botA.bc24,andli28.v9_USQuals_angle,1,A,b12,0,2000,MORE_FLAG_CAPTURES,1500,2100,209,0,0,428,7,1,6,116,47,57,216,210,470,700,41.5
gauntlet/20261001-161311-scrim-b12/losses/andli28.v9_USQuals_angle__Gated__botA.bc24,andli28.v9_USQuals_angle,0,B,v9_USQuals_angle,1,2000,MORE_FLAG_CAPTURES,1500,2700,207,23,36,248,60,2,57,250,118,6,570,549,700,470,44.3
gauntlet/20261001-161311-scrim-b12/losses/andli28.v9_USQuals_angle__Occulus__botA.bc24,andli28.v9_USQuals_angle,1,A,b12,0,2000,MORE_FLAG_CAPTURES,1800,1800,201,13,10,216,1,0,1,0,0,18,221,211,445,698,41.5
gauntlet/20261001-161311-scrim-b12/losses/andli28.v9_USQuals_angle__Occulus__botA.bc24,andli28.v9_USQuals_angle,0,B,v9_USQuals_angle,1,2000,MORE_FLAG_CAPTURES,1800,6900,201,26,29,238,20,2,18,125,54,1,581,514,698,445,44.6
gauntlet/20261001-161311-scrim-b12/losses/andli28.v9_USQuals_angle__SteamboatMickey__botB.bc24,andli28.v9_USQuals_angle,0,A,v9_USQuals_angle,1,2000,MORE_FLAG_CAPTURES,7300,17200,201,18,5,205,26,2,24,230,101,8,554,500,568,274,46.7
gauntlet/20261001-161311-scrim-b12/losses/andli28.v9_USQuals_angle__SteamboatMickey__botB.bc24,andli28.v9_USQuals_angle,1,B,b12,0,2000,MORE_FLAG_CAPTURES,7300,9400,201,22,19,201,9,1,8,175,83,24,298,281,274,568,43.1
gauntlet/20261001-161311-scrim-b12/losses/andrewgopher.player22__StackGame__botA.bc24,andrewgopher.player22,1,A,b12,0,397,CAPTURE,3200,3400,201,4,5,269,1,0,1,16,7,3,75,70,85,61,46.3
gauntlet/20261001-161311-scrim-b12/losses/andrewgopher.player22__StackGame__botA.bc24,andrewgopher.player22,0,B,player22,1,397,CAPTURE,4600,5800,201,27,33,214,10,3,3,96,45,1,76,69,61,85,45.2
gauntlet/20261001-161311-scrim-b12/losses/andrewgopher.player22__WheresMyWater__botA.bc24,andrewgopher.player22,1,A,b12,0,465,CAPTURE,3000,4200,201,4,0,201,1,0,1,0,0,1,86,83,129,89,45.4
gauntlet/20261001-161311-scrim-b12/losses/andrewgopher.player22__WheresMyWater__botA.bc24,andrewgopher.player22,0,B,player22,1,465,CAPTURE,3000,5100,201,25,22,201,7,3,1,72,34,1,80,62,89,129,43.5
gauntlet/20261001-161311-scrim-b12/losses/andrewgopher.player22__Fountain__botA.bc24,andrewgopher.player22,1,A,b12,0,2000,MORE_FLAG_CAPTURES,1700,2700,214,0,0,352,5,1,4,56,27,2,226,210,710,390,45.3
gauntlet/20261001-161311-scrim-b12/losses/andrewgopher.player22__Fountain__botA.bc24,andrewgopher.player22,0,B,player22,1,2000,MORE_FLAG_CAPTURES,1700,2700,213,13,14,279,7,2,2,81,38,4,174,167,390,710,41.3
gauntlet/20261001-161311-scrim-b12/losses/andrewgopher.player22__Divergent__botB.bc24,andrewgopher.player22,0,A,player22,1,2000,LEVEL_SUM,3700,3700,204,2,20,263,3,0,0,3,0,5,397,351,733,527,43.6
gauntlet/20261001-161311-scrim-b12/losses/andrewgopher.player22__Divergent__botB.bc24,andrewgopher.player22,1,B,b12,0,2000,LEVEL_SUM,3400,3600,203,1,3,295,5,0,5,98,79,0,248,220,527,733,41.1
gauntlet/20261001-161311-scrim-b12/losses/andrewgopher.player22__Snake__botA.bc24,andrewgopher.player22,1,A,b12,0,1748,CAPTURE,13100,18300,203,9,10,330,8,0,8,97,44,16,354,346,635,877,37.7
gauntlet/20261001-161311-scrim-b12/losses/andrewgopher.player22__Snake__botA.bc24,andrewgopher.player22,0,B,player22,1,1748,CAPTURE,13100,43100,205,15,27,316,33,3,16,278,120,8,667,642,877,635,41.1
gauntlet/20261001-161311-scrim-b12/losses/andrewgopher.player22__Yinyang__botB.bc24,andrewgopher.player22,0,A,player22,1,726,CAPTURE,2900,3500,201,28,31,215,17,3,11,114,49,3,183,155,384,210,43.0
gauntlet/20261001-161311-scrim-b12/losses/andrewgopher.player22__Yinyang__botB.bc24,andrewgopher.player22,1,B,b12,0,726,CAPTURE,2900,2900,201,0,0,378,4,1,3,36,13,11,98,98,210,384,37.7
gauntlet/20261001-161311-scrim-b12/losses/chenyx512.flagbot_final__Bunkers__botA.bc24,chenyx512.flagbot_final,1,A,b12,0,784,CAPTURE,2800,2800,201,1,2,347,3,0,3,38,17,6,100,86,41,291,41.2
gauntlet/20261001-161311-scrim-b12/losses/chenyx512.flagbot_final__Bunkers__botA.bc24,chenyx512.flagbot_final,0,B,flagbot_final,1,784,CAPTURE,2800,2800,201,10,26,262,12,3,6,757,306,3,206,158,291,41,48.6
gauntlet/20261001-161311-scrim-b12/losses/chenyx512.flagbot_final__CH3353C4K3F4CT0RY__botB.bc24,chenyx512.flagbot_final,0,A,flagbot_final,1,1102,CAPTURE,13000,13400,206,3,26,304,19,3,13,764,308,4,617,484,543,141,46.8
gauntlet/20261001-161311-scrim-b12/losses/chenyx512.flagbot_final__CH3353C4K3F4CT0RY__botB.bc24,chenyx512.flagbot_final,1,B,b12,0,1102,CAPTURE,13000,13000,202,21,13,298,5,1,4,123,59,13,230,225,141,543,38.4
gauntlet/20261001-161311-scrim-b12/losses/chenyx512.flagbot_final__Alligator__botA.bc24,chenyx512.flagbot_final,1,A,b12,0,1017,CAPTURE,3300,3300,201,2,0,847,1,0,1,4,2,20,135,132,135,454,39.2
gauntlet/20261001-161311-scrim-b12/losses/chenyx512.flagbot_final__Alligator__botA.bc24,chenyx512.flagbot_final,0,B,flagbot_final,1,1017,CAPTURE,3300,9300,201,14,6,224,26,3,20,786,312,1,383,278,454,135,46.7
gauntlet/20261001-161311-scrim-b12/losses/chenyx512.flagbot_final__Intercontinental__botA.bc24,chenyx512.flagbot_final,1,A,b12,0,883,CAPTURE,2400,3000,214,4,7,357,13,1,11,216,99,6,68,66,89,196,44.7
gauntlet/20261001-161311-scrim-b12/losses/chenyx512.flagbot_final__Intercontinental__botA.bc24,chenyx512.flagbot_final,0,B,flagbot_final,1,883,CAPTURE,2400,5100,201,12,22,426,12,3,6,741,289,11,89,82,196,89,47.5
gauntlet/20261001-161311-scrim-b12/losses/chenyx512.flagbot_final__KingQuacksCastle__botB.bc24,chenyx512.flagbot_final,0,A,flagbot_final,1,813,CAPTURE,1600,13700,204,11,14,252,9,3,3,733,283,4,312,255,286,39,48.7
gauntlet/20261001-161311-scrim-b12/losses/chenyx512.flagbot_final__KingQuacksCastle__botB.bc24,chenyx512.flagbot_final,1,B,b12,0,813,CAPTURE,700,1100,204,13,24,223,5,0,4,47,18,3,87,84,39,286,41.6
gauntlet/20261001-161311-scrim-b12/losses/awu7.ExplosiveBot__Capacitance__botB.bc24,awu7.ExplosiveBot,0,A,ExplosiveBot,1,2000,MORE_FLAG_CAPTURES,3600,6200,201,9,15,215,14,2,2,72,29,16,163,146,203,1280,34.4
gauntlet/20261001-161311-scrim-b12/losses/awu7.ExplosiveBot__Capacitance__botB.bc24,awu7.ExplosiveBot,1,B,b12,0,2000,MORE_FLAG_CAPTURES,3600,3700,201,19,23,211,18,1,16,286,124,2,433,396,1280,203,47.5
gauntlet/20261001-161311-scrim-b12/losses/chenyx512.flagbot_final__OceanFloor__botB.bc24,chenyx512.flagbot_final,0,A,flagbot_final,1,576,CAPTURE,1400,1400,201,23,20,225,11,3,5,798,325,4,55,36,82,25,48.9
gauntlet/20261001-161311-scrim-b12/losses/chenyx512.flagbot_final__OceanFloor__botB.bc24,chenyx512.flagbot_final,1,B,b12,0,576,CAPTURE,1400,1400,201,24,22,234,5,0,4,299,147,5,65,56,25,82,46.6
gauntlet/20261001-161311-scrim-b12/losses/dmtrung14.defaultplayer_intlqualifier__DefaultHuge__botA.bc24,dmtrung14.defaultplayer_intlqualifier,1,A,b12,0,568,CAPTURE,3700,3700,201,31,32,201,6,2,4,255,127,11,75,65,166,9,49.7
gauntlet/20261001-161311-scrim-b12/losses/dmtrung14.defaultplayer_intlqualifier__DefaultHuge__botA.bc24,dmtrung14.defaultplayer_intlqualifier,0,B,defaultplayer_intlqualifier,1,568,CAPTURE,3100,3100,201,11,12,204,52,3,11,409,129,4,72,68,9,166,42.7
gauntlet/20261001-161311-scrim-b12/losses/dmtrung14.defaultplayer_intlqualifier__Foxes__botB.bc24,dmtrung14.defaultplayer_intlqualifier,0,A,defaultplayer_intlqualifier,1,523,CAPTURE,7500,7500,202,11,18,246,66,3,3,414,72,4,90,76,25,115,44.5
gauntlet/20261001-161311-scrim-b12/losses/dmtrung14.defaultplayer_intlqualifier__Foxes__botB.bc24,dmtrung14.defaultplayer_intlqualifier,1,B,b12,0,523,CAPTURE,7500,7500,202,32,33,249,6,0,4,276,135,3,90,71,115,25,48.9
gauntlet/20261001-161311-scrim-b12/losses/clbarrell.duck8__Whirlpool__botA.bc24,clbarrell.duck8,1,A,b12,0,2000,MORE_FLAG_CAPTURES,1800,2800,208,10,14,267,5,0,4,294,135,27,262,211,950,490,44.1
gauntlet/20261001-161311-scrim-b12/losses/clbarrell.duck8__Whirlpool__botA.bc24,clbarrell.duck8,0,B,duck8,1,2000,MORE_FLAG_CAPTURES,2800,7200,201,11,21,254,28,1,27,123,45,4,292,259,490,950,38.4
gauntlet/20261001-161311-scrim-b12/losses/clbarrell.duck8__Diagonal__botB.bc24,clbarrell.duck8,0,A,duck8,1,2000,MORE_FLAG_CAPTURES,5100,5900,201,32,30,264,16,1,15,170,67,19,316,242,350,871,39.4
gauntlet/20261001-161311-scrim-b12/losses/clbarrell.duck8__Diagonal__botB.bc24,clbarrell.duck8,1,B,b12,0,2000,MORE_FLAG_CAPTURES,3900,3900,201,24,27,259,20,0,19,788,323,15,275,239,871,350,45.7
gauntlet/20261001-161311-scrim-b12/losses/dmtrung14.defaultplayer_intlqualifier__Klein__botA.bc24,dmtrung14.defaultplayer_intlqualifier,1,A,b12,0,2000,MORE_FLAG_CAPTURES,1400,3400,203,7,7,201,0,0,0,0,0,2,240,28,366,8,49.9
gauntlet/20261001-161311-scrim-b12/losses/dmtrung14.defaultplayer_intlqualifier__Klein__botA.bc24,dmtrung14.defaultplayer_intlqualifier,0,B,defaultplayer_intlqualifier,1,2000,MORE_FLAG_CAPTURES,5600,9500,202,2,8,233,11,1,2,301,98,0,44,25,8,366,45.5
gauntlet/20261001-161311-scrim-b12/losses/dmtrung14.defaultplayer_intlqualifier__StarryNight__botA.bc24,dmtrung14.defaultplayer_intlqualifier,1,A,b12,0,505,CAPTURE,13600,14200,201,19,29,292,1,0,1,54,26,7,168,110,160,21,49.0
gauntlet/20261001-161311-scrim-b12/losses/dmtrung14.defaultplayer_intlqualifier__StarryNight__botA.bc24,dmtrung14.defaultplayer_intlqualifier,0,B,defaultplayer_intlqualifier,1,505,CAPTURE,13600,13800,201,13,16,201,43,3,7,365,31,1,62,54,21,160,42.2
gauntlet/20261001-161311-scrim-b12/losses/hsmalladi.finalbot__HungerGames__botB.bc24,hsmalladi.finalbot,0,A,finalbot,1,388,CAPTURE,700,18200,207,24,24,248,22,3,10,764,88,0,217,182,58,31,48.0
gauntlet/20261001-161311-scrim-b12/losses/hsmalladi.finalbot__HungerGames__botB.bc24,hsmalladi.finalbot,1,B,b12,0,388,CAPTURE,600,3900,204,21,10,356,1,0,0,26,13,10,65,62,31,58,46.5
gauntlet/20261001-161311-scrim-b12/losses/hsmalladi.finalbot__StackGame__botA.bc24,hsmalladi.finalbot,1,A,b12,0,470,CAPTURE,3200,3500,203,10,9,258,1,0,1,34,16,22,80,74,125,71,46.5
gauntlet/20261001-161311-scrim-b12/losses/hsmalladi.finalbot__StackGame__botA.bc24,hsmalladi.finalbot,0,B,finalbot,1,470,CAPTURE,4600,5700,201,27,11,210,31,3,22,708,65,1,81,74,71,125,43.6
gauntlet/20261001-161311-scrim-b12/losses/hsmalladi.finalbot__BreadPudding__botB.bc24,hsmalladi.finalbot,0,A,finalbot,1,2000,MORE_FLAG_CAPTURES,2600,2900,218,1,18,299,17,1,10,688,61,3,320,308,503,671,41.9
gauntlet/20261001-161311-scrim-b12/losses/hsmalladi.finalbot__BreadPudding__botB.bc24,hsmalladi.finalbot,1,B,b12,0,2000,MORE_FLAG_CAPTURES,2100,2400,202,8,8,280,4,0,3,1106,618,10,228,215,671,503,43.9
gauntlet/20261001-161311-scrim-b12/losses/hsmalladi.finalbot__Puzzle__botA.bc24,hsmalladi.finalbot,1,A,b12,0,1773,CAPTURE,0,7500,204,15,23,276,17,2,14,691,325,57,259,251,541,363,45.0
gauntlet/20261001-161311-scrim-b12/losses/hsmalladi.finalbot__Puzzle__botA.bc24,hsmalladi.finalbot,0,B,finalbot,1,1773,CAPTURE,0,13100,212,17,17,292,74,3,57,1189,321,14,274,270,363,541,42.5
gauntlet/20261001-161311-scrim-b12/losses/hsmalladi.finalbot__Hurricane__botA.bc24,hsmalladi.finalbot,1,A,b12,0,2000,MORE_FLAG_CAPTURES,4500,4500,201,21,22,446,0,0,0,0,0,56,241,150,364,134,48.3
gauntlet/20261001-161311-scrim-b12/losses/hsmalladi.finalbot__Hurricane__botA.bc24,hsmalladi.finalbot,0,B,finalbot,1,2000,MORE_FLAG_CAPTURES,4500,4500,201,33,25,295,64,1,56,822,172,0,205,186,134,364,45.5
gauntlet/20261001-161311-scrim-b12/losses/hsmalladi.finalbot__TwistedTreeline__botA.bc24,hsmalladi.finalbot,1,A,b12,0,2000,MORE_FLAG_CAPTURES,2400,2400,289,0,3,322,4,0,4,74,32,19,216,204,618,227,47.2
gauntlet/20261001-161311-scrim-b12/losses/hsmalladi.finalbot__TwistedTreeline__botA.bc24,hsmalladi.finalbot,0,B,finalbot,1,2000,MORE_FLAG_CAPTURES,2200,2200,202,50,48,253,23,1,19,751,85,4,246,228,227,618,42.5
gauntlet/20261001-161311-scrim-b12/losses/jmerle.camel_case_v21_final__HungerGames__botB.bc24,jmerle.camel_case_v21_final,0,A,camel_case_v21_final,1,359,CAPTURE,700,21500,203,38,23,225,3,3,0,132,67,4,216,167,101,26,48.3
gauntlet/20261001-161311-scrim-b12/losses/jmerle.camel_case_v21_final__HungerGames__botB.bc24,jmerle.camel_case_v21_final,1,B,b12,0,359,CAPTURE,700,700,203,8,2,219,4,0,4,54,26,0,39,38,26,101,43.6
gauntlet/20261001-161311-scrim-b12/losses/jmerle.camel_case_v21_final__OceanFloor__botB.bc24,jmerle.camel_case_v21_final,0,A,camel_case_v21_final,1,357,CAPTURE,1400,1400,201,36,20,210,7,3,4,251,123,1,42,41,45,46,47.1
gauntlet/20261001-161311-scrim-b12/losses/jmerle.camel_case_v21_final__OceanFloor__botB.bc24,jmerle.camel_case_v21_final,1,B,b12,0,357,CAPTURE,1400,1400,201,27,22,215,2,1,1,63,31,4,51,37,46,45,46.9
gauntlet/20261001-161311-scrim-b12/losses/jmerle.camel_case_v21_final__GravitationalWaves__botB.bc24,jmerle.camel_case_v21_final,0,A,camel_case_v21_final,1,2000,MORE_FLAG_CAPTURES,3700,3700,201,33,30,203,8,1,7,141,65,3,160,127,335,642,42.2
gauntlet/20261001-161311-scrim-b12/losses/jmerle.camel_case_v21_final__GravitationalWaves__botB.bc24,jmerle.camel_case_v21_final,1,B,b12,0,2000,MORE_FLAG_CAPTURES,3100,3100,201,11,13,214,3,0,3,16,7,7,222,138,642,335,46.0
gauntlet/20261001-161311-scrim-b12/losses/jmerle.camel_case_v21_final__Starfish__botB.bc24,jmerle.camel_case_v21_final,0,A,camel_case_v21_final,1,507,CAPTURE,4100,4100,201,18,11,201,10,3,7,84,38,2,19,19,128,164,42.5
gauntlet/20261001-161311-scrim-b12/losses/jmerle.camel_case_v21_final__Starfish__botB.bc24,jmerle.camel_case_v21_final,1,B,b12,0,507,CAPTURE,4100,4200,203,19,2,201,2,0,2,5,1,7,77,71,164,128,44.1
gauntlet/20261001-161311-scrim-b12/losses/jmerle.camel_case_v21_final__Hurricane__botA.bc24,jmerle.camel_case_v21_final,1,A,b12,0,2000,MORE_FLAG_CAPTURES,4500,4500,201,29,18,212,23,1,22,287,138,4,244,93,236,133,48.4
gauntlet/20261001-161311-scrim-b12/losses/jmerle.camel_case_v21_final__Hurricane__botA.bc24,jmerle.camel_case_v21_final,0,B,camel_case_v21_final,1,2000,MORE_FLAG_CAPTURES,4500,4500,201,39,10,211,6,2,4,298,148,22,96,88,133,236,47.1
gauntlet/20261001-161311-scrim-b12/losses/jonters.bling3__Randy__botB.bc24,jonters.bling3,0,A,bling3,1,2000,MORE_FLAG_CAPTURES,3400,12800,201,10,4,205,6,2,4,97,47,16,146,130,277,668,41.5
gauntlet/20261001-161311-scrim-b12/losses/jonters.bling3__Randy__botB.bc24,jonters.bling3,1,B,b12,0,2000,MORE_FLAG_CAPTURES,3400,3800,201,17,17,207,16,0,16,32,8,4,288,253,668,277,46.6
gauntlet/20261001-161311-scrim-b12/losses/kyleezz.jeeryfix3__CH3353C4K3F4CT0RY__botB.bc24,kyleezz.jeeryfix3,0,A,jeeryfix3,1,2000,MORE_FLAG_CAPTURES,13000,13400,206,8,20,232,39,2,37,156,85,1,449,439,489,1352,33.6
gauntlet/20261001-161311-scrim-b12/losses/kyleezz.jeeryfix3__CH3353C4K3F4CT0RY__botB.bc24,kyleezz.jeeryfix3,1,B,b12,0,2000,MORE_FLAG_CAPTURES,13000,13000,203,13,26,240,1,0,1,1,0,37,377,367,1352,489,44.0
gauntlet/20261001-161311-scrim-b12/losses/kyleezz.jeeryfix3__Skyline__botA.bc24,kyleezz.jeeryfix3,1,A,b12,0,580,CAPTURE,8100,8700,233,10,0,321,0,0,0,0,0,22,135,122,186,119,45.2
gauntlet/20261001-161311-scrim-b12/losses/kyleezz.jeeryfix3__Skyline__botA.bc24,kyleezz.jeeryfix3,0,B,jeeryfix3,1,580,CAPTURE,21600,31200,201,30,26,210,25,3,22,224,108,0,200,139,119,186,42.3
gauntlet/20261001-161311-scrim-b12/losses/kyleezz.jeeryfix3__Hurricane__botB.bc24,kyleezz.jeeryfix3,0,A,jeeryfix3,1,2000,MORE_FLAG_CAPTURES,4500,4500,201,17,16,305,6,2,4,193,98,12,144,106,97,502,43.9
gauntlet/20261001-161311-scrim-b12/losses/kyleezz.jeeryfix3__Hurricane__botB.bc24,kyleezz.jeeryfix3,1,B,b12,0,2000,MORE_FLAG_CAPTURES,4500,4500,201,22,35,209,12,0,12,112,49,4,264,162,502,97,48.8
gauntlet/20261001-161311-scrim-b12/losses/kyleezz.jeeryfix3__Digging__botB.bc24,kyleezz.jeeryfix3,0,A,jeeryfix3,1,2000,MORE_FLAG_CAPTURES,700,2400,210,31,17,237,2,1,1,24,12,0,232,228,427,1513,31.5
gauntlet/20261001-161311-scrim-b12/losses/kyleezz.jeeryfix3__Digging__botB.bc24,kyleezz.jeeryfix3,1,B,b12,0,2000,MORE_FLAG_CAPTURES,700,2200,205,1,1,1405,0,0,0,0,0,1,231,217,1513,427,44.8
gauntlet/20261001-161311-scrim-b12/losses/quesswho.cretplayer2_3__Battlefield__botB.bc24,quesswho.cretplayer2_3,0,A,cretplayer2_3,1,410,CAPTURE,3700,3700,202,24,20,202,17,3,11,776,81,0,77,72,97,104,42.9
gauntlet/20261001-161311-scrim-b12/losses/quesswho.cretplayer2_3__Battlefield__botB.bc24,quesswho.cretplayer2_3,1,B,b12,0,410,CAPTURE,2300,2300,202,7,9,206,1,1,0,18,9,11,68,55,104,97,44.2
gauntlet/20261001-161311-scrim-b12/losses/kyleezz.jeeryfix3__YearOfTheDragon__botB.bc24,kyleezz.jeeryfix3,0,A,jeeryfix3,1,2000,MORE_FLAG_CAPTURES,10800,10800,201,16,16,218,11,2,9,62,35,0,368,349,435,1162,35.8
gauntlet/20261001-161311-scrim-b12/losses/kyleezz.jeeryfix3__YearOfTheDragon__botB.bc24,kyleezz.jeeryfix3,1,B,b12,0,2000,MORE_FLAG_CAPTURES,10800,10800,201,14,4,226,1,1,0,40,20,9,451,398,1162,435,44.7
gauntlet/20261001-161311-scrim-b12/losses/quesswho.cretplayer2_3__Canals__botA.bc24,quesswho.cretplayer2_3,1,A,b12,0,809,CAPTURE,4600,4600,223,8,1,235,6,0,5,104,43,22,122,116,312,216,43.5
gauntlet/20261001-161311-scrim-b12/losses/quesswho.cretplayer2_3__Canals__botA.bc24,quesswho.cretplayer2_3,0,B,cretplayer2_3,1,809,CAPTURE,4600,5600,205,29,18,236,28,3,22,952,260,5,141,137,216,312,40.0
gauntlet/20261001-161311-scrim-b12/losses/quesswho.cretplayer2_3__KingQuacksCastle__botB.bc24,quesswho.cretplayer2_3,0,A,cretplayer2_3,1,949,CAPTURE,1600,13000,208,24,26,240,40,3,34,1016,217,8,167,146,211,445,38.0
gauntlet/20261001-161311-scrim-b12/losses/quesswho.cretplayer2_3__KingQuacksCastle__botB.bc24,quesswho.cretplayer2_3,1,B,b12,0,949,CAPTURE,400,800,204,22,21,231,9,1,8,174,81,34,119,92,445,211,44.6
gauntlet/20261001-161311-scrim-b12/losses/quesswho.cretplayer2_3__OceanFloor__botA.bc24,quesswho.cretplayer2_3,1,A,b12,0,782,CAPTURE,1400,1400,201,39,38,271,8,1,6,922,443,1,106,56,126,68,47.8
gauntlet/20261001-161311-scrim-b12/losses/quesswho.cretplayer2_3__OceanFloor__botA.bc24,quesswho.cretplayer2_3,0,B,cretplayer2_3,1,782,CAPTURE,1400,1400,201,21,0,219,7,3,1,1144,278,6,65,56,68,126,45.5
gauntlet/20261001-161311-scrim-b12/losses/quesswho.cretplayer2_3__Tunnels__botB.bc24,quesswho.cretplayer2_3,0,A,cretplayer2_3,1,2000,MORE_FLAG_CAPTURES,2400,3900,203,17,1,212,38,2,32,913,137,0,241,223,325,1676,29.4
gauntlet/20261001-161311-scrim-b12/losses/quesswho.cretplayer2_3__Tunnels__botB.bc24,quesswho.cretplayer2_3,1,B,b12,0,2000,MORE_FLAG_CAPTURES,2400,2700,218,6,6,244,0,0,0,0,0,32,232,217,1676,325,46.0
gauntlet/20261001-161311-scrim-b12/losses/winkelmantanner.waffle__Skyline__botA.bc24,winkelmantanner.waffle,1,A,b12,0,573,CAPTURE,8100,8300,206,14,7,215,3,1,2,41,19,29,133,125,148,103,45.7
gauntlet/20261001-161311-scrim-b12/losses/winkelmantanner.waffle__Skyline__botA.bc24,winkelmantanner.waffle,0,B,waffle,1,573,CAPTURE,9300,12400,201,39,39,230,32,3,29,297,140,2,172,166,103,148,43.8
gauntlet/20261001-161311-scrim-b12/losses/winkelmantanner.waffle__Gauntlet__botB.bc24,winkelmantanner.waffle,0,A,waffle,1,1676,CAPTURE,2100,2500,204,9,32,298,66,3,63,404,180,6,216,214,350,1043,34.8
gauntlet/20261001-161311-scrim-b12/losses/winkelmantanner.waffle__Gauntlet__botB.bc24,winkelmantanner.waffle,1,B,b12,0,1676,CAPTURE,1900,3100,207,6,16,279,9,2,6,440,199,63,340,318,1043,350,45.0
gauntlet/20261001-161311-scrim-b12/losses/winkelmantanner.waffle__StackGame__botB.bc24,winkelmantanner.waffle,0,A,waffle,1,598,CAPTURE,4600,5800,201,18,20,217,12,3,9,120,56,0,117,105,60,210,41.5
gauntlet/20261001-161311-scrim-b12/losses/winkelmantanner.waffle__StackGame__botB.bc24,winkelmantanner.waffle,1,B,b12,0,598,CAPTURE,3200,3400,207,5,5,237,0,0,0,0,0,9,98,95,210,60,47.6
gauntlet/20261001-161311-scrim-b12/losses/winkelmantanner.waffle__BedWars__botA.bc24,winkelmantanner.waffle,1,A,b12,0,2000,MORE_FLAG_CAPTURES,2400,2500,243,1,3,367,7,1,6,39,23,20,165,161,983,318,46.1
gauntlet/20261001-161311-scrim-b12/losses/winkelmantanner.waffle__BedWars__botA.bc24,winkelmantanner.waffle,0,B,waffle,1,2000,MORE_FLAG_CAPTURES,2400,6200,218,6,10,284,22,2,20,159,71,6,162,154,318,983,38.1
gauntlet/20261001-161311-scrim-b12/losses/winkelmantanner.waffle__Islands__botA.bc24,winkelmantanner.waffle,1,A,b12,0,470,CAPTURE,5100,5100,201,9,28,232,4,1,3,70,33,36,99,78,165,36,48.1
gauntlet/20261001-161311-scrim-b12/losses/winkelmantanner.waffle__Islands__botA.bc24,winkelmantanner.waffle,0,B,waffle,1,470,CAPTURE,5800,5800,201,15,8,220,39,3,36,289,135,3,97,87,36,165,41.6
gauntlet/20261001-161311-scrim-b12/losses/winkelmantanner.waffle__Whirlpool__botB.bc24,winkelmantanner.waffle,0,A,waffle,1,701,CAPTURE,2800,7200,201,25,29,295,28,3,25,227,104,0,113,99,104,173,44.0
gauntlet/20261001-161311-scrim-b12/losses/winkelmantanner.waffle__Whirlpool__botB.bc24,winkelmantanner.waffle,1,B,b12,0,701,CAPTURE,1600,2800,208,10,11,0,0,0,0,0,0,25,78,66,173,104,46.5
gauntlet/20261001-161311-scrim-b12/replays/SampleProvider.TSPAARKSPRINT1__WheresMyWater__botB.bc24,SampleProvider.TSPAARKSPRINT1,0,A,TSPAARKSPRINT1,0,1371,CAPTURE,3000,3600,201,9,5,201,10,2,5,497,154,16,48,43,87,437,42.4
gauntlet/20261001-161311-scrim-b12/replays/SampleProvider.TSPAARKSPRINT1__WheresMyWater__botB.bc24,SampleProvider.TSPAARKSPRINT1,1,B,b12,1,1371,CAPTURE,3000,4800,201,26,19,201,19,3,16,271,128,5,210,174,437,87,48.4
gauntlet/20261001-161311-scrim-b12/replays/ColtG5.Goob_final__OceanFloor__botA.bc24,ColtG5.Goob_final,1,A,b12,1,1612,CAPTURE,1400,1400,201,14,17,228,4,3,1,279,132,12,255,214,876,327,45.1
gauntlet/20261001-161311-scrim-b12/replays/ColtG5.Goob_final__OceanFloor__botA.bc24,ColtG5.Goob_final,0,B,Goob_final,0,1612,CAPTURE,1400,1400,201,24,8,213,14,2,12,198,91,1,224,219,327,876,36.8
gauntlet/20261001-161311-scrim-b12/replays/ColtG5.Goob_final__MazeRunner__botA.bc24,ColtG5.Goob_final,1,A,b12,1,2000,LEVEL_SUM,2600,2600,266,0,0,423,0,0,0,0,0,7,217,146,936,491,44.0
gauntlet/20261001-161311-scrim-b12/replays/ColtG5.Goob_final__MazeRunner__botA.bc24,ColtG5.Goob_final,0,B,Goob_final,0,2000,LEVEL_SUM,2600,7700,207,32,25,233,7,0,7,90,33,0,289,253,491,936,38.6
gauntlet/20261001-161311-scrim-b12/replays/ColtG5.Goob_final__DefaultLarge__botA.bc24,ColtG5.Goob_final,1,A,b12,1,2000,MORE_FLAG_CAPTURES,1800,2600,228,13,19,338,8,1,7,190,89,5,480,379,1377,414,45.0
gauntlet/20261001-161311-scrim-b12/replays/ColtG5.Goob_final__DefaultLarge__botA.bc24,ColtG5.Goob_final,0,B,Goob_final,0,2000,MORE_FLAG_CAPTURES,1800,6500,208,22,10,258,5,0,5,16,4,7,288,278,414,1377,33.2
gauntlet/20261001-161311-scrim-b12/replays/NotLLeon.v3__FloodGates__botA.bc24,NotLLeon.v3,1,A,b12,1,2000,LEVEL_SUM,500,1700,319,0,0,342,1,1,0,45,22,7,213,195,537,366,45.6
gauntlet/20261001-161311-scrim-b12/replays/NotLLeon.v3__FloodGates__botA.bc24,NotLLeon.v3,0,B,v3,0,2000,LEVEL_SUM,500,1700,211,4,3,325,9,1,7,51,23,0,220,206,366,537,43.5
gauntlet/20261001-161311-scrim-b12/replays/awu7.ExplosiveBot__Alligator__botA.bc24,awu7.ExplosiveBot,1,A,b12,1,1162,CAPTURE,3300,3600,201,20,24,237,9,3,6,268,128,8,325,244,733,112,47.6
gauntlet/20261001-161311-scrim-b12/replays/awu7.ExplosiveBot__Alligator__botA.bc24,awu7.ExplosiveBot,0,B,ExplosiveBot,0,1162,CAPTURE,3300,8400,201,24,2,219,10,0,8,29,10,6,83,73,112,733,34.7
gauntlet/20261001-161311-scrim-b12/replays/awu7.ExplosiveBot__Joker__botB.bc24,awu7.ExplosiveBot,0,A,ExplosiveBot,0,600,CAPTURE,14500,16900,204,8,0,262,1,0,1,2,0,7,115,64,59,275,39.0
gauntlet/20261001-161311-scrim-b12/replays/awu7.ExplosiveBot__Joker__botB.bc24,awu7.ExplosiveBot,1,B,b12,1,600,CAPTURE,14500,23600,202,25,33,231,10,3,7,306,149,1,345,193,275,59,47.6
gauntlet/20261001-161311-scrim-b12/replays/awu7.ExplosiveBot__Canals__botA.bc24,awu7.ExplosiveBot,1,A,b12,1,1108,CAPTURE,4600,4600,218,13,7,244,13,3,10,347,163,15,350,258,857,120,47.3
gauntlet/20261001-161311-scrim-b12/replays/awu7.ExplosiveBot__Canals__botA.bc24,awu7.ExplosiveBot,0,B,ExplosiveBot,0,1108,CAPTURE,4600,5400,202,20,5,234,27,1,15,131,53,10,100,91,120,857,31.4
gauntlet/20261001-161311-scrim-b12/replays/awu7.ExplosiveBot__GaltonBoard__botA.bc24,awu7.ExplosiveBot,1,A,b12,1,1413,CAPTURE,0,3600,201,17,25,243,30,3,27,684,312,0,512,342,1271,154,47.3
gauntlet/20261001-161311-scrim-b12/replays/awu7.ExplosiveBot__GaltonBoard__botA.bc24,awu7.ExplosiveBot,0,B,ExplosiveBot,0,1413,CAPTURE,0,0,212,4,1,240,0,0,0,0,0,27,91,91,154,1271,28.3
gauntlet/20261001-161311-scrim-b12/replays/awu7.ExplosiveBot__Klein__botB.bc24,awu7.ExplosiveBot,0,A,ExplosiveBot,0,989,CAPTURE,6300,11300,202,3,19,237,7,1,4,22,9,7,51,47,86,584,35.7
gauntlet/20261001-161311-scrim-b12/replays/awu7.ExplosiveBot__Klein__botB.bc24,awu7.ExplosiveBot,1,B,b12,1,989,CAPTURE,1400,1400,203,10,25,242,10,3,7,224,104,4,246,197,584,86,47.8
gauntlet/20261001-161311-scrim-b12/replays/clbarrell.duck8__Fountain__botA.bc24,clbarrell.duck8,1,A,b12,1,1410,CAPTURE,1700,2200,212,21,18,218,9,3,6,284,134,26,139,133,617,300,44.8
gauntlet/20261001-161311-scrim-b12/replays/clbarrell.duck8__Fountain__botA.bc24,clbarrell.duck8,0,B,duck8,0,1410,CAPTURE,1700,2800,208,27,17,234,28,2,26,176,69,6,157,145,300,617,39.4
gauntlet/20261001-161311-scrim-b12/replays/clbarrell.duck8__Hockey__botB.bc24,clbarrell.duck8,0,A,duck8,0,1414,CAPTURE,3300,3600,206,10,0,672,0,0,0,0,0,7,159,154,169,1026,32.6
gauntlet/20261001-161311-scrim-b12/replays/clbarrell.duck8__Hockey__botB.bc24,clbarrell.duck8,1,B,b12,1,1414,CAPTURE,3300,3300,210,23,35,287,10,3,7,667,320,0,458,347,1026,169,47.1
gauntlet/20261001-161311-scrim-b12/replays/clbarrell.duck8__Islands__botB.bc24,clbarrell.duck8,0,A,duck8,0,941,CAPTURE,5800,5800,201,9,18,222,7,1,6,50,24,4,154,135,167,355,41.0
gauntlet/20261001-161311-scrim-b12/replays/clbarrell.duck8__Islands__botB.bc24,clbarrell.duck8,1,B,b12,1,941,CAPTURE,4400,4400,201,20,20,217,7,3,4,145,70,6,162,150,355,167,45.7
gauntlet/20261001-161311-scrim-b12/replays/dmtrung14.defaultplayer_intlqualifier__OceanFloor__botB.bc24,dmtrung14.defaultplayer_intlqualifier,0,A,defaultplayer_intlqualifier,0,814,CAPTURE,1300,1300,201,19,12,239,40,1,12,484,174,3,59,56,22,416,37.5
gauntlet/20261001-161311-scrim-b12/replays/dmtrung14.defaultplayer_intlqualifier__OceanFloor__botB.bc24,dmtrung14.defaultplayer_intlqualifier,1,B,b12,1,814,CAPTURE,1400,1500,201,39,41,236,6,3,3,420,203,12,153,105,416,22,49.3
gauntlet/20261001-161311-scrim-b12/replays/dmtrung14.defaultplayer_intlqualifier__GaltonBoard__botB.bc24,dmtrung14.defaultplayer_intlqualifier,0,A,defaultplayer_intlqualifier,0,2000,LEVEL_SUM,0,1000,201,14,15,233,10,1,0,300,2,5,82,73,99,1499,31.7
gauntlet/20261001-161311-scrim-b12/replays/dmtrung14.defaultplayer_intlqualifier__GaltonBoard__botB.bc24,dmtrung14.defaultplayer_intlqualifier,1,B,b12,1,2000,LEVEL_SUM,0,3600,215,16,16,245,7,1,5,1711,909,0,276,246,1499,99,48.8
gauntlet/20261001-161311-scrim-b12/replays/clbarrell.duck8__Mountain__botB.bc24,clbarrell.duck8,0,A,duck8,0,2000,MORE_FLAG_CAPTURES,3800,5900,203,3,5,203,23,1,22,58,13,1,253,234,412,1166,35.8
gauntlet/20261001-161311-scrim-b12/replays/clbarrell.duck8__Mountain__botB.bc24,clbarrell.duck8,1,B,b12,1,2000,MORE_FLAG_CAPTURES,4100,5000,201,5,10,267,3,2,1,266,127,22,407,322,1166,412,45.0
gauntlet/20261001-161311-scrim-b12/replays/jonters.bling3__Alien__botA.bc24,jonters.bling3,1,A,b12,1,1160,CAPTURE,3300,3300,202,15,7,219,16,3,13,169,77,8,183,161,465,222,45.4
gauntlet/20261001-161311-scrim-b12/replays/jonters.bling3__Alien__botA.bc24,jonters.bling3,0,B,bling3,0,1160,CAPTURE,3300,3300,204,26,16,230,9,1,8,104,44,13,106,100,222,465,40.0
gauntlet/20261001-161311-scrim-b12/replays/jonters.bling3__Snake__botA.bc24,jonters.bling3,1,A,b12,1,707,CAPTURE,13100,22600,203,32,23,219,7,3,4,529,258,1,303,274,170,124,45.8
gauntlet/20261001-161311-scrim-b12/replays/jonters.bling3__Snake__botA.bc24,jonters.bling3,0,B,bling3,0,707,CAPTURE,13100,31000,204,45,41,252,3,1,1,186,86,4,152,118,124,170,43.9
gauntlet/20261001-161311-scrim-b12/replays/jonters.bling3__Hockey__botB.bc24,jonters.bling3,0,A,bling3,0,1028,CAPTURE,3300,4500,203,36,35,268,6,2,4,122,57,5,73,70,134,365,41.1
gauntlet/20261001-161311-scrim-b12/replays/jonters.bling3__Hockey__botB.bc24,jonters.bling3,1,B,b12,1,1028,CAPTURE,1800,2400,230,1,0,247,8,3,5,352,171,4,171,113,365,134,46.8
gauntlet/20261001-161311-scrim-b12/replays/justinottesen.sprint1__Battlecode24__botB.bc24,justinottesen.sprint1,0,A,sprint1,0,631,CAPTURE,11400,15200,206,1,1,438,0,0,0,0,0,6,77,67,61,266,40.2
gauntlet/20261001-161311-scrim-b12/replays/justinottesen.sprint1__Battlecode24__botB.bc24,justinottesen.sprint1,1,B,b12,1,631,CAPTURE,10400,22500,202,30,32,210,9,3,6,254,125,0,331,282,266,61,47.6
gauntlet/20261001-161311-scrim-b12/replays/jonters.bling3__DefaultHuge__botB.bc24,jonters.bling3,0,A,bling3,0,1849,CAPTURE,3700,3700,201,25,20,227,6,1,5,85,39,17,120,101,173,562,42.3
gauntlet/20261001-161311-scrim-b12/replays/jonters.bling3__DefaultHuge__botB.bc24,jonters.bling3,1,B,b12,1,1849,CAPTURE,3700,3700,201,13,15,205,20,3,17,305,153,5,256,237,562,173,47.7
gauntlet/20261001-161311-scrim-b12/replays/justinottesen.sprint1__GaltonBoard__botB.bc24,justinottesen.sprint1,0,A,sprint1,0,991,CAPTURE,0,21900,201,7,19,278,0,0,0,0,0,9,183,177,138,715,32.8
gauntlet/20261001-161311-scrim-b12/replays/justinottesen.sprint1__GaltonBoard__botB.bc24,justinottesen.sprint1,1,B,b12,1,991,CAPTURE,0,6400,202,0,1,207,12,3,9,197,92,0,243,177,715,138,46.5
gauntlet/20261001-161311-scrim-b12/replays/jonters.bling3__Whirlpool__botB.bc24,jonters.bling3,0,A,bling3,0,1575,CAPTURE,2800,8000,201,44,45,297,6,1,5,66,28,2,102,103,207,626,40.0
gauntlet/20261001-161311-scrim-b12/replays/jonters.bling3__Whirlpool__botB.bc24,jonters.bling3,1,B,b12,1,1575,CAPTURE,1800,2000,320,0,0,521,5,3,2,132,65,5,188,179,626,207,46.8
gauntlet/20261001-161311-scrim-b12/replays/justinottesen.sprint1__Joker__botA.bc24,justinottesen.sprint1,1,A,b12,1,703,CAPTURE,14500,22100,202,31,16,229,11,3,8,360,174,1,343,296,299,91,46.8
gauntlet/20261001-161311-scrim-b12/replays/justinottesen.sprint1__Joker__botA.bc24,justinottesen.sprint1,0,B,sprint1,0,703,CAPTURE,14300,16700,203,12,10,249,1,0,1,52,25,8,129,109,91,299,40.1
gauntlet/20261001-161311-scrim-b12/replays/justinottesen.sprint1__Hurricane__botB.bc24,justinottesen.sprint1,0,A,sprint1,0,1004,CAPTURE,4200,4500,201,14,6,214,14,0,14,120,52,18,29,27,36,615,35.3
gauntlet/20261001-161311-scrim-b12/replays/justinottesen.sprint1__Hurricane__botB.bc24,justinottesen.sprint1,1,B,b12,1,1004,CAPTURE,4500,4500,201,19,36,210,21,3,18,598,289,14,286,272,615,36,49.1
gauntlet/20261001-161311-scrim-b12/replays/justinottesen.sprint1__Rivers__botB.bc24,justinottesen.sprint1,0,A,sprint1,0,472,CAPTURE,1500,2700,202,2,0,459,0,0,0,0,0,5,27,26,18,269,36.9
gauntlet/20261001-161311-scrim-b12/replays/justinottesen.sprint1__Rivers__botB.bc24,justinottesen.sprint1,1,B,b12,1,472,CAPTURE,1100,1500,207,4,23,228,8,3,5,194,94,0,100,51,269,18,49.0
gauntlet/20261001-161311-scrim-b12/replays/justinottesen.sprint1__StarryNight__botA.bc24,justinottesen.sprint1,1,A,b12,1,640,CAPTURE,13600,13600,201,15,2,375,6,3,3,201,96,1,238,196,314,73,47.2
gauntlet/20261001-161311-scrim-b12/replays/justinottesen.sprint1__StarryNight__botA.bc24,justinottesen.sprint1,0,B,sprint1,0,640,CAPTURE,13600,16800,201,9,4,201,2,1,1,38,18,3,85,83,73,314,38.5
gauntlet/20261001-161311-scrim-b12/replays/kyleezz.jeeryfix3__OceanFloor__botA.bc24,kyleezz.jeeryfix3,1,A,b12,1,1714,CAPTURE,1400,1400,201,14,20,318,11,3,8,392,191,16,421,323,1006,353,45.0
gauntlet/20261001-161311-scrim-b12/replays/kyleezz.jeeryfix3__OceanFloor__botA.bc24,kyleezz.jeeryfix3,0,B,jeeryfix3,0,1714,CAPTURE,1400,1400,201,19,2,223,18,2,16,205,100,8,170,169,353,1006,35.7
gauntlet/20261001-161311-scrim-b12/replays/quesswho.cretplayer2_3__Capacitance__botA.bc24,quesswho.cretplayer2_3,1,A,b12,1,2000,MORE_FLAG_CAPTURES,3600,4100,201,24,18,201,8,1,6,138,61,20,406,381,1276,337,45.9
gauntlet/20261001-161311-scrim-b12/replays/quesswho.cretplayer2_3__Capacitance__botA.bc24,quesswho.cretplayer2_3,0,B,cretplayer2_3,0,2000,MORE_FLAG_CAPTURES,3600,5900,201,29,29,215,23,0,20,1036,178,6,277,259,337,1276,34.2
