224,B,1,9,7,6,9,5,5.6,DIED
212,B,1,18,27,2,6,18,1.3,DIED
225,B,1,30,20,2,6,28,2.1,DIED
234,B,0,29,26,1,3,28,2.5,CAPTURE
259,B,1,30,20,2,4,13,2.7,CAPTURE
268,B,1,9,7,4,4,4,3.8,DIED
279,B,1,9,7,5,5,1,4.0,DIED
296,B,1,9,7,8,8,3,8.7,DIED
336,B,1,9,7,14,16,4,8.5,DIED
239,B,1,14,16,7,7,27,4.2,DIED
273,B,1,14,16,0,3,5,2.0,DIED
279,B,1,9,28,4,7,7,3.9,DIED
354,B,1,9,28,3,5,12,3.8,DIED
373,B,1,9,28,1,16,3,8.0,DIED
381,B,1,14,16,7,15,3,6.3,DIED
387,B,0,17,15,14,26,1,12.0,DIED
391,B,0,17,14,18,32,1,15.0,DIED
395,B,0,19,14,16,29,3,11.3,DIED
384,B,1,7,9,0,1,19,2.5,DIED
400,B,0,22,15,17,29,7,4.4,DIED
408,B,1,7,9,1,11,2,10.5,DIED
408,B,0,27,13,3,10,10,0.5,CAPTURE
970,B,1,9,28,0,1,5,0.4,DIED
986,B,1,9,28,0,2,6,2.0,DIED
1137,B,1,9,28,1,1,3,2.3,DIED
1602,B,1,9,28,0,1,7,1.4,DIED
1920,B,1,9,28,1,2,1,1.0,DIED
238,B,1,29,3,7,7,5,5.6,DIED
246,B,0,29,5,2,7,6,4.2,DIED
250,B,1,11,3,7,11,4,5.0,DIED
257,B,1,29,3,3,11,1,4.0,DIED
262,B,1,29,3,3,10,6,4.8,DIED
272,B,0,31,5,13,18,2,12.5,DIED
313,B,1,11,3,15,15,0,0.0,DIED
315,B,0,12,5,9,14,4,7.5,DIED
314,B,1,47,2,0,3,7,3.1,DIED
322,B,0,12,7,7,13,6,3.8,DIED
330,B,0,11,9,2,4,18,2.6,DIED
357,B,1,11,3,5,7,1,5.0,DIED
361,B,0,12,3,4,11,2,7.0,DIED
394,B,1,29,3,0,1,15,2.6,DIED
411,B,1,47,2,5,5,6,4.3,DIED
419,B,0,47,3,6,6,3,6.0,DIED
427,B,1,47,2,7,7,51,1.6,DIED
491,B,1,29,3,0,7,9,5.7,DIED
505,B,1,29,3,9,21,1,8.0,DIED
508,B,0,28,3,8,17,3,13.3,DIED
470,B,1,11,3,0,0,66,0.4,CAPTURE
727,B,1,47,2,4,4,2,3.5,DIED
939,B,1,47,2,5,6,1,5.0,DIED
1149,B,1,47,2,5,5,3,4.0,DIED
1153,B,0,46,5,6,6,3,3.7,DIED
1159,B,0,45,7,5,13,4,3.5,DIED
1173,B,1,29,3,14,24,0,0.0,DIED
1219,B,1,47,2,4,4,3,3.7,DIED
1293,B,1,47,2,3,3,3,3.7,DIED
1301,B,1,47,2,4,11,1,6.0,DIED
1334,B,1,29,3,7,9,1,7.0,DIED
1337,B,0,28,3,9,10,2,9.0,DIED
1481,B,1,29,3,1,3,9,2.0,DIED
1525,B,1,47,2,3,3,3,2.3,DIED
1620,B,1,47,2,3,3,4,3.0,DIED
1626,B,0,46,5,5,5,22,2.8,DIED
1858,B,1,47,2,3,3,3,2.7,DIED
1862,B,0,46,6,3,4,1,3.0,DIED
435,A,1,41,50,1,1,70,0.0,CAPTURE
635,A,1,33,19,1,1,5,1.6,DIED
641,A,0,29,19,6,9,1,6.0,DIED
644,A,0,27,19,7,10,2,6.0,DIED
649,A,1,36,8,0,1,0,0.0,DIED
666,A,1,36,8,1,3,4,3.3,DIED
939,A,1,33,19,4,7,3,2.3,DIED
954,A,1,33,19,5,13,3,4.3,DIED
959,A,0,31,18,5,19,4,4.0,DIED
965,A,0,29,17,2,17,34,0.1,CAPTURE
324,A,1,48,26,8,13,2,12.5,DIED
328,A,0,46,27,14,19,11,11.1,DIED
340,A,0,46,34,12,23,3,4.3,DIED
347,A,0,46,37,5,16,4,4.3,DIED
352,A,0,46,39,5,15,22,2.0,CAPTURE
329,A,1,4,5,7,7,48,0.9,CAPTURE
636,A,1,46,5,1,1,0,0.0,DIED
639,A,0,45,7,2,2,4,2.0,DIED
645,A,0,44,10,2,2,4,1.8,DIED
685,A,1,46,5,5,5,0,0.0,DIED
785,A,1,46,5,0,1,41,0.2,DIED
828,A,0,46,23,3,4,2,3.0,DIED
833,A,0,44,24,6,6,0,0.0,DIED
223,A,1,25,35,2,3,39,0.6,DIED
264,A,0,8,16,2,2,6,0.0,CAPTURE
532,A,1,52,28,1,2,4,0.5,DIED
537,A,0,51,25,1,2,9,3.2,DIED
548,A,0,48,21,7,8,5,8.2,DIED
583,A,1,45,34,1,1,0,0.0,DIED
642,A,1,45,34,2,7,3,1.7,DIED
646,A,0,44,32,3,12,2,6.0,DIED
649,A,0,45,31,10,13,1,10.0,DIED
651,A,0,44,29,12,13,3,8.3,DIED
837,A,1,45,34,4,13,6,8.7,DIED
844,A,0,44,32,17,29,6,14.8,DIED
852,A,0,43,28,14,28,3,8.3,DIED
907,A,1,52,28,6,11,2,8.0,DIED
1349,A,1,52,28,9,9,1,6.0,DIED
1351,A,0,50,26,8,11,0,0.0,DIED
1353,A,0,48,25,7,12,3,7.7,DIED
328,B,1,18,6,14,15,2,12.0,DIED
333,B,0,17,8,12,16,6,7.3,DIED
441,B,1,29,6,4,5,6,6.3,DIED
449,B,0,28,11,15,24,56,0.6,CAPTURE
591,B,1,18,6,7,14,1,9.0,DIED
474,B,1,41,6,0,2,156,0.0,CAPTURE
281,B,1,2,12,3,12,1,10.0,DIED
254,B,1,5,21,7,11,36,3.4,DIED
292,B,0,19,23,2,9,4,1.0,CAPTURE
475,B,1,2,12,4,11,2,11.0,DIED
256,A,1,46,42,3,12,62,0.8,CAPTURE
324,A,1,56,56,2,2,3,2.3,DIED
397,A,1,56,34,5,5,8,2.4,DIED
406,A,0,51,33,2,5,5,1.0,DIED
413,A,0,48,31,2,6,12,2.0,DIED
554,A,1,56,34,11,14,10,12.7,DIED
565,A,0,50,32,20,25,2,15.5,DIED
568,A,0,50,30,18,28,0,0.0,DIED
256,B,1,7,15,4,6,1,2.0,DIED
258,B,0,9,15,4,9,5,3.4,DIED
264,B,0,9,18,3,8,7,2.4,DIED
272,B,0,8,14,10,20,1,8.0,DIED
274,B,0,8,14,12,20,3,11.0,DIED
370,B,1,3,27,4,4,2,3.5,DIED
375,B,1,3,3,4,4,16,2.1,DIED
374,B,0,5,28,5,5,26,2.4,DIED
404,B,1,7,15,0,0,6,0.7,DIED
413,B,0,8,15,2,2,2,3.0,DIED
404,B,0,20,28,1,1,27,0.5,DIED
531,B,1,7,15,3,5,3,3.0,DIED
1113,B,1,3,27,4,4,9,4.0,DIED
1296,B,1,3,27,10,13,0,0.0,DIED
1491,B,1,3,27,5,5,6,1.8,DIED
1498,B,0,7,29,0,3,69,0.6,DIED
1571,B,0,41,19,4,4,3,4.0,DIED
1575,B,0,44,17,4,4,2,3.5,DIED
1581,B,0,46,16,3,5,6,2.0,DIED
1588,B,0,46,17,2,14,4,7.3,DIED
340,B,1,5,44,7,10,0,0.0,DIED
342,B,0,6,44,7,10,7,4.7,DIED
351,B,0,11,43,9,11,6,6.0,DIED
400,B,1,5,5,3,5,4,3.5,DIED
428,B,1,5,44,3,8,3,4.3,DIED
432,B,0,8,44,6,9,7,5.9,DIED
441,B,0,12,43,7,9,7,5.7,DIED
256,B,1,6,31,10,13,1,8.0,DIED
258,B,0,8,31,6,12,4,6.8,DIED
242,B,1,30,55,3,4,31,1.1,DIED
300,B,1,6,55,1,2,6,1.5,DIED
319,B,1,6,55,8,9,2,8.0,DIED
323,B,0,7,53,9,9,5,6.6,DIED
337,B,1,6,55,5,6,2,7.0,DIED
347,B,1,6,31,6,9,6,5.3,DIED
354,B,0,10,27,5,10,44,0.1,CAPTURE
504,B,1,6,55,1,1,8,1.4,DIED
514,B,0,11,52,2,3,9,4.7,DIED
478,B,1,30,55,1,1,50,0.0,CAPTURE
637,B,1,6,55,1,1,3,2.3,DIED
641,B,0,9,54,3,3,5,3.6,DIED
652,B,1,6,55,0,4,3,2.0,DIED
1244,B,1,6,55,1,1,14,1.0,DIED
1261,B,0,12,47,2,4,2,3.0,DIED
332,B,1,5,29,8,13,4,4.0,DIED
359,B,1,18,33,1,5,6,2.8,DIED
339,B,0,7,28,2,11,30,0.1,CAPTURE
366,B,0,15,31,10,17,4,7.8,DIED
371,B,0,12,30,10,23,3,10.3,DIED
417,B,1,33,28,8,12,2,6.0,DIED
420,B,0,33,26,7,13,24,0.8,CAPTURE
490,B,1,18,33,1,2,7,2.0,DIED
498,B,0,13,29,4,6,5,2.8,DIED
506,B,0,10,26,4,5,8,3.6,DIED
517,B,0,9,25,10,13,5,11.6,DIED
924,B,1,18,33,1,1,2,1.0,DIED
1126,B,1,18,33,1,6,2,1.0,DIED
1129,B,0,17,32,4,6,1,6.0,DIED
1536,B,1,18,33,2,4,4,0.5,DIED
1702,B,1,18,33,0,1,46,0.0,CAPTURE
246,B,1,37,35,12,16,2,11.5,DIED
249,B,0,36,35,12,15,3,10.7,DIED
253,B,0,37,32,10,16,6,7.0,DIED
265,B,1,37,35,8,12,8,6.3,DIED
273,B,1,21,42,1,3,6,2.8,DIED
344,B,1,5,38,11,14,1,8.0,DIED
346,B,0,4,36,9,13,57,1.0,CAPTURE
460,B,1,37,35,13,16,2,11.0,DIED
463,B,0,37,32,13,16,40,0.6,CAPTURE
550,B,1,21,42,1,1,5,2.2,DIED
556,B,0,22,39,3,8,2,7.5,DIED
566,B,1,21,42,4,7,3,6.7,DIED
610,B,1,21,42,1,4,2,1.5,DIED
640,B,1,21,42,1,4,5,3.4,DIED
708,B,1,21,42,1,1,5,2.6,DIED
719,B,1,21,42,7,16,1,11.0,DIED
779,B,1,21,42,1,2,4,3.8,DIED
785,B,0,22,39,10,16,3,10.0,DIED
790,B,0,21,38,16,22,4,19.3,DIED
853,B,1,21,42,1,2,4,2.5,DIED
859,B,0,22,39,5,11,0,0.0,DIED
925,B,1,21,42,1,1,6,2.3,DIED
938,B,1,21,42,2,15,1,17.0,DIED
252,B,1,2,40,5,10,4,2.3,DIED
258,B,0,6,41,3,9,50,0.0,CAPTURE
395,B,1,3,3,4,4,3,4.0,DIED
400,B,0,6,3,4,11,6,7.2,DIED
407,B,0,10,1,13,22,3,5.7,DIED
411,B,0,13,0,10,26,7,5.7,DIED
421,B,0,18,1,9,23,2,7.5,DIED
424,B,0,20,1,11,21,3,6.0,DIED
429,B,0,23,1,10,21,5,6.4,DIED
435,B,0,27,2,9,20,4,4.0,CAPTURE
417,B,1,7,18,0,3,36,0.0,CAPTURE
220,B,1,8,36,5,9,4,4.8,DIED
225,B,0,9,36,5,6,38,0.2,CAPTURE
294,B,1,12,18,12,20,1,11.0,DIED
299,B,0,14,19,12,29,12,6.3,DIED
312,B,0,20,19,12,35,8,0.3,CAPTURE
325,B,1,8,3,2,3,4,2.8,DIED
331,B,0,11,3,4,11,1,4.0,DIED
1586,B,1,8,3,6,8,3,3.0,DIED
1590,B,0,10,2,4,10,1,3.0,DIED
1593,B,0,11,2,4,10,5,6.8,DIED
1600,B,0,13,2,10,10,1,6.0,DIED
1602,B,0,15,1,7,11,0,0.0,DIED
1606,B,0,15,1,10,17,0,0.0,DIED
1671,B,1,8,3,4,4,2,3.5,DIED
270,B,1,11,19,3,5,5,3.0,DIED
303,B,1,3,50,1,1,0,0.0,DIED
304,B,0,4,49,1,1,0,0.0,DIED
303,B,1,11,19,9,9,3,6.0,DIED
308,B,0,13,18,7,12,9,7.6,DIED
319,B,0,18,19,9,16,15,4.1,DIED
336,B,0,25,18,8,17,7,8.0,DIED
307,B,0,5,49,1,1,67,0.0,CAPTURE
382,B,1,5,21,2,8,5,4.4,DIED
390,B,0,9,19,11,24,4,9.3,DIED
400,B,1,5,21,3,13,6,7.2,DIED
411,B,1,5,21,10,21,3,12.7,DIED
416,B,0,8,23,14,19,3,14.7,DIED
1835,B,1,5,21,1,2,2,1.0,DIED
228,B,1,24,20,7,11,1,8.0,DIED
233,B,0,24,21,11,17,11,6.3,DIED
230,B,1,15,20,10,18,15,5.4,CAPTURE
245,B,1,6,20,10,19,2,10.5,DIED
259,B,1,6,20,11,22,3,10.7,DIED
293,B,1,24,20,5,11,2,7.0,DIED
297,B,0,25,20,8,11,2,7.5,DIED
300,B,0,23,21,8,14,12,2.4,CAPTURE
564,B,1,6,20,22,36,4,21.0,DIED
569,B,0,6,21,20,30,1,13.0,DIED
571,B,0,8,22,14,29,10,9.0,DIED
582,B,0,8,27,5,15,2,2.0,CAPTURE
265,B,1,8,11,14,22,3,15.0,DIED
272,B,1,1,17,3,10,48,3.0,CAPTURE
229,B,1,36,11,9,9,5,6.4,DIED
236,B,0,38,15,6,7,10,5.8,DIED
299,B,1,2,6,12,13,1,12.0,DIED
347,B,1,21,6,3,4,3,3.7,DIED
352,B,0,21,9,4,7,4,4.0,DIED
357,B,0,20,9,5,8,7,4.0,DIED
429,B,1,2,6,3,3,2,3.0,DIED
432,B,0,2,8,3,3,7,2.9,DIED
467,B,1,36,11,1,2,4,2.3,DIED
470,B,1,21,6,2,10,15,2.2,DIED
490,B,1,21,6,11,21,0,0.0,DIED
440,B,0,5,12,5,6,50,0.3,CAPTURE
492,B,0,21,7,14,26,3,10.7,DIED
557,B,1,21,6,15,21,1,17.0,DIED
560,B,0,21,8,19,24,2,18.5,DIED
565,B,0,21,9,20,30,1,17.0,DIED
570,B,0,20,8,21,31,9,9.9,DIED
583,B,0,19,14,6,26,4,6.8,DIED
590,B,1,36,11,3,4,26,0.4,CAPTURE
1413,B,1,21,6,5,9,4,9.3,DIED
1418,B,0,21,9,10,13,4,10.8,DIED
234,A,1,38,26,2,3,28,0.0,CAPTURE
378,A,1,52,9,10,14,6,3.8,DIED
385,A,0,47,10,3,9,8,3.0,DIED
396,A,0,41,11,2,6,7,4.4,DIED
448,A,1,52,28,7,8,5,6.0,DIED
607,A,1,52,9,3,3,9,1.6,DIED
811,A,1,52,9,1,2,2,1.5,DIED
815,A,0,50,8,2,2,9,1.3,DIED
1565,A,1,52,9,3,3,2,2.5,DIED
1779,A,1,52,9,2,2,4,2.0,DIED
1787,A,0,49,9,4,5,2,5.0,DIED
256,A,1,15,20,26,33,2,23.0,DIED
241,B,1,29,4,4,4,3,5.3,DIED
246,B,0,28,6,9,9,2,7.5,DIED
249,B,0,28,8,8,10,4,5.0,DIED
248,B,1,52,4,1,1,5,1.6,DIED
259,B,1,29,4,5,13,3,9.0,DIED
266,B,1,6,4,4,4,54,0.5,DIED
333,B,1,52,4,1,2,5,1.8,DIED
342,B,0,52,8,5,5,28,1.8,DIED
374,B,0,53,23,14,14,2,13.0,DIED
383,B,1,29,4,0,0,96,0.0,CAPTURE
628,B,1,6,4,1,1,5,1.0,DIED
635,B,0,6,7,1,2,6,2.5,DIED
661,B,1,52,4,2,2,4,2.8,DIED
668,B,0,52,8,5,5,2,5.0,DIED
724,B,1,6,4,2,2,2,2.0,DIED
727,B,0,6,7,2,2,9,2.4,DIED
738,B,0,7,13,3,4,3,2.3,DIED
743,B,0,6,15,4,6,4,2.5,DIED
710,B,1,52,4,2,2,96,0.1,CAPTURE
826,B,1,6,4,6,6,1,4.0,DIED
828,B,0,5,6,6,7,6,3.5,DIED
1234,B,1,6,4,3,4,4,3.0,DIED
1239,B,0,7,8,4,6,35,1.5,DIED
1735,B,1,6,4,3,5,1,3.0,DIED
1737,B,0,7,6,3,5,56,0.4,DIED
233,A,1,27,25,1,1,3,1.0,DIED
306,A,1,27,25,1,1,11,2.3,DIED
312,A,1,25,43,0,5,36,0.1,CAPTURE
347,A,1,27,25,1,3,4,1.3,DIED
388,A,1,27,25,3,8,3,4.7,DIED
392,A,0,24,25,6,13,4,6.3,DIED
419,A,1,27,25,13,18,2,15.5,DIED
432,A,1,26,5,6,9,2,4.5,DIED
498,A,1,26,5,4,8,0,0.0,DIED
500,A,0,24,5,6,12,1,6.0,DIED
503,A,0,24,4,8,13,1,6.0,DIED
687,A,1,26,5,7,7,0,0.0,DIED
689,A,0,24,4,7,7,4,7.8,DIED
795,A,1,26,5,8,8,3,7.7,DIED
799,A,0,23,6,7,8,16,2.8,DIED
1333,A,1,26,5,3,3,1,2.0,DIED
242,A,1,19,28,8,9,3,10.0,DIED
246,A,0,18,28,11,14,14,8.0,DIED
258,A,1,26,14,21,27,9,13.0,DIED
268,A,0,26,12,18,24,1,20.0,DIED
270,A,0,25,12,21,26,12,14.2,DIED
300,A,1,19,28,6,10,7,8.7,DIED
310,A,0,16,23,6,18,2,5.5,DIED
314,A,0,15,24,5,13,4,5.5,DIED
319,A,0,15,25,8,13,8,2.4,DIED
329,A,0,11,24,0,5,20,0.0,CAPTURE
212,A,1,12,21,7,14,4,8.3,DIED
217,A,0,12,20,12,15,16,1.4,CAPTURE
444,A,1,38,15,5,10,3,2.0,DIED
448,A,0,35,14,2,16,4,5.5,DIED
528,A,1,38,15,5,16,3,5.3,DIED
1667,A,1,38,2,5,8,1,5.0,DIED
1669,A,0,36,2,8,10,3,9.0,DIED
1871,A,1,38,2,5,5,0,0.0,DIED
1872,A,0,37,3,6,6,6,6.3,DIED
1880,A,0,32,10,11,21,6,7.5,DIED
1887,A,0,30,13,6,22,2,10.5,DIED
1894,A,0,32,14,10,22,26,0.7,CAPTURE
305,B,1,16,15,18,23,2,13.5,DIED
310,B,0,17,13,21,30,2,16.5,DIED
1067,B,1,10,22,1,4,4,4.0,DIED
219,B,1,19,14,2,11,8,3.6,DIED
228,B,1,19,14,6,14,0,0.0,DIED
229,B,0,18,14,9,18,3,12.0,DIED
244,B,1,19,14,18,23,0,0.0,DIED
246,B,0,19,16,21,24,0,0.0,DIED
374,B,1,55,33,4,4,1,4.0,DIED
379,B,0,55,35,4,4,2,3.5,DIED
591,B,1,19,14,4,5,4,3.8,DIED
596,B,0,18,15,3,6,6,3.0,DIED
604,B,0,13,18,3,6,14,2.9,DIED
629,B,1,33,3,0,0,22,0.6,DIED
662,B,1,33,3,1,1,4,1.3,DIED
666,B,1,55,33,7,9,3,5.3,DIED
672,B,0,53,36,6,8,3,5.0,DIED
688,B,1,55,33,9,10,2,9.0,DIED
891,B,1,19,14,0,0,10,2.3,DIED
1123,B,1,19,14,2,5,4,4.0,DIED
1140,B,1,19,14,5,6,1,6.0,DIED
1162,B,1,19,14,2,5,4,5.5,DIED
1474,B,1,19,14,2,2,6,2.0,DIED
1482,B,0,18,17,2,2,12,1.0,DIED
1496,B,0,14,22,1,1,7,1.0,DIED
1552,B,1,55,33,15,21,1,15.0,DIED
1535,B,1,19,14,0,1,32,0.7,DIED
1508,B,1,33,3,0,0,61,0.4,DIED
1618,B,1,19,14,1,1,4,2.5,DIED
1992,B,1,19,14,1,1,5,0.4,DIED
236,A,1,25,24,15,18,34,3.6,CAPTURE
1855,A,1,39,20,8,9,9,2.8,DIED
1964,A,1,48,2,2,2,3,2.0,DIED
1968,A,0,46,2,2,2,5,3.0,DIED
400,A,1,45,38,16,16,4,16.0,DIED
493,A,1,17,42,6,7,2,6.0,DIED
513,A,1,45,38,19,22,1,15.0,DIED
516,A,0,44,36,16,23,26,2.2,CAPTURE
556,A,1,17,42,6,7,48,0.7,CAPTURE
692,A,1,32,52,1,1,15,0.5,DIED
711,A,0,36,43,4,9,5,3.0,DIED
227,A,1,27,21,6,15,1,6.0,DIED
230,A,0,25,20,9,16,20,1.5,CAPTURE
239,A,1,31,3,6,9,40,0.3,CAPTURE
294,A,1,31,36,4,4,2,4.0,DIED
325,A,1,31,36,1,4,40,0.0,CAPTURE
225,A,1,40,45,2,2,10,6.3,DIED
223,A,1,26,56,2,2,18,1.1,DIED
391,A,1,26,56,1,1,18,1.3,DIED
353,A,1,40,45,1,1,98,1.4,CAPTURE
457,A,1,26,56,0,0,36,0.5,DIED
500,A,1,26,56,1,1,2,1.0,DIED
677,A,1,26,56,0,0,23,0.3,DIED
870,A,1,26,56,1,1,27,0.5,DIED
1271,A,1,4,26,15,27,1,13.0,DIED
264,A,1,5,6,11,16,1,12.0,DIED
268,A,0,6,8,10,17,3,10.3,DIED
272,A,0,5,9,12,17,52,0.4,CAPTURE
378,A,1,37,9,3,4,46,0.2,CAPTURE
1185,A,1,21,2,6,10,2,9.5,DIED
1596,A,1,21,2,2,2,4,2.0,DIED
1602,A,0,21,4,2,2,5,2.8,DIED
242,A,1,15,20,19,29,30,0.6,CAPTURE
231,B,1,30,55,9,11,0,0.0,DIED
236,B,1,30,55,14,15,0,0.0,DIED
239,B,0,30,54,16,17,7,10.4,DIED
286,B,1,6,55,3,3,4,4.0,DIED
267,B,1,6,31,0,1,30,1.2,DIED
299,B,0,21,17,5,5,24,0.8,CAPTURE
304,B,1,6,55,4,4,24,3.2,DIED
329,B,0,13,43,8,17,11,11.4,DIED
333,B,1,30,55,0,1,48,0.0,CAPTURE
498,B,1,6,55,18,23,2,14.5,DIED
503,B,0,8,54,14,22,2,12.0,DIED
507,B,0,8,53,14,22,20,4.9,DIED
641,B,1,6,55,1,1,6,1.5,DIED
649,B,0,11,52,2,4,3,3.3,DIED
808,B,1,6,55,3,3,3,3.3,DIED
1536,B,1,6,55,2,2,5,1.6,DIED
1542,B,0,7,55,1,1,107,0.2,DIED
1651,B,0,15,33,10,14,4,6.0,DIED
1830,B,1,6,55,2,2,3,2.0,DIED
234,B,1,10,13,6,6,2,4.5,DIED
222,B,1,13,24,4,7,19,2.8,DIED
244,B,0,24,24,2,3,0,0.0,CAPTURE
237,B,0,12,15,7,12,10,7.3,DIED
292,B,1,10,13,3,12,1,5.0,DIED
297,B,0,12,14,6,16,8,5.5,DIED
306,B,0,17,15,5,14,1,4.0,DIED
349,B,1,10,13,16,22,1,14.0,DIED
351,B,0,12,14,14,21,3,11.3,DIED
355,B,0,13,14,14,20,26,2.2,CAPTURE
435,B,1,7,24,2,12,6,2.3,DIED
443,B,0,11,26,2,6,13,1.2,DIED
509,B,1,7,24,16,21,5,16.8,DIED
515,B,0,8,25,14,22,1,11.0,DIED
520,B,0,10,25,17,25,2,19.0,DIED
526,B,0,11,25,16,30,2,5.0,DIED
530,B,0,14,26,6,24,5,7.0,DIED
537,B,0,16,23,12,27,14,9.6,DIED
555,B,0,15,29,15,26,3,16.3,DIED
671,B,1,7,24,5,10,1,2.0,DIED
673,B,0,7,25,3,10,1,3.0,DIED
675,B,0,9,25,4,10,8,1.5,DIED
686,B,0,15,24,4,12,5,4.8,DIED
693,B,0,18,23,3,11,14,1.4,CAPTURE
242,A,1,15,20,16,25,30,1.4,CAPTURE
332,A,1,26,4,2,2,2,2.5,DIED
366,A,1,26,4,2,2,5,1.8,DIED
402,A,1,26,4,0,0,13,1.3,DIED
564,A,1,4,4,13,13,1,9.0,DIED
586,A,1,26,4,1,2,64,0.1,CAPTURE
245,A,1,36,27,12,14,2,9.5,DIED
248,A,0,35,24,9,14,5,5.2,DIED
255,A,0,33,21,5,12,5,5.2,DIED
261,A,0,34,19,5,10,3,3.7,DIED
265,A,0,37,18,5,14,5,5.0,DIED
346,A,1,2,32,1,1,8,1.6,DIED
356,A,0,3,29,2,6,5,5.6,DIED
429,A,1,21,32,3,6,19,6.1,DIED
451,A,0,29,22,10,20,10,10.9,DIED
464,A,0,32,19,18,33,2,11.5,DIED
467,A,0,34,17,11,34,2,7.0,DIED
473,A,0,34,16,5,27,4,2.0,CAPTURE
453,A,1,2,32,0,0,58,0.0,CAPTURE
291,A,1,12,27,7,13,3,7.0,DIED
361,A,1,25,26,8,15,1,4.0,DIED
363,A,0,26,24,8,14,1,7.0,DIED
367,A,0,27,23,9,15,4,8.8,DIED
424,A,1,3,26,5,5,3,4.0,DIED
426,A,1,12,27,5,6,6,4.3,DIED
437,A,1,12,27,6,19,4,7.3,DIED
442,A,0,10,25,15,28,3,14.7,DIED
507,A,1,12,27,5,15,1,7.0,DIED
480,A,1,25,26,5,6,44,0.3,CAPTURE
686,A,1,12,27,9,20,1,7.0,DIED
956,A,1,12,27,6,20,2,9.0,DIED
1014,A,1,12,27,6,20,5,16.2,DIED
1033,A,1,3,26,19,29,2,17.0,DIED
1053,A,1,12,27,3,20,4,4.5,DIED
1141,A,1,12,27,2,14,5,14.4,DIED
1338,A,1,12,27,3,13,3,4.3,DIED
1346,A,1,12,27,15,28,1,14.0,DIED
1497,A,1,12,27,4,20,3,11.3,DIED
1504,A,0,11,25,23,35,4,20.8,DIED
1509,A,0,11,21,21,38,6,10.2,DIED
1589,A,1,12,27,5,18,3,4.3,DIED
1594,A,0,14,24,7,20,2,12.0,DIED
1597,A,0,13,23,18,27,1,14.0,DIED
247,B,1,9,27,3,14,8,9.5,DIED
259,B,0,7,21,20,27,2,20.0,DIED
416,B,1,27,27,4,4,4,4.5,DIED
423,B,0,29,24,5,6,3,4.0,DIED
427,B,0,28,22,5,8,6,5.0,DIED
438,B,1,27,27,1,7,3,4.0,DIED
556,B,1,27,27,3,3,9,2.9,DIED
568,B,0,25,22,2,10,15,2.2,DIED
641,B,1,27,27,1,1,4,2.0,DIED
646,B,0,27,25,3,3,3,3.7,DIED
652,B,0,26,24,4,4,8,4.1,DIED
712,B,1,27,27,2,2,8,1.1,DIED
722,B,0,27,21,1,2,18,1.8,DIED
750,B,1,9,27,0,0,14,1.4,DIED
266,B,1,6,5,19,21,0,0.0,DIED
270,B,0,6,6,16,21,4,9.5,DIED
276,B,1,2,20,2,3,7,1.7,DIED
331,B,1,8,27,10,13,50,0.8,CAPTURE
756,B,1,6,5,3,4,2,3.0,DIED
759,B,0,7,5,4,4,0,0.0,DIED
1596,B,1,6,5,5,5,58,0.0,CAPTURE
233,A,1,31,36,8,8,3,9.7,DIED
244,A,1,27,21,7,11,3,7.0,DIED
249,A,0,26,21,7,13,1,7.0,DIED
251,A,0,26,21,8,13,3,8.7,DIED
255,A,0,26,22,9,14,22,0.6,CAPTURE
325,A,1,31,36,4,7,4,3.8,DIED
331,A,0,27,37,6,6,22,1.0,DIED
354,A,0,15,38,2,3,5,3.0,DIED
363,A,0,12,37,5,5,1,5.0,DIED
359,A,1,31,3,7,10,7,3.3,DIED
367,A,0,11,36,5,5,0,0.0,CAPTURE
368,A,0,26,2,7,12,5,6.2,DIED
375,A,0,24,2,9,13,26,0.2,CAPTURE
290,A,1,22,28,14,31,3,14.3,DIED
294,A,0,20,28,16,32,5,5.4,DIED
300,A,0,16,29,8,21,10,2.0,CAPTURE
233,B,1,30,55,5,5,5,7.2,DIED
240,B,0,30,51,4,14,13,2.6,DIED
250,B,1,6,31,2,7,4,7.0,DIED
267,B,1,30,55,12,13,5,5.4,DIED
279,B,1,6,31,8,12,9,3.1,DIED
287,B,1,6,55,0,0,10,1.2,DIED
292,B,0,11,25,6,10,40,0.3,CAPTURE
419,B,1,30,55,0,0,49,0.4,DIED
474,B,1,30,55,2,3,2,2.0,DIED
387,B,1,6,55,3,4,98,0.3,CAPTURE
477,B,0,31,53,2,3,28,0.7,DIED
598,B,1,30,55,1,1,4,3.5,DIED
626,B,1,30,55,11,12,1,9.0,DIED
628,B,0,32,55,11,12,2,8.5,DIED
632,B,0,33,54,7,9,52,0.5,CAPTURE
301,B,1,41,6,1,1,6,2.2,DIED
309,B,0,39,10,3,4,83,0.9,DIED
403,B,1,29,6,0,1,1,0.0,DIED
405,B,0,29,8,0,0,24,1.6,DIED
430,B,0,29,21,9,16,2,8.0,DIED
430,B,1,41,6,0,1,13,0.4,DIED
435,B,0,28,22,11,18,10,12.4,DIED
511,B,1,29,6,3,8,6,2.3,DIED
516,B,1,18,6,14,19,8,7.1,DIED
528,B,0,20,12,5,15,54,0.5,CAPTURE
847,B,1,41,6,1,1,4,1.3,DIED
922,B,1,41,6,1,1,0,0.0,DIED
1265,B,1,41,6,1,1,8,1.6,DIED
1632,B,1,41,6,1,1,3,1.7,DIED
1772,B,1,29,6,7,15,4,6.8,DIED
1913,B,1,41,6,1,1,5,0.6,DIED
1974,B,1,41,6,2,2,1,1.0,DIED
247,B,1,21,4,6,7,1,5.0,DIED
307,B,1,4,45,1,1,10,1.9,DIED
570,B,1,4,45,1,1,17,1.4,DIED
670,B,1,4,45,1,1,6,0.5,DIED
876,B,1,16,30,8,10,2,6.5,DIED
1513,B,1,16,30,1,2,0,0.0,DIED
1537,B,1,4,45,0,0,26,0.3,DIED
266,A,1,13,55,2,3,8,2.8,DIED
276,A,0,14,52,6,10,6,6.2,DIED
283,A,0,17,49,8,13,2,10.5,DIED
298,A,1,13,55,3,10,9,3.7,DIED
313,A,1,13,55,2,8,6,4.3,DIED
322,A,0,11,51,1,10,6,4.8,DIED
333,A,1,13,55,2,4,1,1.0,DIED
335,A,0,14,54,2,5,3,2.7,DIED
235,A,1,42,55,1,3,104,0.0,CAPTURE
340,A,1,5,55,2,6,1,1.0,DIED
355,A,1,13,55,7,12,3,6.3,DIED
453,A,1,13,55,11,20,3,10.7,DIED
457,A,0,15,55,12,17,1,10.0,DIED
462,A,0,16,55,12,20,3,13.0,DIED
611,A,1,5,55,7,7,2,4.0,DIED
589,A,1,13,55,3,5,98,0.3,DIED
614,A,0,6,54,4,7,82,0.5,DIED
706,A,1,13,55,3,5,3,4.7,DIED
232,B,1,3,23,3,9,5,4.8,DIED
249,B,1,3,23,7,15,5,7.6,DIED
257,B,0,5,20,12,23,1,10.0,DIED
236,B,1,9,27,4,10,62,0.3,CAPTURE
394,B,1,3,23,6,10,0,0.0,DIED
947,B,1,3,3,4,4,1,4.0,DIED
1412,B,1,3,3,8,8,16,5.4,DIED
1429,B,0,12,1,6,13,4,3.0,DIED
1435,B,0,14,0,12,17,3,8.0,DIED
226,A,1,35,3,4,9,3,5.0,DIED
251,A,1,41,27,2,3,1,2.0,DIED
255,A,0,39,28,3,5,3,3.0,DIED
297,A,1,41,27,3,5,6,2.7,DIED
315,A,1,41,27,3,6,7,4.9,DIED
325,A,0,37,29,6,7,50,1.0,CAPTURE
367,A,1,41,7,5,14,8,11.6,DIED
436,A,1,41,7,10,22,1,10.0,DIED
440,A,0,40,9,18,26,78,0.8,CAPTURE
291,B,1,33,28,14,21,4,8.5,DIED
296,B,0,32,25,13,21,1,13.0,DIED
292,B,1,18,33,1,2,8,3.6,DIED
298,B,0,33,23,15,20,3,9.0,DIED
304,B,0,32,22,14,17,7,5.9,DIED
412,B,1,5,29,10,19,2,9.0,DIED
415,B,0,5,27,8,19,9,5.7,DIED
430,B,1,33,28,0,2,3,0.0,DIED
425,B,0,6,21,8,17,12,4.1,DIED
438,B,0,6,14,3,6,3,2.7,DIED
442,B,0,5,12,1,5,0,0.0,CAPTURE
434,B,0,34,25,0,1,22,0.0,CAPTURE
526,B,1,18,33,2,4,2,2.0,DIED
529,B,0,20,32,2,2,4,3.0,DIED
553,B,1,18,33,2,2,2,2.5,DIED
561,B,1,18,33,3,5,4,1.8,DIED
566,B,0,15,32,3,19,1,5.0,DIED
1524,B,1,18,33,1,1,8,1.9,DIED
1533,B,0,24,28,5,6,0,0.0,DIED
243,B,1,18,23,13,19,6,6.8,DIED
250,B,0,23,23,4,10,33,1.1,DIED
285,B,0,34,21,1,7,8,0.5,CAPTURE
269,B,1,3,40,0,0,36,1.6,DIED
301,B,1,6,3,0,0,23,0.5,DIED
240,A,1,42,55,7,8,2,7.0,DIED
243,A,0,43,55,7,9,7,3.7,DIED
288,A,1,13,55,4,6,0,0.0,DIED
297,A,1,13,55,8,10,1,8.0,DIED
251,A,0,45,50,1,1,91,0.2,CAPTURE
265,A,1,5,55,0,0,83,0.3,DIED
349,A,0,12,17,7,9,5,7.8,DIED
420,A,1,13,55,9,11,7,4.9,DIED
431,A,0,15,52,5,13,86,0.7,DIED
1286,A,1,13,55,7,9,3,6.0,DIED
1293,A,0,14,53,12,13,4,6.3,DIED
271,B,1,24,49,6,14,5,3.6,DIED
285,B,1,24,49,7,14,6,4.3,DIED
292,B,0,28,49,5,17,3,6.0,DIED
675,B,1,20,21,3,4,1,3.0,DIED
1060,B,1,24,49,10,12,4,7.3,DIED
1065,B,0,27,49,7,10,8,7.4,DIED
1074,B,0,31,48,11,17,3,10.0,DIED
1078,B,0,33,48,12,17,0,0.0,CAPTURE
208,B,1,18,27,5,9,3,6.0,DIED
214,B,0,17,24,7,13,3,7.7,DIED
219,B,1,30,20,2,6,1,1.0,DIED
219,B,0,15,26,7,14,3,9.0,DIED
225,B,1,30,20,4,5,3,3.7,DIED
230,B,1,18,27,3,15,2,10.5,DIED
234,B,1,30,20,3,4,8,2.8,DIED
259,B,1,18,27,7,14,2,6.0,DIED
262,B,0,20,29,8,14,12,5.9,DIED
312,B,1,18,27,3,6,6,3.7,DIED
323,B,1,18,27,15,21,2,12.5,DIED
324,B,1,30,20,1,3,4,1.8,DIED
331,B,1,9,7,9,11,8,6.4,DIED
340,B,0,15,7,7,10,6,3.8,DIED
349,B,0,19,10,3,21,0,0.0,CAPTURE
367,B,1,18,27,1,9,7,2.3,DIED
358,B,1,30,20,0,9,19,1.8,DIED
385,B,1,18,27,2,10,14,0.3,CAPTURE
405,B,1,30,20,2,10,1,1.0,DIED
468,B,1,30,20,15,23,14,3.6,CAPTURE
278,B,1,8,27,8,15,2,7.0,DIED
313,B,1,6,5,4,8,3,4.0,DIED
281,B,0,11,26,7,18,44,0.2,CAPTURE
442,B,1,2,20,11,11,2,11.0,DIED
541,B,1,6,5,4,6,1,5.0,DIED
544,B,0,8,6,5,5,5,4.6,DIED
565,B,1,2,20,1,2,4,2.3,DIED
624,B,1,6,5,2,2,2,1.5,DIED
629,B,0,9,5,4,5,4,4.3,DIED
696,B,1,6,5,6,6,1,6.0,DIED
698,B,0,7,5,8,8,3,8.0,DIED
811,B,1,6,5,5,8,3,6.3,DIED
815,B,0,9,5,7,7,52,0.2,CAPTURE
880,B,1,2,20,7,8,1,5.0,DIED
882,B,0,4,20,7,8,5,3.2,DIED
888,B,0,8,20,8,19,5,5.2,DIED
894,B,0,12,22,9,18,2,5.0,DIED
897,B,0,15,23,8,16,1,6.0,DIED
904,B,1,2,20,3,7,1,5.0,DIED
1093,B,1,2,20,3,8,1,5.0,DIED
1254,B,1,2,20,2,6,5,5.8,DIED
1263,B,0,5,20,20,28,0,0.0,DIED
279,A,1,33,40,7,8,4,6.0,DIED
284,A,0,31,40,7,8,1,7.0,DIED
289,A,0,30,39,8,12,3,8.0,DIED
294,A,0,27,38,11,15,4,5.3,DIED
301,A,0,23,39,10,15,3,9.3,DIED
345,A,1,32,3,8,8,3,8.0,DIED
426,A,1,28,18,4,8,18,5.2,DIED
463,A,1,32,3,0,0,58,0.0,CAPTURE
602,A,1,33,40,4,5,6,3.7,DIED
638,A,1,33,40,2,2,2,2.0,DIED
736,A,1,28,18,9,10,1,9.0,DIED
738,A,0,26,18,9,10,5,6.0,DIED
767,A,1,33,40,3,3,4,4.0,DIED
745,A,0,23,19,4,8,35,0.7,CAPTURE
773,A,0,30,41,7,7,50,0.7,CAPTURE
318,B,1,27,38,7,7,34,0.5,CAPTURE
435,B,1,3,29,4,15,1,8.0,DIED
437,B,0,4,27,8,22,4,18.0,DIED
949,B,1,3,29,1,9,2,6.5,DIED
953,B,0,4,27,8,20,3,18.0,DIED
501,A,1,42,19,0,1,5,1.6,DIED
1673,A,1,42,19,1,1,13,3.9,DIED
527,A,1,24,21,1,1,40,0.5,CAPTURE
228,B,1,30,20,8,11,2,8.0,DIED
227,B,1,18,27,10,10,16,4.1,CAPTURE
246,B,1,30,20,10,12,2,10.5,DIED
328,B,1,30,20,1,1,6,1.0,DIED
337,B,0,29,23,2,4,4,2.5,DIED
378,B,1,30,20,0,2,12,0.3,CAPTURE
394,A,1,5,10,18,26,0,0.0,DIED
396,A,0,6,12,16,26,2,11.0,DIED
400,A,0,5,14,16,29,6,13.0,DIED
408,A,0,6,17,15,24,0,0.0,DIED
409,A,0,8,19,12,18,1,8.0,DIED
412,A,0,7,20,9,16,3,11.3,DIED
416,A,0,6,19,13,22,7,9.0,DIED
424,A,0,5,23,11,20,3,6.7,DIED
429,A,0,5,26,4,14,0,0.0,CAPTURE
428,A,1,33,11,0,1,25,1.6,DIED
454,A,0,34,25,4,6,4,4.0,CAPTURE
1133,A,1,18,6,2,2,5,2.6,DIED
241,B,1,4,39,6,6,9,6.4,DIED
243,B,1,22,43,2,2,8,5.1,DIED
253,B,0,3,33,6,8,3,6.0,DIED
257,B,0,3,33,6,10,54,0.5,CAPTURE
587,B,1,22,43,3,3,5,2.8,DIED
593,B,0,24,39,3,6,4,6.5,DIED
602,B,1,22,43,3,9,3,6.0,DIED
1235,B,1,22,43,2,2,5,1.4,DIED
1371,B,1,22,43,1,1,4,1.0,DIED
1582,B,1,22,43,1,2,1,2.0,DIED
1872,B,1,22,43,1,1,5,3.0,DIED
1961,B,1,22,43,1,1,8,4.5,DIED
223,A,1,40,45,1,4,3,1.3,DIED
246,A,1,26,56,0,1,34,0.4,DIED
416,A,1,40,45,0,0,11,2.8,DIED
439,A,1,26,56,1,1,31,0.5,DIED
218,A,1,53,28,2,2,44,0.7,DIED
264,A,1,53,4,1,1,9,3.3,DIED
290,A,1,53,4,2,3,4,2.0,DIED
399,A,1,29,4,21,32,2,17.5,DIED
404,A,0,27,4,20,34,50,0.8,CAPTURE
518,A,1,53,28,1,1,10,1.6,DIED
580,A,1,53,28,3,3,6,1.7,DIED
658,A,1,53,28,1,1,5,1.8,DIED
1410,A,1,53,28,1,1,8,1.9,DIED
1613,A,1,53,28,1,1,2,2.0,DIED
1617,A,0,52,29,3,3,3,3.3,DIED
1722,A,1,53,28,3,3,12,1.4,DIED
1737,A,0,48,32,4,6,4,5.8,DIED
1762,A,1,53,4,0,0,69,0.0,CAPTURE
274,A,1,25,24,15,19,23,7.0,DIED
301,A,0,25,14,10,16,12,6.7,CAPTURE
228,A,1,24,29,11,17,0,0.0,DIED
233,A,1,24,29,12,19,0,0.0,DIED
234,A,1,15,29,10,26,0,0.0,DIED
282,A,1,6,29,10,19,0,0.0,DIED
273,A,1,15,29,8,17,11,3.7,DIED
283,A,0,6,28,8,18,5,6.6,DIED
287,A,0,13,22,3,3,2,3.0,CAPTURE
289,A,0,4,25,5,13,6,0.0,CAPTURE
350,A,1,24,29,6,11,3,6.0,DIED
359,A,1,24,29,6,13,13,5.5,DIED
373,A,0,22,22,6,17,0,0.0,CAPTURE
234,A,1,25,35,7,8,3,7.3,DIED
238,A,0,24,34,10,12,44,1.1,CAPTURE
249,A,1,52,28,0,0,42,0.2,CAPTURE
288,A,1,45,34,0,0,45,0.6,DIED
390,A,1,45,34,3,4,3,2.3,DIED
396,A,0,44,31,5,5,4,2.5,DIED
401,A,0,44,28,4,6,12,1.8,DIED
484,A,1,45,34,1,2,54,0.0,CAPTURE
236,B,1,25,8,10,10,5,9.8,DIED
280,B,1,44,32,6,7,4,5.3,DIED
286,B,0,40,32,8,9,10,5.4,DIED
285,B,1,8,32,0,0,44,0.0,CAPTURE
285,B,1,7,15,13,23,2,11.5,DIED
301,B,1,3,27,6,9,2,4.5,DIED
304,B,0,5,28,6,10,6,4.3,DIED
312,B,0,10,28,5,9,2,4.0,DIED
583,B,1,3,27,2,6,7,2.7,DIED
728,B,1,3,27,1,1,3,1.3,DIED
960,B,1,3,27,4,4,2,4.5,DIED
396,B,1,9,27,9,13,4,12.0,DIED
440,B,1,27,27,4,4,3,2.7,DIED
478,B,1,9,27,12,22,2,17.5,DIED
444,B,0,29,25,1,3,40,0.0,CAPTURE
1419,B,1,9,27,2,15,2,8.0,DIED
215,B,1,19,14,1,3,7,2.6,DIED
229,B,1,19,14,6,13,1,11.0,DIED
259,B,1,19,14,1,1,3,1.3,DIED
238,B,1,33,3,1,3,27,0.6,DIED
267,B,0,20,15,1,4,3,4.3,DIED
293,B,1,55,33,3,5,2,2.0,DIED
307,B,1,55,33,2,4,2,2.5,DIED
353,B,1,19,14,6,6,1,6.0,DIED
363,B,1,19,14,6,6,2,6.0,DIED
366,B,0,17,14,6,6,5,6.0,DIED
391,B,1,19,14,5,6,3,5.7,DIED
545,B,1,19,14,0,0,21,1.0,DIED
589,B,1,33,3,0,1,36,0.6,DIED
612,B,1,19,14,0,0,15,1.9,DIED
635,B,1,55,33,10,10,2,10.0,DIED
721,B,1,19,14,2,3,4,3.0,DIED
1136,B,1,19,14,1,2,2,2.0,DIED
1155,B,1,19,14,1,2,6,2.7,DIED
1419,B,1,33,3,1,1,17,1.1,DIED
1437,B,0,24,10,2,2,7,1.6,DIED
1399,B,1,19,14,1,2,60,0.5,DIED
1472,B,1,33,3,1,1,22,0.3,DIED
1502,B,1,33,3,0,0,25,0.4,DIED
1534,B,1,19,14,3,3,1,3.0,DIED
290,A,1,1,13,4,6,1,2.0,DIED
292,A,0,1,15,2,5,8,3.4,DIED
302,A,0,3,15,5,13,15,7.9,DIED
350,A,1,39,11,0,0,38,0.0,CAPTURE
322,A,1,1,13,4,11,72,0.7,CAPTURE
400,A,1,14,14,2,3,1,1.0,DIED
402,A,0,15,16,2,4,23,0.1,CAPTURE
240,B,1,5,16,10,18,4,7.5,DIED
242,B,1,2,25,7,12,8,7.1,DIED
246,B,0,8,15,15,29,4,15.5,DIED
251,B,0,5,24,6,11,12,3.0,DIED
264,B,0,12,21,11,21,4,14.8,DIED
277,B,1,2,25,7,7,1,7.0,DIED
293,B,1,8,8,14,26,0,0.0,DIED
294,B,0,10,9,16,29,1,16.0,DIED
297,B,0,10,9,16,29,3,9.0,DIED
302,B,0,11,7,16,29,9,11.7,DIED
315,B,0,16,8,11,26,6,2.8,CAPTURE
506,B,1,5,16,10,20,2,9.0,DIED
511,B,0,7,16,12,27,3,16.7,DIED
515,B,0,9,15,18,26,1,15.0,DIED
534,B,1,2,25,1,2,15,2.6,DIED
550,B,0,11,22,5,13,23,0.4,CAPTURE
622,B,1,5,16,4,10,0,0.0,DIED
624,B,0,7,16,7,14,2,6.0,DIED
628,B,0,10,15,9,19,5,7.4,DIED
636,B,0,14,13,16,25,10,2.8,CAPTURE
359,A,1,28,18,7,9,5,4.0,DIED
367,A,0,24,19,5,10,4,7.3,DIED
403,A,1,33,40,7,7,2,7.0,DIED
409,A,0,31,40,8,8,52,0.1,CAPTURE
524,A,1,28,18,7,8,2,7.0,DIED
700,A,1,28,18,2,7,3,5.0,DIED
708,A,1,28,18,7,18,1,9.0,DIED
746,A,1,32,3,4,5,24,2.5,DIED
770,A,1,28,18,0,1,18,0.7,DIED
790,A,0,21,19,4,10,2,4.0,DIED
799,A,1,32,3,0,0,10,3.1,DIED
385,A,1,28,16,23,33,1,20.0,DIED
389,A,0,26,17,21,33,4,23.0,DIED
394,A,0,24,18,20,35,18,3.2,CAPTURE
669,A,1,35,27,2,3,4,2.0,DIED
674,A,0,32,27,2,4,6,2.5,DIED
1617,A,1,35,27,2,2,2,3.0,DIED
1957,A,1,35,27,1,4,1,6.0,DIED
1960,A,0,32,24,9,18,1,9.0,DIED
310,A,1,42,15,11,26,3,7.0,DIED
314,A,0,39,15,7,25,3,7.7,DIED
320,A,0,38,15,8,24,3,12.0,DIED
221,B,1,2,32,7,12,48,0.2,CAPTURE
298,B,1,46,53,6,6,48,0.5,CAPTURE
396,B,1,4,53,2,2,5,2.0,DIED
474,B,1,4,53,1,1,0,0.0,DIED
564,B,1,4,53,3,3,0,0.0,DIED
587,B,1,4,53,7,9,2,8.5,DIED
662,B,1,4,53,11,11,3,8.3,DIED
667,B,0,3,50,7,10,2,2.5,DIED
1629,B,1,4,53,7,7,4,6.3,DIED
1634,B,0,4,52,6,6,65,1.1,DIED
1700,B,0,4,19,16,24,3,11.3,DIED
1868,B,1,4,53,3,3,12,2.8,DIED
1885,B,0,2,44,5,7,3,4.0,DIED
1890,B,0,1,42,3,5,3,3.3,DIED
1911,B,0,0,40,1,1,2,1.0,DIED
1916,B,0,2,38,5,6,1,6.0,DIED
242,B,1,15,38,15,27,1,10.0,DIED
244,B,0,14,36,12,24,26,0.5,CAPTURE
794,B,1,4,54,2,2,2,1.5,DIED
231,A,1,38,4,3,9,11,2.3,DIED
243,A,0,34,2,4,6,4,6.0,DIED
248,A,0,36,2,11,19,11,7.6,DIED
260,A,1,55,45,0,0,98,0.2,DIED
287,A,1,43,30,1,3,91,0.0,CAPTURE
241,B,1,52,40,2,6,8,3.1,DIED
252,B,0,51,35,1,3,6,1.0,DIED
276,B,1,6,39,5,10,3,8.0,DIED
293,B,1,34,36,3,7,3,3.3,DIED
297,B,0,34,34,4,13,5,5.4,DIED
261,B,0,52,30,1,2,50,0.2,CAPTURE
303,B,0,33,31,7,20,40,1.3,CAPTURE
340,B,1,6,39,6,7,64,0.6,CAPTURE
278,B,1,22,43,4,4,4,3.8,DIED
285,B,0,23,40,10,12,4,7.8,DIED
339,B,1,4,39,0,0,21,0.7,DIED
460,B,1,22,43,1,1,11,4.3,DIED
473,B,0,27,39,15,22,5,15.4,DIED
481,B,0,25,39,19,25,2,19.0,DIED
999,B,1,22,43,2,2,4,1.8,DIED
1341,B,1,22,43,1,1,3,1.0,DIED
269,B,1,3,27,4,6,4,3.0,DIED
275,B,0,4,26,3,5,16,2.3,DIED
268,B,1,7,15,8,12,24,1.9,DIED
293,B,0,15,19,4,12,6,5.7,DIED
304,B,1,3,27,0,0,2,2.5,DIED
307,B,0,4,25,5,16,1,10.0,DIED
394,B,1,7,15,17,23,1,14.0,DIED
397,B,0,8,15,13,22,3,13.0,DIED
402,B,0,9,15,13,22,2,12.0,DIED
412,B,1,7,15,17,25,2,8.0,DIED
416,B,0,10,17,11,23,23,3.2,DIED
411,B,1,3,27,1,1,37,1.6,DIED
441,B,0,22,18,10,18,12,5.7,DIED
455,B,0,29,18,6,11,51,0.1,CAPTURE
1372,B,1,3,27,2,2,2,2.5,DIED
1375,B,0,5,28,3,3,3,3.0,DIED
1380,B,0,8,29,4,5,3,5.0,DIED
1384,B,0,9,28,6,7,2,6.0,DIED
1387,B,0,11,29,7,10,2,8.0,DIED
1391,B,0,14,28,13,18,1,12.0,DIED
1422,B,1,3,3,0,1,0,0.0,DIED
270,B,1,3,50,6,7,11,2.5,DIED
329,B,1,11,19,1,2,3,1.0,DIED
491,B,1,3,50,2,2,4,2.5,DIED
785,B,1,3,50,1,2,2,2.5,DIED
1630,B,1,8,8,1,4,4,5.3,DIED
219,B,1,25,8,3,3,1,3.0,DIED
221,B,1,25,8,1,3,10,2.1,DIED
224,B,1,44,32,2,4,11,5.4,DIED
236,B,1,25,8,4,8,0,0.0,DIED
272,B,1,25,8,21,25,1,20.0,DIED
276,B,0,23,10,21,26,4,12.3,DIED
287,B,1,25,8,22,29,2,19.5,DIED
290,B,0,25,6,17,26,1,13.0,DIED
292,B,0,25,5,16,26,2,12.5,DIED
289,B,1,44,32,1,2,28,0.0,CAPTURE
307,B,1,8,32,0,0,17,0.6,DIED
302,A,1,6,55,3,3,3,3.0,DIED
320,A,1,6,55,3,3,4,3.0,DIED
326,A,0,7,53,3,3,1,3.0,DIED
235,A,1,52,55,4,5,96,0.2,CAPTURE
311,A,1,29,55,9,13,78,0.6,DIED
390,A,0,27,14,6,8,3,5.0,DIED
396,A,0,27,11,4,11,10,0.0,CAPTURE
387,A,1,6,55,6,8,47,0.7,DIED
474,A,1,6,55,1,1,16,0.9,DIED
491,A,0,5,46,1,2,44,0.6,DIED
577,A,1,6,55,6,8,3,6.7,DIED
581,A,0,6,53,8,8,9,5.0,DIED
592,A,0,5,47,1,4,55,0.2,DIED
680,A,1,6,55,1,1,2,1.5,DIED
693,A,1,6,55,0,3,102,0.4,CAPTURE
238,B,1,24,26,1,3,19,1.3,DIED
257,B,1,6,23,19,21,2,18.0,DIED
261,B,0,5,23,17,21,9,12.4,DIED
271,B,0,2,19,13,19,20,0.7,CAPTURE
303,B,1,43,23,1,6,28,0.0,CAPTURE
374,B,1,24,26,2,2,6,2.3,DIED
448,B,1,24,26,1,1,11,1.6,DIED
532,B,1,24,26,0,0,43,0.0,CAPTURE
269,A,1,19,28,9,9,5,7.8,DIED
275,A,0,16,25,6,11,26,0.2,CAPTURE
1265,A,1,26,24,3,8,9,8.3,DIED
1412,A,1,26,24,2,9,3,4.3,DIED
1900,A,1,26,24,6,13,3,6.3,DIED
272,A,1,42,23,13,16,4,11.3,DIED
277,A,0,38,22,11,14,56,0.4,CAPTURE
818,A,1,55,23,1,1,2,1.5,DIED
951,A,1,55,23,2,2,3,2.0,DIED
955,A,0,52,21,2,4,4,3.5,DIED
1119,A,1,55,23,1,1,9,1.0,DIED
1384,A,1,49,5,7,7,3,3.3,DIED
1388,A,0,46,6,6,10,1,7.0,DIED
1397,A,1,49,5,11,14,0,0.0,DIED
1398,A,0,47,5,15,17,1,12.0,DIED
1402,A,0,45,5,19,20,0,0.0,DIED
1973,A,1,49,5,12,12,1,12.0,DIED
1976,A,0,46,6,14,17,7,4.9,DIED
256,B,1,1,31,3,3,2,2.0,DIED
261,B,0,1,29,3,3,3,3.0,DIED
265,B,0,1,28,3,3,24,0.6,CAPTURE
410,B,1,39,33,1,1,10,2.0,DIED
557,B,1,39,33,1,1,4,0.5,DIED
789,B,1,39,33,1,1,9,2.4,DIED
1015,B,1,39,33,2,3,3,4.3,DIED
1026,B,1,14,30,14,20,3,11.3,DIED
1031,B,0,16,29,15,20,24,2.1,CAPTURE
1986,B,1,39,33,1,1,6,1.2,DIED
235,B,1,8,36,7,7,3,8.7,DIED
239,B,0,10,34,7,11,4,7.3,DIED
245,B,0,12,35,11,13,7,10.9,DIED
241,B,1,12,18,10,15,14,4.5,DIED
257,B,0,21,19,4,12,6,0.2,CAPTURE
295,B,1,8,3,2,3,8,2.0,DIED
304,B,0,14,2,2,6,11,4.7,DIED
357,B,1,8,36,5,5,4,3.8,DIED
363,B,0,11,36,3,6,38,0.1,CAPTURE
558,B,1,8,3,9,10,14,3.0,DIED
577,B,1,8,3,0,2,8,2.9,DIED
586,B,0,13,2,9,10,3,8.7,DIED
590,B,0,13,1,12,13,2,13.0,DIED
248,A,1,35,16,6,9,38,1.3,CAPTURE
1689,A,1,40,28,1,1,5,2.8,DIED
1697,A,0,36,26,13,22,1,15.0,DIED
1785,A,1,40,28,0,1,6,1.8,DIED
234,A,1,57,2,3,3,0,0.0,DIED
236,A,0,57,3,3,3,13,3.3,DIED
255,A,1,57,2,4,7,8,6.6,DIED
264,A,0,54,2,6,7,1,7.0,DIED
278,A,1,57,2,7,7,1,6.0,DIED
281,A,0,55,3,6,6,100,0.3,CAPTURE
559,A,1,57,29,2,2,4,2.0,DIED
565,A,0,54,30,2,2,6,2.3,DIED
586,A,1,57,57,0,0,78,0.2,DIED
678,A,1,57,29,2,2,0,0.0,DIED
669,A,1,57,57,0,0,53,0.4,DIED
820,A,1,57,29,2,2,0,0.0,DIED
821,A,0,55,28,2,2,3,2.7,DIED
825,A,0,54,29,3,3,4,3.0,DIED
830,A,0,50,30,5,5,7,3.0,DIED
838,A,0,45,32,4,9,1,4.0,DIED
859,A,1,57,57,0,0,49,0.2,DIED
1275,A,1,57,29,3,3,1,4.0,DIED
1341,A,1,57,57,5,5,2,5.0,DIED
1344,A,0,55,56,5,5,3,5.0,DIED
1436,A,1,57,57,1,1,56,0.4,DIED
1495,A,0,27,56,2,2,2,2.0,DIED
1499,A,0,26,55,2,2,5,2.0,DIED
1740,A,1,57,57,1,1,3,1.7,DIED
1745,A,0,54,57,3,3,6,3.0,DIED
259,A,1,51,15,12,16,2,11.0,DIED
265,A,0,49,15,11,19,1,15.0,DIED
268,A,1,55,3,11,11,2,7.5,DIED
272,A,0,53,1,10,11,3,6.3,DIED
277,A,0,50,1,8,11,3,2.7,DIED
281,A,0,47,3,4,11,3,2.0,DIED
351,A,1,55,27,5,5,9,3.1,DIED
362,A,0,53,27,5,11,12,3.8,DIED
376,A,0,47,29,9,20,35,1.5,DIED
408,A,1,55,3,2,2,4,2.0,DIED
416,A,0,54,5,2,4,3,3.3,DIED
420,A,0,52,7,4,7,5,4.0,DIED
439,A,1,55,27,0,0,9,0.8,DIED
1239,A,1,55,27,4,4,2,3.5,DIED
1243,A,0,53,27,4,4,0,0.0,DIED
1245,A,0,53,27,5,6,1,6.0,DIED
1247,A,0,52,29,6,7,1,5.0,DIED
1372,A,1,55,27,4,4,4,5.8,DIED
1378,A,0,52,29,7,8,2,7.0,DIED
260,B,1,2,2,17,17,2,16.5,DIED
313,B,1,2,28,1,1,2,1.0,DIED
381,B,1,2,28,1,1,5,1.0,DIED
468,B,1,2,28,4,6,1,4.0,DIED
471,B,0,4,28,4,5,1,4.0,DIED
548,B,1,2,28,3,5,6,2.2,DIED
579,B,1,2,15,0,1,6,1.2,DIED
555,B,0,7,27,2,5,35,0.9,DIED
591,B,0,26,28,5,8,5,4.8,DIED
1452,B,1,2,15,4,4,3,4.7,DIED
1457,B,0,4,15,5,8,8,1.5,DIED
1469,B,0,9,16,2,9,7,1.0,DIED
231,B,1,21,17,15,20,3,14.0,DIED
239,B,1,21,17,21,29,1,20.0,DIED
241,B,0,21,18,20,31,1,20.0,DIED
287,B,1,21,17,28,37,1,24.0,DIED
306,B,1,21,17,25,37,1,21.0,DIED
469,B,1,7,27,2,2,4,1.8,DIED
502,B,1,21,17,26,38,1,21.0,DIED
504,B,0,22,19,24,38,2,26.0,DIED
530,B,1,4,11,1,1,5,2.2,DIED
537,B,0,5,12,3,3,7,2.7,DIED
596,B,1,4,11,4,5,1,3.0,DIED
903,B,1,21,17,13,17,1,12.0,DIED
905,B,0,19,17,13,17,0,0.0,DIED
906,B,0,18,18,12,17,0,0.0,DIED
913,B,1,7,27,0,0,11,1.3,DIED
926,B,0,11,21,7,22,1,9.0,DIED
942,B,1,4,11,0,0,9,2.2,DIED
1114,B,1,21,17,13,15,2,13.0,DIED
1119,B,1,21,17,11,13,1,13.0,DIED
1121,B,0,21,16,11,11,2,8.5,DIED
1124,B,0,20,17,9,11,0,0.0,DIED
1128,B,0,20,18,8,11,2,7.0,DIED
1122,B,1,7,27,0,0,9,0.6,DIED
1132,B,0,19,19,6,18,1,8.0,DIED
1137,B,0,19,18,7,16,5,11.0,DIED
1144,B,0,16,19,24,31,1,20.0,DIED
1154,B,1,21,17,10,29,1,15.0,DIED
1156,B,0,20,18,20,31,0,0.0,DIED
1425,B,1,7,27,1,1,4,0.5,DIED
1502,B,1,4,11,2,2,10,1.4,DIED
1557,B,1,4,11,1,1,5,1.2,DIED
282,B,1,8,28,9,24,3,7.3,DIED
286,B,0,10,29,9,24,4,9.8,DIED
291,B,0,12,25,12,24,16,2.1,CAPTURE
471,B,1,1,28,13,27,42,6.1,CAPTURE
271,A,1,29,21,8,15,3,10.0,DIED
275,A,0,28,21,12,15,1,11.0,DIED
277,A,0,28,20,11,15,4,12.8,DIED
283,A,0,26,19,12,18,5,16.2,DIED
366,A,1,22,28,13,26,24,3.4,CAPTURE
1243,A,1,29,28,6,17,3,6.3,DIED
1247,A,0,26,28,8,19,3,2.7,DIED
1251,A,0,23,28,5,23,1,6.0,DIED
242,B,1,26,3,8,11,4,7.3,DIED
255,B,1,4,3,10,11,4,10.3,DIED
260,B,0,3,5,12,15,2,12.0,DIED
280,B,1,26,3,5,13,24,6.1,DIED
308,B,1,4,3,10,12,2,10.5,DIED
313,B,0,4,4,13,14,3,13.7,DIED
319,B,0,4,4,13,15,6,9.5,DIED
358,B,1,26,3,4,4,4,4.8,DIED
364,B,0,24,6,5,11,1,5.0,DIED
499,B,1,26,3,5,5,1,6.0,DIED
510,B,1,26,3,7,11,4,7.3,DIED
518,B,0,25,7,8,14,6,4.0,DIED
525,B,0,26,11,5,14,10,2.4,DIED
537,B,0,26,17,4,11,13,0.0,CAPTURE
560,B,1,4,3,5,8,3,4.7,DIED
564,B,0,4,6,4,7,34,0.3,CAPTURE
307,A,1,25,26,8,13,5,8.8,DIED
547,A,1,25,26,5,12,3,9.0,DIED
691,A,1,25,26,7,8,7,3.6,DIED
699,A,0,23,21,2,12,30,0.0,CAPTURE
1211,A,1,12,27,1,10,7,6.9,DIED
1219,A,0,10,22,14,33,2,15.0,DIED
1222,A,0,8,20,21,37,1,11.0,DIED
1224,A,0,10,19,13,37,10,4.2,DIED
1236,A,0,7,12,2,14,6,2.0,DIED
1244,A,0,5,10,1,5,12,0.0,CAPTURE
236,A,1,25,24,15,18,2,8.5,DIED
242,A,0,24,22,10,17,34,4.5,CAPTURE
419,A,1,39,20,9,11,24,1.9,CAPTURE
230,A,1,3,3,8,11,2,8.0,DIED
235,A,0,3,5,10,13,16,3.2,CAPTURE
295,A,1,27,15,13,13,7,7.6,DIED
303,A,0,27,20,9,9,8,2.9,CAPTURE
316,A,1,27,3,0,0,13,2.4,DIED
408,A,1,27,3,2,2,4,2.5,DIED
417,A,1,27,3,6,7,3,5.3,DIED
430,A,1,27,3,9,9,2,9.0,DIED
437,A,1,27,3,10,11,2,10.5,DIED
440,A,0,25,4,12,14,1,11.0,DIED
443,A,0,24,6,13,18,5,15.4,DIED
547,A,1,27,3,0,0,11,2.1,DIED
605,A,1,27,3,1,3,5,2.8,DIED
612,A,0,26,4,14,20,1,15.0,DIED
786,A,1,27,3,7,7,0,0.0,DIED
788,A,1,27,3,7,8,1,4.0,DIED
791,A,0,26,5,7,17,2,11.0,DIED
796,A,0,24,8,13,27,1,15.0,DIED
800,A,0,23,10,17,30,3,15.0,DIED
804,A,0,21,13,20,32,3,17.0,DIED
812,A,1,27,3,4,8,2,4.0,DIED
1446,A,1,27,3,6,6,3,4.3,DIED
1453,A,0,25,6,2,2,15,1.1,DIED
1473,A,1,27,3,1,6,2,6.0,DIED
1511,A,1,27,3,8,14,5,11.6,DIED
1519,A,0,26,6,12,20,0,0.0,DIED
1522,A,0,26,6,11,16,2,11.5,DIED
1533,A,1,27,3,16,28,2,23.5,DIED
1753,A,1,27,3,5,5,3,6.3,DIED
263,B,1,2,20,5,6,4,5.0,DIED
333,B,1,2,20,2,2,5,2.4,DIED
372,B,1,8,27,16,20,12,10.8,DIED
385,B,0,15,27,10,17,38,0.7,CAPTURE
553,B,1,6,5,2,5,1,3.0,DIED
558,B,0,8,5,5,7,2,5.5,DIED
610,B,1,6,5,6,9,58,0.3,CAPTURE
222,A,1,12,21,2,7,22,1.4,CAPTURE
495,A,1,38,2,9,12,1,10.0,DIED
498,A,0,37,3,12,13,2,11.5,DIED
501,A,0,36,4,11,13,1,10.0,DIED
505,A,0,35,4,11,13,4,11.8,DIED
879,A,1,38,2,0,2,9,5.0,DIED
890,A,0,35,6,15,18,2,14.0,DIED
893,A,0,34,5,15,20,4,14.5,DIED
294,A,1,55,27,3,5,3,4.0,DIED
300,A,0,53,27,4,7,1,4.0,DIED
439,A,1,55,27,1,3,6,4.3,DIED
238,B,1,21,4,4,4,6,4.0,DIED
278,B,1,16,30,0,0,5,0.0,DIED
285,B,0,17,30,0,0,13,1.2,DIED
385,B,1,4,45,1,1,10,1.1,DIED
397,B,0,10,43,4,5,3,5.0,DIED
401,B,0,12,43,4,11,5,7.6,DIED
407,B,0,16,44,9,16,2,14.0,DIED
309,A,1,57,58,4,5,10,2.4,DIED
320,A,0,51,58,3,4,16,1.3,DIED
420,A,1,58,31,1,1,12,1.0,DIED
222,B,1,14,19,14,20,7,9.3,DIED
231,B,0,18,23,9,15,4,6.5,CAPTURE
232,B,1,26,4,13,16,12,0.6,CAPTURE
362,B,1,4,4,2,3,13,1.6,DIED
379,B,0,11,10,2,7,4,2.3,DIED
702,B,1,4,4,4,4,1,4.0,DIED
704,B,0,6,4,4,5,1,5.0,DIED
1760,B,1,4,4,4,4,1,4.0,DIED
1763,B,0,5,6,4,4,2,4.0,DIED
1766,B,0,8,8,8,10,1,6.0,DIED
1770,B,0,10,9,8,11,5,6.4,DIED
1777,B,0,11,13,7,11,2,6.5,DIED
233,B,1,33,28,13,18,3,14.0,DIED
238,B,0,33,25,16,17,2,13.0,DIED
241,B,0,33,22,11,17,16,1.4,CAPTURE
338,B,1,18,33,1,1,3,0.3,DIED
374,B,1,5,29,10,12,3,8.3,DIED
380,B,0,5,27,7,13,23,1.2,DIED
406,B,0,3,24,3,3,10,1.4,DIED
533,B,1,18,33,5,15,2,5.5,DIED
536,B,0,18,32,7,17,3,7.3,DIED
540,B,0,19,32,9,19,5,6.8,DIED
546,B,0,22,30,8,16,1,7.0,DIED
549,B,0,23,28,6,12,3,5.0,DIED
553,B,0,23,27,5,10,4,4.3,DIED
560,B,0,22,26,4,19,9,4.0,DIED
572,B,0,24,21,7,23,9,2.7,DIED
631,B,1,5,29,0,0,10,1.1,DIED
594,B,1,18,33,0,1,50,0.0,CAPTURE
642,B,0,5,23,2,2,3,2.0,DIED
647,B,0,6,22,3,12,3,3.3,DIED
653,B,0,5,22,3,11,18,0.3,CAPTURE
247,B,1,4,55,4,4,5,4.8,DIED
253,B,1,12,46,2,4,1,2.0,DIED
316,B,1,12,46,3,6,3,5.7,DIED
336,B,1,4,55,2,5,4,2.5,DIED
344,B,0,3,52,3,4,3,5.0,DIED
322,B,0,9,43,5,7,46,0.0,CAPTURE
375,B,1,38,42,13,18,4,12.3,DIED
425,B,1,38,42,11,17,3,12.7,DIED
429,B,0,38,40,14,19,1,11.0,DIED
431,B,0,38,38,13,19,0,0.0,DIED
433,B,0,37,39,13,19,3,10.0,DIED
437,B,0,38,36,9,16,26,1.5,DIED
467,B,0,28,25,6,7,4,3.0,DIED
473,B,0,28,22,3,8,14,0.3,CAPTURE
490,B,1,4,55,0,0,70,0.0,CAPTURE
249,B,1,17,14,22,37,1,13.0,DIED
251,B,0,19,16,15,30,20,0.7,CAPTURE
256,A,1,31,24,12,15,5,8.8,DIED
262,A,0,27,22,9,14,16,5.2,DIED
364,A,1,32,9,12,19,1,13.0,DIED
370,A,1,32,9,15,24,1,14.0,DIED
391,A,1,31,24,7,10,1,7.0,DIED
398,A,1,31,24,8,11,1,7.0,DIED
406,A,1,31,24,16,38,2,12.5,DIED
409,A,0,29,25,17,40,40,5.1,CAPTURE
415,A,1,32,9,0,0,44,0.0,CAPTURE
298,B,1,2,53,10,11,2,8.0,DIED
301,B,0,4,52,9,12,3,6.7,DIED
317,B,1,2,53,9,12,3,8.0,DIED
402,B,1,2,32,1,1,8,0.9,DIED
368,B,1,2,53,2,3,46,0.0,CAPTURE
413,B,0,8,33,1,1,23,2.3,DIED
443,B,1,2,32,4,5,6,6.7,DIED
451,B,0,7,32,14,21,3,15.3,DIED
463,B,1,2,32,6,15,0,0.0,DIED
458,B,1,2,11,5,5,17,2.6,DIED
476,B,0,12,7,2,2,14,1.2,DIED
493,B,0,20,8,2,16,10,3.9,DIED
505,B,0,26,10,5,17,0,0.0,CAPTURE
504,B,1,2,32,0,3,40,0.7,DIED
545,B,0,24,31,2,4,5,0.0,CAPTURE
628,B,1,5,44,8,8,1,6.0,DIED
847,B,1,5,44,2,3,9,2.6,DIED
858,B,0,11,44,5,8,4,3.0,DIED
864,B,0,14,45,3,9,6,5.0,DIED
872,B,0,16,44,11,15,5,6.8,DIED
880,B,0,19,44,6,17,6,4.5,DIED
889,B,0,22,44,7,14,5,7.0,DIED
895,B,0,24,44,8,21,16,0.8,CAPTURE
1347,B,1,5,5,5,5,0,0.0,DIED
1350,B,0,6,6,5,5,4,5.3,DIED
230,A,1,42,55,6,8,3,7.7,DIED
279,A,1,13,55,7,9,1,6.0,DIED
235,A,0,41,53,5,7,102,0.1,CAPTURE
281,A,0,14,55,4,9,90,0.4,DIED
428,A,1,13,55,6,7,4,5.3,DIED
434,A,0,13,52,5,6,79,0.5,DIED
445,A,1,5,55,0,1,75,0.3,DIED
525,A,1,5,55,4,5,6,5.0,DIED
576,A,1,5,55,8,8,3,8.0,DIED
581,A,0,5,54,7,7,3,8.0,DIED
602,A,1,5,55,5,10,4,5.0,DIED
609,A,0,7,52,8,11,7,5.7,DIED
518,A,1,13,55,0,0,98,0.3,DIED
617,A,0,15,9,8,21,2,13.5,DIED
624,A,1,13,55,1,2,3,2.3,DIED
628,A,0,13,52,3,6,3,3.0,DIED
718,A,1,13,55,6,16,2,8.0,DIED
819,A,1,13,55,5,7,2,5.0,DIED
848,A,1,5,55,2,3,4,2.3,DIED
853,A,0,5,54,1,2,8,2.8,DIED
826,A,1,13,55,3,7,47,1.2,DIED
970,A,1,5,55,6,7,2,3.0,DIED
973,A,0,5,52,4,8,8,2.9,DIED
986,A,1,5,55,6,10,2,6.0,DIED
990,A,0,5,53,7,11,2,9.5,DIED
1235,A,1,13,55,2,6,5,1.0,DIED
1244,A,1,5,55,13,15,3,10.3,DIED
1248,A,0,6,52,11,16,90,0.1,CAPTURE
252,A,1,19,28,4,7,4,4.0,DIED
257,A,0,18,26,3,6,14,2.5,DIED
273,A,0,13,25,5,8,3,4.3,DIED
283,A,1,19,28,7,14,1,9.0,DIED
297,A,1,26,14,21,24,7,16.0,DIED
306,A,0,27,11,20,26,34,1.9,CAPTURE
342,A,1,19,28,7,9,4,8.8,DIED
348,A,0,17,27,11,13,14,10.6,DIED
679,A,1,19,28,1,5,32,0.5,CAPTURE
756,A,1,26,24,3,10,14,4.6,DIED
771,A,0,19,21,12,30,7,5.7,DIED
988,A,1,26,24,2,6,2,2.5,DIED
1286,A,1,26,24,2,2,2,2.0,DIED
1834,A,1,26,24,2,11,0,0.0,DIED
236,B,1,12,18,8,12,1,6.0,DIED
238,B,0,14,17,10,15,1,10.0,DIED
237,B,1,8,3,14,16,4,14.8,DIED
240,B,0,16,18,12,15,1,10.0,DIED
293,B,1,8,36,7,8,6,4.5,DIED
303,B,0,12,36,5,10,34,1.1,CAPTURE
337,B,1,8,3,0,0,40,0.0,CAPTURE
457,B,1,12,18,12,22,10,4.5,DIED
470,B,0,18,17,2,12,14,0.0,CAPTURE
229,B,1,33,28,11,19,5,13.6,DIED
236,B,0,36,25,12,19,11,4.8,DIED
248,B,0,39,20,5,6,12,0.1,CAPTURE
293,B,1,5,29,5,13,2,4.0,DIED
296,B,0,4,26,4,11,26,0.8,CAPTURE
360,B,1,18,33,3,11,2,4.0,DIED
363,B,1,18,33,5,14,2,5.5,DIED
368,B,0,17,33,7,20,42,0.1,CAPTURE
266,B,1,11,19,4,5,0,0.0,DIED
275,B,1,3,50,8,8,2,3.0,DIED
363,B,1,3,50,3,5,1,3.0,DIED
373,B,1,3,50,7,9,4,7.3,DIED
432,B,1,3,50,0,1,70,0.0,CAPTURE
492,B,1,11,19,17,23,38,1.9,CAPTURE
259,B,1,21,42,1,3,10,3.1,DIED
271,B,0,27,36,5,10,9,2.3,DIED
229,B,1,37,35,3,5,58,0.1,CAPTURE
306,B,1,21,42,4,5,6,3.3,DIED
427,B,1,5,38,7,7,2,5.0,DIED
430,B,0,4,39,4,5,5,3.4,DIED
446,B,1,21,42,6,14,1,6.0,DIED
459,B,1,21,42,10,20,1,12.0,DIED
436,B,0,6,35,2,2,52,0.0,CAPTURE
684,B,1,21,42,1,1,9,1.2,DIED
699,B,1,21,42,4,14,2,6.5,DIED
759,B,1,21,42,4,11,5,2.8,DIED
765,B,0,23,40,5,14,62,0.0,CAPTURE
235,B,1,2,40,4,4,8,3.1,DIED
247,B,0,7,40,2,4,9,1.1,DIED
258,B,0,11,40,1,3,38,0.1,CAPTURE
332,B,1,3,3,4,4,3,2.7,DIED
336,B,0,6,3,3,4,16,2.7,DIED
344,B,1,7,18,0,1,10,0.5,DIED
354,B,0,13,1,7,22,5,6.2,DIED
376,B,1,7,18,15,18,0,0.0,DIED
470,B,1,7,18,8,11,3,10.0,DIED
424,B,1,3,3,4,4,52,0.1,CAPTURE
270,B,1,5,21,5,11,2,5.0,DIED
295,B,1,2,12,1,6,0,0.0,DIED
298,B,0,3,12,1,7,0,0.0,DIED
274,B,0,7,20,5,12,36,2.1,CAPTURE
644,B,1,2,12,1,2,3,2.7,DIED
325,A,1,38,26,9,14,32,1.7,CAPTURE
416,A,1,52,28,1,1,5,1.0,DIED
407,A,1,52,9,7,9,56,1.4,CAPTURE
464,A,1,52,28,1,1,4,0.8,DIED
681,A,1,52,28,0,1,10,2.5,DIED
218,B,1,24,20,9,14,3,8.3,DIED
223,B,0,23,21,8,13,1,8.0,DIED
229,B,1,15,20,13,23,1,14.0,DIED
231,B,1,6,20,10,20,0,0.0,DIED
234,B,1,24,20,10,16,14,8.1,CAPTURE
254,B,1,6,20,10,18,12,0.8,CAPTURE
293,B,1,15,20,13,17,1,12.0,DIED
296,B,0,14,21,11,20,8,10.4,DIED
350,B,1,15,20,11,19,0,0.0,DIED
361,B,1,15,20,8,20,2,10.5,DIED
365,B,0,17,22,9,16,10,2.3,CAPTURE
299,B,1,8,11,16,26,4,10.0,DIED
366,B,1,1,17,10,22,3,12.3,DIED
372,B,0,3,16,13,30,6,11.8,DIED
379,B,0,7,17,19,36,3,14.3,DIED
401,B,1,1,1,3,4,6,8.3,DIED
615,B,1,1,17,6,18,2,9.5,DIED
619,B,0,4,17,13,25,5,12.4,DIED
625,B,0,7,17,12,26,4,8.8,DIED
631,B,0,10,17,10,30,7,3.4,DIED
639,B,0,14,19,6,22,5,1.4,DIED
646,B,0,18,17,1,15,18,0.3,CAPTURE
666,B,1,1,1,0,0,8,2.9,DIED
243,B,1,29,4,1,1,14,1.6,DIED
259,B,0,29,13,4,8,4,5.0,DIED
267,B,1,6,4,6,9,3,4.3,DIED
327,B,1,29,4,3,3,7,3.0,DIED
254,B,1,52,4,0,0,80,0.2,DIED
340,B,1,29,4,1,10,4,4.3,DIED
347,B,0,30,8,6,14,4,6.3,DIED
404,B,1,6,4,8,9,5,7.2,DIED
411,B,0,7,8,8,10,8,1.8,DIED
420,B,0,6,14,3,5,4,4.5,DIED
474,B,1,6,4,2,2,1,1.0,DIED
416,B,1,52,4,0,0,89,0.6,DIED
513,B,1,52,4,1,1,21,0.9,DIED
594,B,1,29,4,1,1,7,1.4,DIED
608,B,1,29,4,5,6,2,5.5,DIED
523,B,1,6,4,0,0,108,0.0,CAPTURE
612,B,0,28,7,7,8,50,1.4,DIED
711,B,1,29,4,5,5,3,5.0,DIED
623,B,1,52,4,0,0,96,0.0,CAPTURE
716,B,0,29,6,5,5,14,1.6,DIED
830,B,1,29,4,2,2,6,1.2,DIED
838,B,0,29,7,2,3,8,2.4,DIED
848,B,0,29,8,9,17,1,12.0,DIED
1090,B,1,29,4,2,2,4,2.3,DIED
1281,B,1,29,4,2,2,104,0.2,CAPTURE
215,B,1,36,11,6,6,26,0.9,CAPTURE
297,B,1,2,6,6,6,4,6.5,DIED
302,B,0,2,8,7,8,6,6.3,DIED
345,B,1,21,6,4,9,6,3.2,DIED
352,B,0,23,9,2,4,13,0.8,DIED
369,B,0,29,15,0,1,19,0.0,CAPTURE
231,B,1,13,24,4,15,0,0.0,DIED
234,B,1,7,24,6,17,0,0.0,DIED
232,B,0,13,25,2,13,8,0.4,DIED
239,B,1,7,24,5,17,8,7.8,DIED
252,B,1,7,24,19,26,1,20.0,DIED
243,B,0,16,23,5,18,14,2.4,CAPTURE
394,B,1,10,13,14,28,4,16.0,DIED
399,B,0,13,12,18,25,6,13.5,DIED
406,B,0,18,11,9,21,5,5.4,DIED
415,B,0,21,12,4,13,5,7.2,DIED
473,B,1,7,24,4,11,2,6.0,DIED
496,B,1,10,13,19,33,3,17.0,DIED
501,B,0,13,13,23,37,4,19.5,DIED
1383,B,1,7,24,2,10,3,6.3,DIED
305,B,1,22,43,4,5,2,5.5,DIED
312,B,1,22,43,7,7,4,7.5,DIED
258,B,1,4,39,2,6,64,0.0,CAPTURE
322,B,1,22,43,15,25,1,17.0,DIED
377,B,1,40,38,10,10,2,10.0,DIED
383,B,0,40,37,9,10,5,8.4,DIED
389,B,0,40,33,8,20,4,17.0,DIED
432,B,1,22,43,1,1,13,2.2,DIED
615,B,1,22,43,3,3,3,3.7,DIED
620,B,0,24,41,8,12,2,9.0,DIED
691,B,1,22,43,0,2,10,1.3,DIED
703,B,0,27,36,15,24,1,16.0,DIED
705,B,0,27,36,20,27,0,0.0,DIED
1555,B,1,22,43,1,2,2,2.0,DIED
302,A,1,4,5,8,9,5,4.8,DIED
309,A,0,5,9,9,10,5,4.0,DIED
317,A,0,5,13,5,13,5,7.4,DIED
260,A,1,40,6,3,3,82,0.0,CAPTURE
467,A,1,4,5,2,2,5,2.0,DIED
473,A,0,4,7,2,8,4,4.0,DIED
621,A,1,22,1,1,3,2,1.0,DIED
892,A,1,4,5,11,11,3,7.0,DIED
896,A,0,4,6,11,15,4,5.5,DIED
901,A,0,5,10,5,12,15,2.5,DIED
923,A,1,4,5,10,16,4,9.0,DIED
943,A,1,22,1,7,8,2,6.5,DIED
946,A,0,23,4,6,8,72,0.0,CAPTURE
1170,A,1,4,5,5,10,1,7.0,DIED
1176,A,1,4,5,9,13,1,9.0,DIED
1221,A,1,4,5,1,1,6,2.0,DIED
1969,A,1,4,5,6,6,3,7.3,DIED
1973,A,0,5,9,8,8,7,4.7,DIED
397,B,1,18,14,20,21,1,15.0,DIED
449,B,1,48,30,2,6,0,0.0,DIED
452,B,0,47,32,2,6,1,2.0,DIED
459,B,1,22,50,1,2,7,2.7,DIED
454,B,0,48,34,5,5,18,2.1,CAPTURE
496,B,1,18,14,17,24,1,16.0,DIED
498,B,0,17,14,18,25,1,18.0,DIED
522,B,1,22,50,0,0,32,0.0,CAPTURE
244,B,1,1,17,15,18,2,15.0,DIED
248,B,0,2,16,18,27,4,22.3,DIED
253,B,0,4,15,23,35,18,13.2,DIED
273,B,0,11,17,7,20,38,6.4,DIED
314,B,0,6,18,20,34,5,16.2,DIED
320,B,0,9,17,16,36,2,14.5,DIED
323,B,0,9,18,12,33,34,2.4,CAPTURE
243,A,1,40,28,2,6,6,2.8,DIED
388,A,1,40,28,1,1,10,3.5,DIED
399,A,0,34,26,11,21,1,11.0,DIED
479,A,1,40,28,1,2,7,1.4,DIED
637,A,1,40,28,2,2,3,1.3,DIED
641,A,0,37,28,3,9,2,7.5,DIED
723,A,1,40,28,1,1,5,3.0,DIED
751,A,1,35,16,15,22,1,8.0,DIED
754,A,0,33,15,15,27,1,16.0,DIED
757,A,0,33,16,18,36,5,19.0,DIED
763,A,0,30,15,23,39,17,9.4,DIED
781,A,0,21,16,4,22,4,2.5,DIED
786,A,0,18,16,3,6,4,0.3,CAPTURE
812,A,1,40,28,0,0,7,2.1,DIED
1309,A,1,40,28,1,2,4,1.5,DIED
571,B,1,8,26,2,14,0,0.0,DIED
693,B,1,2,10,4,5,8,4.6,DIED
865,B,1,2,10,2,2,7,2.7,DIED
874,B,0,7,10,7,10,7,10.4,DIED
960,B,1,2,10,3,3,2,2.5,DIED
964,B,0,4,9,3,3,2,3.0,DIED
1035,B,1,2,10,4,5,2,4.5,DIED
1038,B,0,4,9,5,7,11,6.7,DIED
1052,B,0,10,8,13,25,4,16.8,DIED
1059,B,0,9,9,23,29,1,24.0,DIED
1061,B,0,10,8,24,29,3,16.7,DIED
1085,B,1,12,19,16,21,2,13.0,DIED
1088,B,0,14,19,15,20,1,15.0,DIED
1093,B,0,14,19,16,20,4,17.8,DIED
1330,B,1,2,10,2,2,4,2.0,DIED
1337,B,0,4,12,2,7,4,4.0,DIED
1477,B,1,2,10,2,2,13,5.2,DIED
1627,B,1,2,10,1,2,4,0.3,DIED
1639,B,1,8,26,0,3,5,3.2,DIED
1777,B,1,2,10,1,1,7,1.7,DIED
1786,B,0,7,11,5,7,18,3.9,DIED
1805,B,0,18,1,2,9,18,5.3,CAPTURE
1965,B,1,8,26,3,10,1,4.0,DIED
246,B,1,2,57,3,3,5,2.4,DIED
261,B,1,2,2,2,2,4,2.0,DIED
271,B,1,2,2,2,3,4,3.0,DIED
365,B,1,2,2,6,6,2,7.0,DIED
257,B,1,2,57,3,3,110,0.7,CAPTURE
368,B,0,4,2,9,9,3,8.3,DIED
374,B,0,6,3,10,10,19,2.6,DIED
464,B,1,2,30,1,4,11,1.0,DIED
485,B,1,2,2,6,6,1,6.0,DIED
487,B,0,3,2,6,6,13,4.7,DIED
501,B,0,10,0,6,14,5,5.8,DIED
510,B,0,13,1,5,15,16,3.6,DIED
528,B,0,20,2,5,10,47,1.0,DIED
644,B,1,2,2,3,3,9,2.1,DIED
655,B,0,7,1,1,2,10,2.4,DIED
666,B,0,11,0,4,7,3,5.7,DIED
670,B,0,12,1,5,7,2,5.0,DIED
677,B,1,2,2,3,3,2,3.5,DIED
588,B,1,2,30,3,3,117,0.2,DIED
775,B,1,2,30,2,2,1,2.0,DIED
777,B,0,4,31,2,2,9,1.6,DIED
1422,B,1,2,2,4,4,3,4.0,DIED
1543,B,1,2,2,5,5,1,5.0,DIED
1629,B,1,2,2,5,5,9,4.9,DIED
1627,B,1,2,30,4,4,12,1.6,DIED
1639,B,0,6,1,7,9,4,8.3,DIED
1644,B,0,8,1,8,8,3,7.7,DIED
1641,B,0,6,29,1,4,8,4.4,DIED
1650,B,0,10,27,9,16,0,0.0,DIED
1651,B,0,10,28,9,16,0,0.0,DIED
1915,B,1,2,2,2,2,7,2.0,DIED
246,A,1,57,2,3,3,14,1.9,DIED
248,A,1,57,57,2,2,22,1.5,DIED
261,A,0,48,5,3,3,90,0.0,CAPTURE
468,A,1,57,29,3,4,130,0.4,CAPTURE
639,A,1,57,57,2,2,4,2.5,DIED
656,A,1,57,57,3,4,3,3.3,DIED
660,A,0,55,58,6,6,5,3.8,DIED
667,A,0,51,59,5,5,5,3.6,DIED
674,A,0,47,59,5,9,3,4.3,DIED
679,A,0,44,59,5,7,1,5.0,DIED
828,A,1,57,57,4,4,1,4.0,DIED
831,A,0,55,58,5,5,13,3.5,DIED
847,A,0,47,51,6,9,21,2.4,DIED
869,A,0,36,44,7,10,3,6.3,DIED
873,A,0,35,43,9,10,16,3.1,DIED
892,A,0,25,46,8,10,3,6.0,DIED
896,A,0,22,47,7,10,5,5.2,DIED
906,A,1,57,57,2,2,2,1.0,DIED
909,A,0,54,56,2,2,4,1.5,DIED
915,A,0,53,56,2,3,5,2.2,DIED
996,A,1,57,57,2,2,3,3.3,DIED
1004,A,1,57,57,4,4,2,4.0,DIED
1007,A,0,55,57,5,6,3,5.3,DIED
1109,A,1,57,57,1,1,2,3.0,DIED
1131,A,1,57,57,3,3,0,0.0,DIED
1265,A,1,57,57,3,3,16,2.1,DIED
1283,A,0,48,58,4,6,3,4.3,DIED
1407,A,1,57,57,2,2,6,1.8,DIED
1415,A,0,54,56,1,2,104,0.2,CAPTURE
250,B,1,24,26,0,2,5,2.0,DIED
272,B,1,24,26,0,0,56,0.0,CAPTURE
398,B,1,43,23,7,8,28,0.5,CAPTURE
445,B,1,6,23,17,26,1,16.0,DIED
448,B,0,6,21,15,25,24,1.2,CAPTURE
276,A,1,24,3,7,9,0,0.0,DIED
346,A,1,6,6,6,10,3,10.3,DIED
350,A,0,7,9,14,16,2,14.0,DIED
355,A,0,6,10,14,15,8,10.1,DIED
367,A,0,4,14,10,15,14,2.1,CAPTURE
391,A,1,43,6,4,4,0,0.0,DIED
409,A,1,24,3,2,6,1,2.0,DIED
393,A,0,43,8,2,6,28,1.0,CAPTURE
446,A,1,24,3,4,9,2,5.0,DIED
452,A,0,25,4,6,12,2,6.5,DIED
457,A,0,25,4,6,12,1,9.0,DIED
460,A,0,25,6,10,15,5,12.6,DIED
466,A,0,26,9,12,18,0,0.0,DIED
467,A,0,27,9,9,18,3,9.3,DIED
1841,A,1,24,3,3,3,2,3.0,DIED
1844,A,0,23,5,4,4,2,4.0,DIED
1968,A,1,24,3,1,2,0,0.0,DIED
1972,A,0,25,5,2,3,16,1.7,DIED
1994,A,0,24,20,14,31,1,2.0,DIED
1996,A,0,25,23,7,28,1,4.0,CAPTURE
213,B,1,19,14,1,1,9,3.4,DIED
224,B,0,17,15,7,17,2,11.0,DIED
234,B,1,33,3,1,1,8,2.5,DIED
245,B,1,19,14,0,1,12,2.3,DIED
531,B,1,55,33,0,1,16,0.7,DIED
549,B,0,52,31,1,1,48,1.1,DIED
599,B,0,47,52,2,2,10,1.3,CAPTURE
576,B,1,19,14,0,0,100,0.0,CAPTURE
574,B,1,33,3,0,0,122,0.0,CAPTURE
234,A,1,55,3,4,5,9,3.8,DIED
244,A,0,55,9,3,6,7,2.3,DIED
281,A,1,3,3,0,1,5,1.0,DIED
288,A,0,3,5,0,7,5,3.8,DIED
294,A,0,4,8,13,18,1,9.0,DIED
298,A,0,3,10,14,19,3,14.3,DIED
303,A,0,4,13,15,20,4,7.3,DIED
310,A,0,4,17,12,21,3,9.3,DIED
314,A,0,4,20,12,16,4,8.8,DIED
321,A,0,3,23,14,21,2,7.5,CAPTURE
346,A,1,29,3,4,8,3,5.0,DIED
352,A,0,28,5,5,6,4,5.5,DIED
359,A,0,28,8,2,6,27,0.9,DIED
390,A,0,30,21,3,6,6,2.7,CAPTURE
391,A,1,55,3,0,0,44,0.0,CAPTURE
289,B,1,3,50,1,2,34,2.3,DIED
324,B,0,21,52,13,16,0,0.0,DIED
337,B,1,11,19,5,7,5,2.2,DIED
344,B,0,15,19,3,4,30,0.1,CAPTURE
245,B,1,2,32,3,6,2,2.5,DIED
249,B,0,4,33,3,10,6,1.0,DIED
256,B,0,8,31,1,6,16,2.7,DIED
302,B,1,2,32,6,10,2,7.0,DIED
256,B,1,2,53,2,8,48,0.3,CAPTURE
307,B,0,3,33,10,13,2,10.0,DIED
311,B,0,4,33,13,17,2,13.5,DIED
314,B,0,6,34,18,24,0,0.0,DIED
315,B,0,8,35,19,24,0,0.0,DIED
334,B,1,2,32,5,12,1,5.0,DIED
327,B,1,2,11,2,3,48,0.1,CAPTURE
419,B,1,2,32,1,7,10,4.6,DIED
432,B,0,8,32,8,15,3,12.0,DIED
670,B,1,2,32,7,10,7,6.6,DIED
680,B,0,5,32,5,8,33,1.1,DIED
714,B,0,22,33,4,11,6,1.2,CAPTURE
237,A,1,28,32,5,6,14,1.9,DIED
285,A,1,28,53,10,10,7,7.6,DIED
295,A,0,23,52,9,13,6,8.7,DIED
312,A,1,28,32,0,4,6,3.8,DIED
302,A,0,19,53,9,13,28,1.1,CAPTURE
368,A,1,28,32,1,3,4,1.8,DIED
374,A,0,25,33,4,6,17,2.4,DIED
394,A,0,15,33,5,9,3,6.7,DIED
402,A,1,28,11,6,6,3,6.7,DIED
406,A,0,26,11,8,10,0,0.0,DIED
410,A,0,27,11,9,10,6,5.3,DIED
472,A,1,28,11,7,11,1,11.0,DIED
425,A,1,28,32,0,0,48,0.3,CAPTURE
474,A,0,26,11,11,17,2,14.5,DIED
562,A,1,28,11,24,34,1,26.0,DIED
564,A,0,27,11,28,36,4,17.5,DIED
569,A,0,25,13,20,35,40,0.8,CAPTURE
224,A,1,6,17,5,12,3,6.0,DIED
230,A,0,5,18,6,8,6,4.0,DIED
238,A,0,5,21,3,9,8,4.1,DIED
249,A,0,6,21,6,15,2,6.0,DIED
257,A,1,6,17,12,20,0,0.0,DIED
264,A,1,32,13,1,2,6,0.0,DIED
271,A,0,33,16,0,0,48,0.0,CAPTURE
360,A,1,40,4,1,1,10,1.1,DIED
374,A,0,41,10,2,2,11,1.5,DIED
387,A,0,39,15,0,0,46,1.2,DIED
395,A,1,6,17,4,9,56,0.1,CAPTURE
544,A,1,40,4,11,12,70,0.3,CAPTURE
297,A,1,29,42,3,4,3,1.0,DIED
336,A,1,41,42,2,6,2,3.0,DIED
343,A,1,41,42,5,10,2,4.0,DIED
347,A,0,42,40,7,11,3,7.0,DIED
362,A,1,29,42,2,3,1,2.0,DIED
470,A,1,18,42,3,8,0,0.0,DIED
471,A,0,18,41,4,9,0,0.0,DIED
474,A,0,18,40,4,10,16,4.5,DIED
518,A,1,41,42,0,1,0,0.0,DIED
519,A,0,40,42,1,1,0,0.0,DIED
527,A,1,41,42,1,1,3,0.7,DIED
735,A,1,41,42,1,1,4,2.0,DIED
740,A,1,29,42,8,21,0,0.0,DIED
755,A,1,41,42,2,4,3,1.7,DIED
742,A,0,29,40,6,25,64,0.7,CAPTURE
825,A,1,18,42,5,5,1,5.0,DIED
1026,A,1,41,42,8,8,0,0.0,DIED
1134,A,1,18,42,12,12,1,10.0,DIED
1139,A,0,19,40,10,15,62,0.8,CAPTURE
1342,A,1,41,42,0,1,70,0.0,CAPTURE
285,A,1,41,26,10,11,5,7.0,DIED
292,A,0,37,27,9,9,6,6.5,DIED
368,A,1,41,3,16,18,1,12.0,DIED
370,A,0,39,4,13,16,23,3.1,DIED
437,A,1,41,26,5,7,54,0.2,CAPTURE
598,A,1,46,14,4,4,2,5.0,DIED
602,A,0,45,14,6,6,5,4.6,DIED
608,A,0,41,16,6,13,3,11.3,DIED
624,A,1,41,3,3,3,10,1.1,DIED
780,A,1,46,14,1,6,39,0.7,DIED
857,A,1,41,3,9,9,54,0.7,CAPTURE
1342,A,1,46,14,6,6,3,4.7,DIED
1347,A,0,44,15,7,12,4,12.3,DIED
1353,A,0,40,14,21,29,1,15.0,DIED
258,B,1,24,5,15,18,20,11.3,DIED
279,B,0,27,15,14,21,16,13.1,DIED
376,B,1,10,9,4,7,7,2.0,DIED
384,B,0,15,14,2,11,18,0.4,CAPTURE
398,B,1,24,5,2,6,7,3.3,DIED
414,B,1,24,5,8,14,3,9.7,DIED
418,B,0,25,7,11,19,30,3.4,CAPTURE
476,B,1,1,27,1,2,7,2.0,DIED
486,B,0,6,26,5,5,6,3.0,DIED
525,B,1,1,27,1,1,10,1.6,DIED
553,B,1,1,27,7,8,0,0.0,DIED
557,B,0,2,27,8,9,40,0.7,CAPTURE
274,A,1,4,5,9,9,4,9.0,DIED
277,A,1,48,26,3,9,7,2.3,DIED
286,A,0,48,31,3,4,40,0.1,CAPTURE
329,A,1,4,5,14,14,13,8.5,DIED
375,A,1,46,5,3,3,0,0.0,DIED
379,A,0,46,6,5,5,11,4.2,DIED
393,A,0,47,11,2,4,8,1.9,DIED
434,A,1,4,5,9,10,48,0.9,CAPTURE
474,A,1,46,5,2,2,28,1.9,DIED
508,A,1,46,5,2,7,1,6.0,DIED
588,A,1,46,5,4,4,5,3.4,DIED
598,A,1,46,5,2,5,2,4.0,DIED
602,A,0,47,6,3,8,1,3.0,DIED
607,A,0,46,6,5,12,2,10.0,DIED
1435,A,1,46,5,2,2,2,2.0,DIED
522,A,1,24,21,2,4,5,2.8,DIED
528,A,0,21,21,3,9,1,2.0,DIED
531,A,0,19,21,5,15,5,7.2,DIED
671,A,1,24,21,1,1,6,1.7,DIED
693,A,1,24,21,2,5,2,2.0,DIED
729,A,1,24,21,1,1,11,5.3,DIED
743,A,0,17,20,12,20,6,10.3,DIED
948,A,1,24,21,1,2,40,0.0,CAPTURE
1039,A,1,27,12,3,6,2,6.5,DIED
1990,A,1,27,12,1,1,3,4.7,DIED
247,B,1,18,23,15,19,4,14.3,DIED
252,B,0,22,21,15,23,2,12.5,DIED
263,B,1,18,23,19,24,1,20.0,DIED
278,B,1,3,40,0,0,33,1.9,DIED
365,B,1,18,23,3,9,4,9.8,DIED
371,B,0,21,22,15,26,3,15.7,DIED
380,B,1,18,23,10,21,1,16.0,DIED
400,B,1,3,40,0,0,18,0.9,DIED
419,B,0,12,36,8,19,3,7.7,DIED
348,B,1,6,3,0,0,74,0.1,CAPTURE
437,B,1,18,23,12,23,2,11.0,DIED
441,B,0,19,22,10,18,38,2.1,CAPTURE
347,B,1,17,16,8,8,1,7.0,DIED
349,B,0,18,18,8,9,5,8.6,DIED
355,B,0,17,21,10,10,8,4.6,DIED
515,B,1,45,20,10,13,2,4.0,DIED
518,B,0,43,22,5,13,26,1.2,CAPTURE
1065,B,1,32,6,7,9,6,4.2,DIED
1073,B,0,33,10,5,9,0,0.0,DIED
1401,B,1,32,6,1,1,7,1.9,DIED
1411,B,0,34,11,4,11,27,3.1,DIED
1610,B,1,32,6,2,2,17,2.0,DIED
1628,B,0,35,14,1,10,18,3.0,DIED
1652,B,1,32,6,4,7,4,4.5,DIED
1677,B,1,17,16,9,9,0,0.0,DIED
386,A,1,41,45,12,18,1,14.0,DIED
422,A,1,41,45,12,15,1,11.0,DIED
428,A,1,41,45,13,15,3,6.0,DIED
436,A,1,41,45,11,15,1,10.0,DIED
440,A,0,41,44,10,15,3,6.0,DIED
496,A,1,37,9,2,3,1,2.0,DIED
499,A,0,36,9,3,4,2,3.0,DIED
502,A,0,36,9,2,4,2,3.0,DIED
682,A,1,11,29,6,7,21,1.5,DIED
729,A,1,41,45,0,0,12,2.1,DIED
742,A,0,47,38,6,9,4,6.3,DIED
746,A,1,37,9,1,1,5,1.0,DIED
752,A,0,36,10,0,0,4,0.3,DIED
758,A,0,35,10,2,2,2,3.0,DIED
763,A,0,34,10,3,3,3,3.0,DIED
764,A,1,11,29,0,4,3,0.7,DIED
768,A,0,33,10,4,4,13,2.8,DIED
826,A,1,11,29,11,12,2,10.5,DIED
831,A,0,12,28,7,9,3,3.7,DIED
836,A,0,13,26,6,7,13,2.4,DIED
842,B,1,2,2,0,0,82,0.0,CAPTURE
292,B,1,3,27,2,2,6,1.3,DIED
572,B,1,7,15,2,5,2,1.5,DIED
573,B,1,3,27,1,1,54,0.1,DIED
685,B,1,3,27,1,1,10,1.0,DIED
702,B,1,3,27,3,4,12,1.5,DIED
715,B,0,10,26,3,8,1,3.0,DIED
721,B,1,3,27,3,10,1,4.0,DIED
735,B,1,3,3,2,3,3,2.0,DIED
1645,B,1,3,3,1,1,2,1.0,DIED
1650,B,0,5,3,2,3,6,0.7,DIED
232,B,1,12,27,3,6,4,3.5,DIED
249,B,1,12,27,13,15,4,12.0,DIED
1060,B,1,12,27,1,15,3,6.7,DIED
1190,B,1,12,27,4,10,1,3.0,DIED
242,B,1,21,4,7,8,1,6.0,DIED
245,B,1,4,45,1,1,7,3.0,DIED
273,B,1,21,4,8,8,2,7.0,DIED
319,B,1,4,45,2,2,15,1.2,DIED
579,B,1,16,30,2,2,6,2.5,DIED
589,B,0,21,31,6,7,5,5.0,DIED
692,B,1,16,30,0,2,15,2.4,DIED
241,B,1,17,4,3,4,3,3.0,DIED
236,B,1,54,4,1,2,11,1.9,DIED
246,B,0,17,5,4,4,12,2.8,DIED
262,B,0,16,13,2,4,8,3.6,DIED
275,B,1,17,4,0,0,14,1.9,DIED
291,B,0,14,12,5,8,5,5.6,DIED
771,B,1,46,4,1,2,0,0.0,DIED
774,B,0,47,5,1,2,5,1.0,DIED
785,B,1,54,4,0,1,16,0.6,DIED
803,B,1,17,4,9,10,3,6.0,DIED
808,B,0,15,7,11,11,0,0.0,DIED
810,B,0,14,9,11,12,6,11.0,DIED
890,B,1,54,4,4,5,5,1.8,DIED
897,B,0,52,7,4,8,90,0.0,CAPTURE
1224,B,1,17,4,5,5,0,0.0,DIED
1225,B,0,17,6,5,5,8,5.4,DIED
1317,B,1,46,4,4,6,7,2.9,DIED
1326,B,0,47,7,6,6,10,2.2,DIED
1337,B,0,48,13,2,5,15,1.3,DIED
1463,B,1,46,4,10,13,4,12.0,DIED
1395,B,1,17,4,3,8,73,0.2,DIED
1589,B,1,46,4,4,5,2,4.5,DIED
1592,B,0,45,5,5,6,5,4.6,DIED
1598,B,0,43,8,5,8,4,5.8,DIED
1607,B,1,46,4,1,5,7,3.7,DIED
1620,B,1,46,4,1,6,7,2.3,DIED
1630,B,0,48,9,9,13,1,9.0,DIED
1544,B,1,17,4,4,4,102,0.1,CAPTURE
231,A,1,42,55,2,2,5,4.2,DIED
256,A,1,5,55,4,4,2,3.0,DIED
294,A,1,13,55,13,20,3,7.7,DIED
298,A,0,15,53,8,21,5,5.0,DIED
238,A,0,44,52,4,7,90,0.0,CAPTURE
307,A,1,5,55,0,11,46,0.3,DIED
465,A,1,13,55,19,20,2,13.0,DIED
1320,A,1,13,55,11,12,3,8.3,DIED
1324,A,0,14,52,9,12,1,3.0,DIED
1553,A,1,13,55,3,4,1,2.0,DIED
1558,A,0,14,54,4,5,2,4.0,DIED
1561,A,0,15,54,7,9,3,6.7,DIED
1685,A,1,13,55,10,17,2,13.0,DIED
1688,A,0,15,53,17,20,3,12.0,DIED
1971,A,1,13,55,14,15,1,13.0,DIED
261,B,1,27,27,4,9,44,0.4,CAPTURE
314,B,1,2,28,1,1,20,1.2,DIED
337,B,0,14,28,5,10,7,4.3,DIED
348,B,0,19,28,4,9,4,5.3,DIED
358,B,1,2,2,2,6,6,4.0,DIED
365,B,0,5,2,3,6,3,3.3,DIED
435,B,1,2,28,1,1,40,0.6,DIED
476,B,0,24,27,3,3,12,2.0,DIED
502,B,1,2,15,0,0,6,1.0,DIED
489,B,0,31,27,2,2,48,0.3,CAPTURE
948,B,1,2,15,2,2,0,0.0,DIED
1823,B,1,2,2,7,7,66,0.1,CAPTURE
240,A,1,31,17,5,8,3,6.0,DIED
274,A,1,44,29,1,2,10,2.3,DIED
286,A,0,40,32,4,8,9,3.4,DIED
307,A,1,20,4,4,10,2,4.5,DIED
427,A,1,31,17,9,14,4,8.0,DIED
432,A,0,28,20,10,16,18,0.2,CAPTURE
571,A,1,44,29,2,2,2,2.5,DIED
1769,A,1,44,29,4,5,7,3.3,DIED
1783,A,1,44,29,9,10,1,9.0,DIED
1792,A,1,20,4,1,2,1,1.0,DIED
1814,A,1,44,29,2,2,0,0.0,DIED
1819,A,0,42,30,3,3,0,0.0,DIED
1820,A,0,42,30,3,3,11,1.2,DIED
285,A,1,53,28,9,12,1,10.0,DIED
420,A,1,29,4,5,5,3,2.3,DIED
425,A,0,27,4,5,9,5,6.6,DIED
434,A,0,24,8,10,13,5,9.6,DIED
458,A,1,53,28,3,5,13,1.5,DIED
476,A,1,29,4,1,4,8,2.5,DIED
472,A,0,47,35,1,1,38,0.2,CAPTURE
1489,A,1,29,4,7,7,3,7.0,DIED
1495,A,0,28,7,9,10,5,4.8,DIED
1502,A,0,24,11,8,11,6,2.7,DIED
1608,A,1,29,4,7,7,3,3.7,DIED
1612,A,0,30,7,6,9,44,0.1,CAPTURE
246,A,1,13,17,22,37,0,0.0,DIED
304,A,1,13,17,22,41,1,24.0,DIED
311,A,1,13,17,25,36,1,25.0,DIED
326,A,1,13,17,27,45,0,0.0,DIED
381,A,1,13,17,24,41,0,0.0,DIED
388,A,1,13,17,20,41,1,27.0,DIED
403,A,1,13,17,23,39,1,26.0,DIED
449,A,1,13,17,21,32,0,0.0,DIED
454,A,1,13,17,26,33,0,0.0,DIED
467,A,1,13,17,23,32,4,23.0,DIED
481,A,1,13,17,23,35,2,23.0,DIED
488,A,1,13,17,26,38,1,23.0,DIED
521,A,1,30,11,2,3,4,3.5,DIED
595,A,1,30,11,0,1,14,1.9,DIED
611,A,0,23,17,12,21,1,12.0,DIED
1009,A,1,27,27,1,1,1,3.0,DIED
313,B,1,46,53,3,8,2,2.0,DIED
316,B,0,46,51,2,9,48,0.4,CAPTURE
401,B,1,2,32,10,11,2,10.0,DIED
404,B,0,2,29,11,11,44,1.3,CAPTURE
660,B,1,4,53,7,9,0,0.0,DIED
842,B,1,4,53,3,3,4,2.8,DIED
849,B,0,3,51,3,4,4,5.0,DIED
938,B,1,4,53,2,2,4,1.3,DIED
943,B,0,4,51,2,2,5,1.8,DIED
949,B,0,4,48,1,2,34,0.6,DIED
985,B,0,6,31,7,9,4,8.0,DIED
1097,B,1,4,53,4,5,2,5.5,DIED
1190,B,1,4,53,1,1,6,1.7,DIED
1806,B,1,4,53,1,1,5,1.2,DIED
1834,B,0,5,49,1,3,15,2.1,DIED
