file,opp,us,team,name,won,rounds,wintype,gathered200,gathered400,firstEnemySide,inEnemy250,inEnemy300,firstFlagSight,pickups,captured,carrierDeaths,carrierRounds,carrierMoves,enemyCarrierKills,trapsBuilt,trapsHit,kills,deaths,meanAlive,postPickups,firstGrabs,regrabs,relayPickups,carrierDeathDist,damStage199,enemyRegrabs,enemyFirstGrabs,regrabsLate,capturedLate,chasers20,enemyCaptured,escorts20,stillPost,enemyUnseenRounds,unopposedCaps,longTrips25,longCaps25,longCapRate,loneDeaths,trickleDeaths,symOk,psymOk,maxBcK,overruns
gauntlet/20261002-215801-scrim-arch_rush10s-crack777001/losses/ColtG5.Goob_final__Duck__botB.bc24,ColtG5.Goob_final,0,A,Goob_final,1,2000,MORE_FLAG_CAPTURES,2900,3000,201,30,23,226,23,2,21,334,159,3,284,271,567,1076,36.9,23,9,14,0,43.6,40,1,4,9,0,0.55,1,4.61,11.7,159,1,,,,270,60,1,1,16.3,0
gauntlet/20261002-215801-scrim-arch_rush10s-crack777001/losses/ColtG5.Goob_final__Duck__botB.bc24,ColtG5.Goob_final,1,B,arch_rush10s,0,2000,MORE_FLAG_CAPTURES,2800,2800,201,18,10,227,155,1,3,219,133,21,419,356,1076,567,43.1,155,4,1,150,48.0,47,14,9,0,0,1.37,2,5.78,22.3,227,2,3,2,0.667,223,53,1,,15.4,0
gauntlet/20261002-215801-scrim-arch_rush10s-crack777001/losses/ColtG5.Goob_final__GravitationalWaves__botA.bc24,ColtG5.Goob_final,1,A,arch_rush10s,0,2000,MORE_FLAG_CAPTURES,3700,3700,201,23,21,201,0,0,0,0,0,17,225,167,813,238,47.1,0,0,0,0,,19,8,10,0,0,3.58,1,0.00,34.1,47,1,1,1,1.000,30,10,1,,22.8,0
gauntlet/20261002-215801-scrim-arch_rush10s-crack777001/losses/ColtG5.Goob_final__GravitationalWaves__botA.bc24,ColtG5.Goob_final,0,B,Goob_final,1,2000,MORE_FLAG_CAPTURES,3700,3700,201,18,21,201,18,1,17,132,58,0,233,207,238,813,40.1,18,10,8,0,22.9,21,0,0,0,0,0.00,0,5.28,12.1,,,,,,186,18,1,1,15.6,0
gauntlet/20261002-215801-scrim-arch_rush10s-crack777001/losses/ColtG5.Goob_final__Alien__botA.bc24,ColtG5.Goob_final,1,A,arch_rush10s,0,2000,MORE_FLAG_CAPTURES,3300,3300,205,2,0,243,0,0,0,0,0,13,240,223,1392,758,40.8,0,0,0,0,,38,4,10,0,0,4.24,1,0.00,35.8,22,1,,,,114,26,1,,22.8,0
gauntlet/20261002-215801-scrim-arch_rush10s-crack777001/losses/ColtG5.Goob_final__Alien__botA.bc24,ColtG5.Goob_final,0,B,Goob_final,1,2000,MORE_FLAG_CAPTURES,3300,3300,202,28,32,212,14,1,13,68,23,0,429,402,758,1392,33.1,14,10,4,0,14.4,41,0,0,0,0,0.00,0,7.24,17.5,,,,,,88,47,0,0,17.9,0
gauntlet/20261002-215801-scrim-arch_rush10s-crack777001/losses/ColtG5.Goob_final__BreadPudding__botA.bc24,ColtG5.Goob_final,1,A,arch_rush10s,0,2000,MORE_FLAG_CAPTURES,2600,2600,213,0,0,564,0,0,0,0,0,2,222,191,1133,408,45.0,0,0,0,0,,35,2,1,0,0,4.57,1,0.00,44.1,24,0,1,1,1.000,28,7,1,,22.8,0
gauntlet/20261002-215801-scrim-arch_rush10s-crack777001/losses/ColtG5.Goob_final__BreadPudding__botA.bc24,ColtG5.Goob_final,0,B,Goob_final,1,2000,MORE_FLAG_CAPTURES,2600,3200,202,18,15,216,3,1,2,47,22,0,274,257,408,1133,36.2,3,1,2,0,17.5,45,0,0,0,0,0.00,0,6.70,13.7,,,,,,25,22,0,0,17.0,0
gauntlet/20261002-215801-scrim-arch_rush10s-crack777001/losses/ColtG5.Goob_final__Duck__botA.bc24,ColtG5.Goob_final,1,A,arch_rush10s,0,2000,MORE_FLAG_CAPTURES,2900,2900,201,21,22,225,157,0,9,288,148,10,301,245,1004,616,42.5,157,5,5,147,31.4,46,4,7,2,0,1.11,1,4.39,20.3,114,1,2,1,0.500,262,92,1,,15.3,0
gauntlet/20261002-215801-scrim-arch_rush10s-crack777001/losses/ColtG5.Goob_final__Duck__botA.bc24,ColtG5.Goob_final,0,B,Goob_final,1,2000,MORE_FLAG_CAPTURES,2900,2900,201,27,8,229,11,1,10,206,96,9,339,313,616,1004,37.7,11,7,4,0,43.2,40,5,5,0,0,0.99,0,2.63,11.2,189,0,2,0,0.000,280,56,1,1,17.2,0
gauntlet/20261002-215801-scrim-arch_rush10s-crack777001/losses/ColtG5.Goob_final__Battlecode24__botA.bc24,ColtG5.Goob_final,1,A,arch_rush10s,0,2000,MORE_FLAG_CAPTURES,12400,15800,206,17,15,237,0,0,0,0,0,3,359,333,822,548,43.3,0,0,0,0,,24,2,3,0,0,0.86,2,0.00,39.4,103,0,3,1,0.333,80,16,1,,22.8,0
gauntlet/20261002-215801-scrim-arch_rush10s-crack777001/losses/ColtG5.Goob_final__Battlecode24__botA.bc24,ColtG5.Goob_final,0,B,Goob_final,1,2000,MORE_FLAG_CAPTURES,12200,26000,202,14,14,249,5,2,3,148,71,0,330,289,548,822,40.0,5,3,2,0,9.0,36,0,0,0,0,0.00,0,2.70,14.0,,,,,,92,10,0,0,17.2,0
gauntlet/20261002-215801-scrim-arch_rush10s-crack777001/losses/ColtG5.Goob_final__EvilGrin__botB.bc24,ColtG5.Goob_final,0,A,Goob_final,1,2000,MORE_FLAG_CAPTURES,2000,6200,203,40,26,238,6,1,5,58,27,0,299,269,580,1332,33.8,6,5,1,0,24.0,47,0,0,0,0,0.00,0,7.29,14.9,,,,,,43,33,0,0,18.4,0
gauntlet/20261002-215801-scrim-arch_rush10s-crack777001/losses/ColtG5.Goob_final__EvilGrin__botB.bc24,ColtG5.Goob_final,1,B,arch_rush10s,0,2000,MORE_FLAG_CAPTURES,2000,3000,254,0,0,372,0,0,0,0,0,5,233,191,1332,580,42.9,0,0,0,0,,47,1,5,0,0,1.47,1,0.00,27.0,32,0,1,1,1.000,51,8,1,,22.8,0
gauntlet/20261002-215801-scrim-arch_rush10s-crack777001/losses/ColtG5.Goob_final__FloodGates__botA.bc24,ColtG5.Goob_final,1,A,arch_rush10s,0,2000,MORE_FLAG_CAPTURES,500,1700,314,0,0,335,0,0,0,0,0,1,235,200,1031,368,45.5,0,0,0,0,,25,1,1,0,0,0.93,1,0.00,51.4,30,1,1,1,1.000,51,2,1,,15.4,0
gauntlet/20261002-215801-scrim-arch_rush10s-crack777001/losses/ColtG5.Goob_final__FloodGates__botA.bc24,ColtG5.Goob_final,0,B,Goob_final,1,2000,MORE_FLAG_CAPTURES,500,1700,207,36,16,216,2,1,1,42,21,0,209,188,368,1031,37.4,2,1,1,0,20.0,30,0,0,0,0,0.00,0,7.00,15.8,,,,,,57,23,0,0,18.8,0
gauntlet/20261002-215801-scrim-arch_rush10s-crack777001/losses/ColtG5.Goob_final__HungerGames__botB.bc24,ColtG5.Goob_final,0,A,Goob_final,1,456,CAPTURE,700,18400,204,26,17,221,7,3,4,130,61,0,183,139,108,117,43.8,7,5,2,0,15.0,47,0,0,0,0,0.00,0,6.02,18.4,,,,,,23,3,0,0,15.9,0
gauntlet/20261002-215801-scrim-arch_rush10s-crack777001/losses/ColtG5.Goob_final__HungerGames__botB.bc24,ColtG5.Goob_final,1,B,arch_rush10s,0,456,CAPTURE,700,3800,205,3,16,318,0,0,0,0,0,4,76,69,117,108,44.4,0,0,0,0,,47,2,5,0,0,2.30,3,0.00,39.1,67,1,3,3,1.000,17,4,1,,22.8,0
gauntlet/20261002-215801-scrim-arch_rush10s-crack777001/losses/ColtG5.Goob_final__Intercontinental__botB.bc24,ColtG5.Goob_final,0,A,Goob_final,1,530,CAPTURE,2400,5100,201,22,18,244,12,3,9,181,84,2,35,25,94,168,42.3,12,8,4,0,15.7,47,1,1,0,0,1.48,0,4.09,14.1,18,0,,,,40,10,1,1,14.7,0
gauntlet/20261002-215801-scrim-arch_rush10s-crack777001/losses/ColtG5.Goob_final__Intercontinental__botB.bc24,ColtG5.Goob_final,1,B,arch_rush10s,0,530,CAPTURE,2400,3300,201,6,13,249,24,0,2,33,14,9,38,37,168,94,45.8,24,1,1,22,6.0,46,4,8,0,0,1.28,3,5.82,20.7,85,2,3,2,0.667,37,12,1,,18.9,0
gauntlet/20261002-215801-scrim-arch_rush10s-crack777001/losses/ColtG5.Goob_final__HungerGames__botA.bc24,ColtG5.Goob_final,1,A,arch_rush10s,0,2000,MORE_FLAG_CAPTURES,700,2200,204,1,0,365,0,0,0,0,0,0,230,220,1274,805,40.2,0,0,0,0,,47,0,2,0,0,0.00,2,0.00,37.0,68,2,2,2,1.000,64,33,1,,15.2,0
gauntlet/20261002-215801-scrim-arch_rush10s-crack777001/losses/ColtG5.Goob_final__HungerGames__botA.bc24,ColtG5.Goob_final,0,B,Goob_final,1,2000,MORE_FLAG_CAPTURES,700,20000,203,22,27,234,2,2,0,68,34,0,597,561,805,1274,34.5,2,2,0,0,,47,0,0,0,0,0.00,0,4.07,15.6,,,,,,27,6,0,0,18.7,0
gauntlet/20261002-215801-scrim-arch_rush10s-crack777001/losses/ColtG5.Goob_final__HeMustBeFreed__botB.bc24,ColtG5.Goob_final,0,A,Goob_final,1,2000,MORE_FLAG_CAPTURES,3300,14200,201,23,23,220,14,2,12,305,165,0,366,328,682,773,40.6,14,6,8,0,39.9,30,0,0,1,1,0.00,0,1.96,12.5,,,,,,102,18,1,1,15.8,0
gauntlet/20261002-215801-scrim-arch_rush10s-crack777001/losses/ColtG5.Goob_final__HeMustBeFreed__botB.bc24,ColtG5.Goob_final,1,B,arch_rush10s,0,2000,MORE_FLAG_CAPTURES,2600,3200,201,7,4,368,0,0,0,0,0,12,202,187,773,682,41.7,0,0,0,0,,29,8,6,0,0,0.54,2,0.00,46.9,218,1,3,1,0.333,85,18,1,,22.8,0
gauntlet/20261002-215801-scrim-arch_rush10s-crack777001/losses/ColtG5.Goob_final__Pancakes__botA.bc24,ColtG5.Goob_final,1,A,arch_rush10s,0,606,CAPTURE,0,3800,203,10,16,258,4,0,1,4,0,19,98,91,232,108,45.9,4,1,1,2,25.0,48,13,9,0,0,2.61,3,12.00,22.0,83,2,2,2,1.000,35,3,1,,22.8,0
gauntlet/20261002-215801-scrim-arch_rush10s-crack777001/losses/ColtG5.Goob_final__Pancakes__botA.bc24,ColtG5.Goob_final,0,B,Goob_final,1,606,CAPTURE,0,5300,202,20,11,218,22,3,19,194,82,1,94,82,108,232,40.8,22,9,13,0,17.9,47,1,1,0,0,6.00,0,5.95,15.9,0,0,,,,59,20,0,0,16.6,0
gauntlet/20261002-215801-scrim-arch_rush10s-crack777001/losses/ColtG5.Goob_final__HeMustBeFreed__botA.bc24,ColtG5.Goob_final,1,A,arch_rush10s,0,2000,MORE_FLAG_CAPTURES,2800,3200,201,5,5,362,257,1,8,406,206,13,280,270,601,419,44.9,257,5,5,247,41.6,31,10,5,4,1,1.19,2,5.00,27.8,155,2,3,1,0.333,156,91,1,,22.8,0
gauntlet/20261002-215801-scrim-arch_rush10s-crack777001/losses/ColtG5.Goob_final__HeMustBeFreed__botA.bc24,ColtG5.Goob_final,0,B,Goob_final,1,2000,MORE_FLAG_CAPTURES,5900,14100,201,34,27,221,15,2,13,270,140,8,307,287,419,601,42.6,15,5,10,0,42.5,34,5,5,4,1,0.64,1,3.35,10.3,288,0,1,0,0.000,180,55,1,1,14.9,0
gauntlet/20261002-215801-scrim-arch_rush10s-crack777001/losses/ColtG5.Goob_final__Islands__botB.bc24,ColtG5.Goob_final,0,A,Goob_final,1,2000,MORE_FLAG_CAPTURES,5800,5800,201,24,28,207,5,1,4,45,19,0,419,397,719,1191,35.5,5,5,0,0,18.5,47,0,0,0,0,0.00,0,4.56,13.7,,,,,,103,25,1,1,18.0,0
gauntlet/20261002-215801-scrim-arch_rush10s-crack777001/losses/ColtG5.Goob_final__Islands__botB.bc24,ColtG5.Goob_final,1,B,arch_rush10s,0,2000,MORE_FLAG_CAPTURES,5800,5800,201,3,1,230,0,0,0,0,0,4,245,223,1191,719,41.2,0,0,0,0,,47,0,5,0,0,1.51,1,0.00,38.9,19,1,,,,156,66,1,,15.4,0
gauntlet/20261002-215801-scrim-arch_rush10s-crack777001/losses/ColtG5.Goob_final__OceanFloor__botB.bc24,ColtG5.Goob_final,0,A,Goob_final,1,2000,MORE_FLAG_CAPTURES,1400,1400,201,25,2,218,19,2,17,245,110,3,322,299,723,1070,36.9,19,10,9,0,31.0,47,1,2,0,0,1.59,0,3.38,13.7,33,0,,,,214,61,1,1,18.1,0
gauntlet/20261002-215801-scrim-arch_rush10s-crack777001/losses/ColtG5.Goob_final__OceanFloor__botB.bc24,ColtG5.Goob_final,1,B,arch_rush10s,0,2000,MORE_FLAG_CAPTURES,1400,1400,201,18,26,249,42,0,3,59,28,17,357,277,1070,723,41.2,42,2,1,39,15.7,47,9,10,0,0,1.32,2,6.88,23.8,142,1,4,1,0.250,173,66,1,,15.5,0
gauntlet/20261002-215801-scrim-arch_rush10s-crack777001/losses/ColtG5.Goob_final__Pancakes__botB.bc24,ColtG5.Goob_final,0,A,Goob_final,1,1936,CAPTURE,0,6600,202,29,23,225,9,3,6,154,80,1,305,298,631,1277,33.9,9,7,2,0,21.7,47,1,3,1,1,0.67,2,4.57,14.2,57,2,1,0,0.000,127,87,0,0,19.3,0
gauntlet/20261002-215801-scrim-arch_rush10s-crack777001/losses/ColtG5.Goob_final__Pancakes__botB.bc24,ColtG5.Goob_final,1,B,arch_rush10s,0,1936,CAPTURE,0,2500,201,5,14,277,44,2,1,81,44,6,246,238,1277,631,42.0,44,3,1,40,24.0,48,2,7,1,2,1.08,3,8.44,27.7,111,2,3,3,1.000,88,44,1,,15.5,0
gauntlet/20261002-215801-scrim-arch_rush10s-crack777001/losses/ColtG5.Goob_final__StarryNight__botA.bc24,ColtG5.Goob_final,1,A,arch_rush10s,0,588,CAPTURE,13600,14200,201,12,4,210,0,0,0,0,0,6,168,134,184,138,44.3,0,0,0,0,,48,4,5,0,0,1.81,3,0.00,38.0,60,1,2,2,1.000,22,6,1,,16.0,0
gauntlet/20261002-215801-scrim-arch_rush10s-crack777001/losses/ColtG5.Goob_final__StarryNight__botA.bc24,ColtG5.Goob_final,0,B,Goob_final,1,588,CAPTURE,13600,20300,201,14,16,205,9,3,6,128,61,0,185,140,138,184,42.4,9,5,4,0,18.0,47,0,0,0,0,0.00,0,6.96,18.5,,,,,,26,5,1,1,15.5,0
gauntlet/20261002-215801-scrim-arch_rush10s-crack777001/losses/ColtG5.Goob_final__QueenOfHearts__botB.bc24,ColtG5.Goob_final,0,A,Goob_final,1,2000,MORE_FLAG_CAPTURES,3500,3500,201,31,22,207,9,1,8,129,59,1,400,380,675,1104,36.5,9,6,3,0,20.1,35,0,1,0,0,1.34,0,3.93,13.6,35,0,,,,102,30,1,1,19.4,0
gauntlet/20261002-215801-scrim-arch_rush10s-crack777001/losses/ColtG5.Goob_final__QueenOfHearts__botB.bc24,ColtG5.Goob_final,1,B,arch_rush10s,0,2000,MORE_FLAG_CAPTURES,3500,3500,201,30,29,219,60,0,1,67,29,8,240,219,1104,675,41.8,60,1,0,59,28.0,40,3,6,0,0,1.90,1,11.03,28.6,54,0,2,0,0.000,103,38,1,,15.5,0
gauntlet/20261002-215801-scrim-arch_rush10s-crack777001/losses/ColtG5.Goob_final__Snake__botB.bc24,ColtG5.Goob_final,0,A,Goob_final,1,2000,MORE_FLAG_CAPTURES,13100,34600,203,10,23,229,13,2,11,190,86,3,591,551,689,1028,37.4,13,9,4,0,31.9,38,2,1,0,0,1.96,0,5.16,15.4,0,0,,,,159,31,0,0,18.9,0
gauntlet/20261002-215801-scrim-arch_rush10s-crack777001/losses/ColtG5.Goob_final__Snake__botB.bc24,ColtG5.Goob_final,1,B,arch_rush10s,0,2000,MORE_FLAG_CAPTURES,13100,25600,207,23,13,268,17,0,3,25,10,11,446,411,1028,689,41.6,17,1,2,14,26.0,45,4,9,0,0,1.73,2,3.48,31.2,110,0,2,2,1.000,147,32,1,,22.8,0
gauntlet/20261002-215801-scrim-arch_rush10s-crack777001/losses/ColtG5.Goob_final__SteamboatMickey__botB.bc24,ColtG5.Goob_final,0,A,Goob_final,1,716,CAPTURE,7300,18400,201,30,5,201,10,3,7,222,108,0,254,224,142,291,40.2,10,5,5,0,30.9,46,0,0,0,0,0.00,0,5.28,17.9,,,,,,59,11,1,1,16.2,0
gauntlet/20261002-215801-scrim-arch_rush10s-crack777001/losses/ColtG5.Goob_final__SteamboatMickey__botB.bc24,ColtG5.Goob_final,1,B,arch_rush10s,0,716,CAPTURE,7300,8200,201,19,21,201,0,0,0,0,0,7,158,132,291,142,45.3,0,0,0,0,,47,5,5,0,0,1.59,3,0.00,27.7,141,2,4,2,0.500,34,11,1,,15.5,0
gauntlet/20261002-215801-scrim-arch_rush10s-crack777001/losses/ColtG5.Goob_final__Soccer__botB.bc24,ColtG5.Goob_final,0,A,Goob_final,1,2000,MORE_FLAG_CAPTURES,3000,3200,202,32,23,248,7,1,6,60,26,0,397,369,730,1096,36.6,7,2,5,0,26.2,26,0,0,0,0,0.00,0,5.43,13.7,,,,,,56,4,0,0,19.0,0
gauntlet/20261002-215801-scrim-arch_rush10s-crack777001/losses/ColtG5.Goob_final__Soccer__botB.bc24,ColtG5.Goob_final,1,B,arch_rush10s,0,2000,MORE_FLAG_CAPTURES,3000,3000,205,0,4,305,0,0,0,0,0,6,263,191,1096,730,41.1,0,0,0,0,,34,5,2,0,0,1.85,1,0.00,29.9,35,1,1,1,1.000,52,17,0,,22.8,0
gauntlet/20261002-215801-scrim-arch_rush10s-crack777001/losses/ColtG5.Goob_final__Tunnels__botB.bc24,ColtG5.Goob_final,0,A,Goob_final,1,2000,MORE_FLAG_CAPTURES,2400,3900,204,7,0,206,12,1,11,118,52,2,237,215,408,634,42.2,12,6,6,0,13.5,36,1,1,0,1,3.23,0,4.46,15.5,0,0,,,,66,34,0,0,15.4,0
gauntlet/20261002-215801-scrim-arch_rush10s-crack777001/losses/ColtG5.Goob_final__Tunnels__botB.bc24,ColtG5.Goob_final,1,B,arch_rush10s,0,2000,MORE_FLAG_CAPTURES,2400,2700,296,0,2,328,5,0,2,13,3,11,217,180,634,408,45.0,5,1,1,3,14.5,33,6,6,0,0,3.31,1,6.00,51.3,23,0,1,1,1.000,31,1,1,,22.8,0
gauntlet/20261002-215801-scrim-arch_rush10s-crack777001/losses/ColtG5.Goob_final__TwistedTreeline__botA.bc24,ColtG5.Goob_final,1,A,arch_rush10s,0,2000,MORE_FLAG_CAPTURES,2400,2400,202,7,2,240,0,0,0,0,0,3,213,189,1111,510,43.8,0,0,0,0,,45,2,2,0,0,2.79,1,0.00,33.7,6,1,1,0,0.000,86,5,1,,22.8,0
gauntlet/20261002-215801-scrim-arch_rush10s-crack777001/losses/ColtG5.Goob_final__TwistedTreeline__botA.bc24,ColtG5.Goob_final,0,B,Goob_final,1,2000,MORE_FLAG_CAPTURES,2400,2400,202,37,18,221,4,1,3,48,21,0,279,246,510,1111,36.5,4,2,2,0,18.3,43,0,0,0,0,0.00,0,6.77,14.3,,,,,,68,2,0,0,20.8,0
gauntlet/20261002-215801-scrim-arch_rush10s-crack777001/replays/ColtG5.Goob_final__Asteroids__botA.bc24,ColtG5.Goob_final,1,A,arch_rush10s,1,2000,LEVEL_SUM,800,1500,210,6,7,241,0,0,0,0,0,14,217,198,891,550,43.3,0,0,0,0,,38,5,9,0,0,3.33,0,0.00,38.4,19,0,1,0,0.000,79,12,1,,22.8,0
gauntlet/20261002-215801-scrim-arch_rush10s-crack777001/replays/ColtG5.Goob_final__Asteroids__botA.bc24,ColtG5.Goob_final,0,B,Goob_final,0,2000,LEVEL_SUM,800,4600,211,39,13,245,14,0,14,84,35,0,296,275,550,891,39.1,14,9,5,0,32.2,39,0,0,0,0,0.00,0,5.30,13.2,,,,,,59,2,0,0,18.3,0
gauntlet/20261002-215801-scrim-arch_rush10s-crack777001/replays/ColtG5.Goob_final__Asteroids__botB.bc24,ColtG5.Goob_final,0,A,Goob_final,0,2000,LEVEL_SUM,800,4600,210,40,26,254,13,1,12,194,97,2,278,274,714,1230,35.0,13,8,5,0,27.6,40,0,3,0,0,0.91,1,3.11,14.0,42,1,1,0,0.000,212,147,0,0,18.6,0
gauntlet/20261002-215801-scrim-arch_rush10s-crack777001/replays/ColtG5.Goob_final__Asteroids__botB.bc24,ColtG5.Goob_final,1,B,arch_rush10s,1,2000,LEVEL_SUM,800,1500,210,1,6,428,32,1,2,68,55,12,296,275,1230,714,41.3,32,3,0,29,24.5,40,5,8,0,1,1.65,1,4.07,23.9,114,1,2,1,0.500,163,69,0,,22.8,0
gauntlet/20261002-215801-scrim-arch_rush10s-crack777001/replays/ColtG5.Goob_final__Capacitance__botA.bc24,ColtG5.Goob_final,1,A,arch_rush10s,1,2000,MORE_FLAG_CAPTURES,3600,4500,201,23,24,213,41,1,5,40,23,10,320,291,1430,536,43.5,41,5,1,35,12.2,46,5,5,1,0,2.64,0,8.45,38.5,49,0,2,0,0.000,118,20,1,,19.2,0
gauntlet/20261002-215801-scrim-arch_rush10s-crack777001/replays/ColtG5.Goob_final__Capacitance__botA.bc24,ColtG5.Goob_final,0,B,Goob_final,0,2000,MORE_FLAG_CAPTURES,3600,5500,201,26,9,205,10,0,10,112,46,5,262,256,536,1430,32.6,10,5,5,0,12.1,45,1,5,0,0,1.85,1,3.54,12.4,20,1,,,,191,189,1,1,18.3,0
gauntlet/20261002-215801-scrim-arch_rush10s-crack777001/replays/ColtG5.Goob_final__DefaultLarge__botA.bc24,ColtG5.Goob_final,1,A,arch_rush10s,1,2000,LEVEL_SUM,1800,2400,207,4,11,339,19,0,3,43,19,2,386,300,1217,671,41.8,19,2,1,16,39.3,43,0,2,1,0,3.75,0,9.02,21.7,0,0,,,,152,51,1,,18.9,0
gauntlet/20261002-215801-scrim-arch_rush10s-crack777001/replays/ColtG5.Goob_final__DefaultLarge__botA.bc24,ColtG5.Goob_final,0,B,Goob_final,0,2000,LEVEL_SUM,1800,6700,205,36,20,240,2,0,2,12,4,3,345,325,671,1217,35.2,2,2,0,0,47.0,45,1,2,0,0,2.21,0,2.75,13.8,13,0,,,,233,106,1,1,16.8,0
gauntlet/20261002-215801-scrim-arch_rush10s-crack777001/replays/ColtG5.Goob_final__BedWars__botA.bc24,ColtG5.Goob_final,1,A,arch_rush10s,1,2000,LEVEL_SUM,2400,2700,299,0,1,358,33,1,0,35,16,16,185,172,1179,445,44.6,33,1,0,32,,49,8,9,0,0,1.92,1,12.60,23.2,33,1,1,1,1.000,126,21,1,,15.4,0
gauntlet/20261002-215801-scrim-arch_rush10s-crack777001/replays/ColtG5.Goob_final__BedWars__botA.bc24,ColtG5.Goob_final,0,B,Goob_final,0,2000,LEVEL_SUM,2400,6700,208,10,14,264,17,1,16,79,33,0,123,114,445,1179,35.6,17,9,8,0,15.3,47,0,1,0,0,0.31,1,4.18,11.2,33,1,,,,200,126,1,1,20.0,0
gauntlet/20261002-215801-scrim-arch_rush10s-crack777001/replays/ColtG5.Goob_final__BedWars__botB.bc24,ColtG5.Goob_final,0,A,Goob_final,0,2000,LEVEL_SUM,2400,2800,208,6,11,270,8,1,7,43,19,3,137,123,507,1238,34.9,8,5,3,0,13.3,47,1,3,0,0,0.64,1,3.12,12.4,99,1,,,,234,157,1,1,15.8,0
gauntlet/20261002-215801-scrim-arch_rush10s-crack777001/replays/ColtG5.Goob_final__BedWars__botB.bc24,ColtG5.Goob_final,1,B,arch_rush10s,1,2000,LEVEL_SUM,2400,2800,233,2,6,316,105,1,3,129,62,7,212,198,1238,507,43.8,105,3,1,101,11.3,49,3,5,0,1,2.60,1,6.88,21.2,17,0,,,,163,74,1,,15.4,0
gauntlet/20261002-215801-scrim-arch_rush10s-crack777001/replays/ColtG5.Goob_final__Divergent__botA.bc24,ColtG5.Goob_final,1,A,arch_rush10s,1,2000,MORE_FLAG_CAPTURES,3700,3700,213,0,17,218,78,1,6,114,49,10,302,248,916,341,45.8,78,6,1,71,24.3,45,3,7,0,0,2.14,0,8.76,30.7,59,0,2,0,0.000,80,4,1,,15.3,0
gauntlet/20261002-215801-scrim-arch_rush10s-crack777001/replays/ColtG5.Goob_final__Divergent__botA.bc24,ColtG5.Goob_final,0,B,Goob_final,0,2000,MORE_FLAG_CAPTURES,3700,3700,202,15,1,223,10,0,10,111,49,6,249,235,341,916,38.8,10,7,3,0,23.7,40,1,6,0,0,1.29,1,3.09,10.2,61,1,,,,192,60,0,0,15.9,0
gauntlet/20261002-215801-scrim-arch_rush10s-crack777001/replays/ColtG5.Goob_final__DefaultSmall__botA.bc24,ColtG5.Goob_final,1,A,arch_rush10s,1,2000,LEVEL_SUM,4100,4100,201,8,8,238,0,0,0,0,0,5,280,249,1219,611,42.6,0,0,0,0,,47,1,4,0,0,3.36,0,0.00,36.6,12,0,,,,113,12,1,,15.4,0
gauntlet/20261002-215801-scrim-arch_rush10s-crack777001/replays/ColtG5.Goob_final__DefaultSmall__botA.bc24,ColtG5.Goob_final,0,B,Goob_final,0,2000,LEVEL_SUM,4100,4100,201,17,22,217,5,0,5,28,13,0,369,343,611,1219,35.1,5,4,1,0,19.4,44,0,0,1,0,0.00,0,2.00,14.4,,,,,,70,37,1,1,20.6,0
gauntlet/20261002-215801-scrim-arch_rush10s-crack777001/replays/ColtG5.Goob_final__Joker__botA.bc24,ColtG5.Goob_final,1,A,arch_rush10s,1,2000,LEVEL_SUM,14500,18500,205,22,19,224,9,1,1,13,9,5,410,381,1287,636,42.2,9,1,1,7,5.0,43,1,5,1,1,0.40,1,10.62,29.2,56,1,1,1,1.000,133,17,1,,15.4,0
gauntlet/20261002-215801-scrim-arch_rush10s-crack777001/replays/ColtG5.Goob_final__Joker__botA.bc24,ColtG5.Goob_final,0,B,Goob_final,0,2000,LEVEL_SUM,14500,22900,203,23,7,221,6,1,5,80,51,1,463,435,636,1287,34.3,6,5,1,0,30.0,39,1,1,0,1,2.46,1,2.69,16.2,3,1,,,,147,51,0,0,17.5,0
gauntlet/20261002-215801-scrim-arch_rush10s-crack777001/replays/ColtG5.Goob_final__Funnel__botA.bc24,ColtG5.Goob_final,1,A,arch_rush10s,1,2000,LEVEL_SUM,2200,4500,202,3,20,282,54,0,1,58,25,6,421,346,1173,542,43.4,54,1,0,53,26.0,33,2,4,0,0,8.62,0,10.43,22.9,0,0,,,,119,77,1,,19.0,0
gauntlet/20261002-215801-scrim-arch_rush10s-crack777001/replays/ColtG5.Goob_final__Funnel__botA.bc24,ColtG5.Goob_final,0,B,Goob_final,0,2000,LEVEL_SUM,2200,3400,201,30,23,224,6,0,6,21,6,1,309,290,542,1173,35.7,6,4,2,0,49.3,42,0,1,0,0,1.60,0,5.00,14.5,33,0,,,,242,56,1,1,17.8,0
gauntlet/20261002-215801-scrim-arch_rush10s-crack777001/replays/ColtG5.Goob_final__Starfish__botB.bc24,ColtG5.Goob_final,0,A,Goob_final,0,2000,MORE_FLAG_CAPTURES,4100,4100,201,8,12,201,15,0,15,25,6,2,169,166,607,1865,27.3,15,12,3,0,7.3,32,2,2,2,0,0.90,2,3.80,19.6,44,2,,,,195,293,0,0,17.2,0
gauntlet/20261002-215801-scrim-arch_rush10s-crack777001/replays/ColtG5.Goob_final__Starfish__botB.bc24,ColtG5.Goob_final,1,B,arch_rush10s,1,2000,MORE_FLAG_CAPTURES,4100,4200,201,20,13,201,66,2,2,82,44,15,478,431,1865,607,42.6,66,2,2,62,7.5,32,3,12,2,1,8.40,0,11.11,34.5,3,0,,,,79,12,1,,22.8,0
gauntlet/20261002-215801-scrim-arch_rush10s-crack777001/replays/ColtG5.Goob_final__SteamboatMickey__botA.bc24,ColtG5.Goob_final,1,A,arch_rush10s,1,2000,LEVEL_SUM,7300,7300,201,15,4,201,103,2,1,135,61,23,421,410,1063,653,42.0,103,2,1,100,26.0,44,12,14,0,0,1.78,2,10.85,22.6,153,1,4,2,0.500,216,76,1,,15.6,0
gauntlet/20261002-215801-scrim-arch_rush10s-crack777001/replays/ColtG5.Goob_final__SteamboatMickey__botA.bc24,ColtG5.Goob_final,0,B,Goob_final,0,2000,LEVEL_SUM,7300,19300,201,15,15,201,26,2,23,303,140,1,455,443,653,1063,37.1,26,14,12,0,33.6,47,1,2,5,0,0.51,2,4.42,10.9,108,2,,,,267,95,1,1,16.8,0
gauntlet/20261002-215801-scrim-arch_rush10s-crack777001/replays/ColtG5.Goob_final__Hurricane__botA.bc24,ColtG5.Goob_final,1,A,arch_rush10s,1,2000,LEVEL_SUM,4500,4500,201,16,27,217,55,0,7,283,128,23,258,165,449,174,47.9,55,6,1,48,16.1,45,10,13,0,0,2.21,0,2.41,49.5,54,0,1,0,0.000,100,0,1,,15.3,0
gauntlet/20261002-215801-scrim-arch_rush10s-crack777001/replays/ColtG5.Goob_final__Hurricane__botA.bc24,ColtG5.Goob_final,0,B,Goob_final,0,2000,LEVEL_SUM,4500,4500,201,25,20,206,23,0,23,149,59,7,171,134,174,449,44.5,23,13,10,0,20.5,44,1,6,0,0,0.60,0,2.47,9.2,216,0,1,0,0.000,162,47,1,1,15.0,0
