run,seq,teamA,teamB,map,winner,rounds,reason,seed
20260930-163425-scrim-g_iter0,1,us:g_iter0,AlexYu84.smartPlayer,DefaultLarge,A,875,The winning team captured all flags.,1011573676
20260930-163425-scrim-g_iter0,2,AlexYu84.smartPlayer,us:g_iter0,Intercontinental,B,682,The winning team captured all flags.,161596162
20260930-163425-scrim-g_iter0,3,us:g_iter0,ColtG5.Goob_final,Hockey,B,628,The winning team captured all flags.,39506236
20260930-163425-scrim-g_iter0,4,us:g_iter0,ColtG5.Goob_final,Puzzle,B,527,The winning team captured all flags.,913406175
20260930-163425-scrim-g_iter0,5,us:g_iter0,CyrilSharma.finalBot,Fusbol,B,2000,The winning team won on tiebreakers (cap,4226199
20260930-163425-scrim-g_iter0,6,us:g_iter0,CyrilSharma.finalBot,HeMustBeFreed,B,2000,The winning team won on tiebreakers (cap,995240374
20260930-163425-scrim-g_iter0,7,us:g_iter0,Gymhgy.v10official,OceanFloor,B,394,The winning team captured all flags.,759705872
20260930-163425-scrim-g_iter0,8,Gymhgy.v10official,us:g_iter0,QuestionableChess,A,443,The winning team captured all flags.,607448641
20260930-163425-scrim-g_iter0,9,H4ffliger.keyboardcrusader_v1,us:g_iter0,Funnel,B,1156,The winning team captured all flags.,773723724
20260930-163425-scrim-g_iter0,10,H4ffliger.keyboardcrusader_v1,us:g_iter0,MazeRunner,B,2000,The winning team won on tiebreakers (cap,680394283
20260930-163425-scrim-g_iter0,11,HugoIngelsson.Bot21,us:g_iter0,Capacitance,B,2000,The winning team won on tiebreakers (hig,90579712
20260930-163425-scrim-g_iter0,12,us:g_iter0,HugoIngelsson.Bot21,Digging,B,2000,The winning team won on tiebreakers (cap,1048284471
20260930-163425-scrim-g_iter0,13,IvanGeffner.kuma,us:g_iter0,DefaultSmall,A,1763,The winning team captured all flags.,853874245
20260930-163425-scrim-g_iter0,14,IvanGeffner.kuma,us:g_iter0,Skyline,A,410,The winning team captured all flags.,1021665501
20260930-163425-scrim-g_iter0,15,JeffLegendPower.v11,us:g_iter0,Battlefield,A,406,The winning team captured all flags.,36483003
20260930-163425-scrim-g_iter0,16,JeffLegendPower.v11,us:g_iter0,GravitationalWaves,B,2000,The winning team won on tiebreakers (hig,315585232
20260930-163425-scrim-g_iter0,17,us:g_iter0,Lithanium.AttackingBot,Ambush,A,2000,The winning team won on tiebreakers (hig,1016441904
20260930-163425-scrim-g_iter0,18,Lithanium.AttackingBot,us:g_iter0,Puzzle,B,2000,The winning team won on tiebreakers (mor,162525994
20260930-163425-scrim-g_iter0,19,Metta-AI.bc24scenario,us:g_iter0,Alligator,A,2000,The winning team won on tiebreakers (hig,725576963
20260930-163425-scrim-g_iter0,20,Metta-AI.bc24scenario,us:g_iter0,DefaultSmall,A,2000,The winning team won on tiebreakers (hig,816047485
20260930-163425-scrim-g_iter0,21,us:g_iter0,MiloAkerman.v1,Capacitance,B,635,The winning team captured all flags.,79757570
20260930-163425-scrim-g_iter0,22,us:g_iter0,MiloAkerman.v1,Soccer,A,850,The winning team captured all flags.,13849202
20260930-163425-scrim-g_iter0,23,NotLLeon.v3,us:g_iter0,Swoop,A,404,The winning team captured all flags.,1027591688
20260930-163425-scrim-g_iter0,24,us:g_iter0,NotLLeon.v3,Waterworld,B,474,The winning team captured all flags.,595148738
20260930-163425-scrim-g_iter0,25,us:g_iter0,PerishoJ.tx,Bunkers,B,2000,The winning team won on tiebreakers (mor,232344958
20260930-163425-scrim-g_iter0,26,us:g_iter0,PerishoJ.tx,Checkered,A,417,The winning team captured all flags.,140906654
20260930-163425-scrim-g_iter0,27,Peter-Fun.dinoboxer,us:g_iter0,BigDucksBigPond,B,1356,The winning team captured all flags.,525619270
20260930-163425-scrim-g_iter0,28,us:g_iter0,Peter-Fun.dinoboxer,DefaultHuge,A,1041,The winning team captured all flags.,96516660
20260930-163425-scrim-g_iter0,29,us:g_iter0,Rubrasum.version_3,EvilGrin,A,669,The winning team captured all flags.,1065299531
20260930-163425-scrim-g_iter0,30,us:g_iter0,Rubrasum.version_3,Gated,A,1028,The winning team captured all flags.,21013615
20260930-163425-scrim-g_iter0,31,us:g_iter0,RyanAspen.v22,Intercontinental,A,1455,The winning team captured all flags.,644821226
20260930-163425-scrim-g_iter0,32,us:g_iter0,RyanAspen.v22,Islands,A,1947,The winning team captured all flags.,522018345
20260930-163425-scrim-g_iter0,33,SampleProvider.TSPAARKSPRINT1,us:g_iter0,GravitationalWaves,A,2000,The winning team won on tiebreakers (mor,357771029
20260930-163425-scrim-g_iter0,34,SampleProvider.TSPAARKSPRINT1,us:g_iter0,YearOfTheDragon,A,1191,The winning team captured all flags.,916340302
20260930-163425-scrim-g_iter0,35,us:g_iter0,SriLakshmiPolavarapu.ducks,Ambush,A,311,The winning team captured all flags.,2641018
20260930-163425-scrim-g_iter0,36,SriLakshmiPolavarapu.ducks,us:g_iter0,BedWars,B,847,The winning team captured all flags.,457278636
20260930-163425-scrim-g_iter0,37,us:g_iter0,Strequals.duck0127v5,Divergent,B,598,The winning team captured all flags.,269790283
20260930-163425-scrim-g_iter0,38,us:g_iter0,Strequals.duck0127v5,Mountain,B,884,The winning team captured all flags.,414447067
20260930-163425-scrim-g_iter0,39,us:g_iter0,TylerJulian.v9,Battlecode24,A,1949,The winning team captured all flags.,763847327
20260930-163425-scrim-g_iter0,40,TylerJulian.v9,us:g_iter0,DefaultLarge,A,1522,The winning team captured all flags.,871690351
20260930-163425-scrim-g_iter0,41,VarunVejalla.alexander,us:g_iter0,HungerGames,B,1188,The winning team captured all flags.,530914847
20260930-163425-scrim-g_iter0,42,VarunVejalla.alexander,us:g_iter0,Whirlpool,B,2000,The winning team won on tiebreakers (cap,644944392
20260930-163425-scrim-g_iter0,43,abdullah8a0.crayBasic,us:g_iter0,Canals,B,1027,The winning team captured all flags.,426054311
20260930-163425-scrim-g_iter0,44,us:g_iter0,abdullah8a0.crayBasic,Duck,A,700,The winning team captured all flags.,313494092
20260930-163425-scrim-g_iter0,45,us:g_iter0,adamseth2.moveBot1,Asteroids,A,713,The winning team captured all flags.,726191671
20260930-163425-scrim-g_iter0,46,adamseth2.moveBot1,us:g_iter0,Diagonal,B,1971,The winning team captured all flags.,139305056
20260930-163425-scrim-g_iter0,47,aj-chau.cowards,us:g_iter0,Joker,B,1896,The winning team captured all flags.,834464825
20260930-163425-scrim-g_iter0,48,aj-chau.cowards,us:g_iter0,Rainbow,B,1932,The winning team captured all flags.,932424204
20260930-163425-scrim-g_iter0,49,andli28.v9_USQuals_angle,us:g_iter0,YearOfTheDragon,A,2000,The winning team won on tiebreakers (cap,247814733
20260930-163425-scrim-g_iter0,50,andli28.v9_USQuals_angle,us:g_iter0,Yinyang,A,527,The winning team captured all flags.,451598157
20260930-163425-scrim-g_iter0,52,andrearante12.turtle,us:g_iter0,Whirlpool,B,2000,The winning team won on tiebreakers (hig,479874744
20260930-163425-scrim-g_iter0,53,us:g_iter0,andrewgopher.player22,GaltonBoard,B,435,The winning team captured all flags.,199631852
20260930-163425-scrim-g_iter0,54,andrewgopher.player22,us:g_iter0,Tunnels,A,363,The winning team captured all flags.,233626014
20260930-163425-scrim-g_iter0,55,awu7.ExplosiveBot,us:g_iter0,DefaultSmall,A,560,The winning team captured all flags.,37937716
20260930-163425-scrim-g_iter0,56,awu7.ExplosiveBot,us:g_iter0,OceanFloor,A,687,The winning team captured all flags.,773156351
20260930-163425-scrim-g_iter0,57,cViper971.ourplayer,us:g_iter0,HungerGames,A,421,The winning team captured all flags.,906685342
20260930-163425-scrim-g_iter0,58,us:g_iter0,cViper971.ourplayer,Hurricane,A,2000,The winning team won on tiebreakers (cap,230436779
20260930-163425-scrim-g_iter0,59,chenyx512.flagbot_final,us:g_iter0,MazeRunner,A,1433,The winning team captured all flags.,340233572
20260930-163425-scrim-g_iter0,60,us:g_iter0,chenyx512.flagbot_final,OceanFloor,B,626,The winning team captured all flags.,506339206
20260930-163425-scrim-g_iter0,61,us:g_iter0,clbarrell.duck8,Occulus,B,819,The winning team captured all flags.,932227418
20260930-163425-scrim-g_iter0,62,us:g_iter0,clbarrell.duck8,StarryNight,B,521,The winning team captured all flags.,584597156
20260930-163425-scrim-g_iter0,63,dmtrung14.defaultplayer_intlqualifier,us:g_iter0,Alligator,A,403,The winning team captured all flags.,695130685
20260930-163425-scrim-g_iter0,64,dmtrung14.defaultplayer_intlqualifier,us:g_iter0,HungerGames,A,2000,The winning team won on tiebreakers (cap,518608861
20260930-163425-scrim-g_iter0,65,dylanconklin.Team3,us:g_iter0,Divergent,B,1810,The winning team captured all flags.,588444726
20260930-163425-scrim-g_iter0,66,dylanconklin.Team3,us:g_iter0,HeMustBeFreed,B,1277,The winning team captured all flags.,244905984
20260930-163425-scrim-g_iter0,67,dylanzemlin.dangerduck2,us:g_iter0,Rivers,B,954,The winning team captured all flags.,933425
20260930-163425-scrim-g_iter0,68,us:g_iter0,dylanzemlin.dangerduck2,Soccer,A,962,The winning team captured all flags.,597435027
20260930-163425-scrim-g_iter0,69,us:g_iter0,hsmalladi.finalbot,DefaultSmall,B,383,The winning team captured all flags.,855648501
20260930-163425-scrim-g_iter0,70,hsmalladi.finalbot,us:g_iter0,EvilGrin,A,417,The winning team captured all flags.,75455887
20260930-163425-scrim-g_iter0,71,itswin.MPAttack,us:g_iter0,Battlecode24,B,501,Other team has resigned. Congrats on sca,970129302
20260930-163425-scrim-g_iter0,72,itswin.MPAttack,us:g_iter0,WheresMyWater,B,501,Other team has resigned. Congrats on sca,90460477
20260930-163425-scrim-g_iter0,73,us:g_iter0,jmerle.camel_case_v21_final,DefaultHuge,B,383,The winning team captured all flags.,903663100
20260930-163425-scrim-g_iter0,74,jmerle.camel_case_v21_final,us:g_iter0,Rainbow,A,432,The winning team captured all flags.,572306730
20260930-163425-scrim-g_iter0,75,joelcrouch.ducks,us:g_iter0,Ambush,B,397,The winning team captured all flags.,440736562
20260930-163425-scrim-g_iter0,76,us:g_iter0,joelcrouch.ducks,QueenOfHearts,A,979,The winning team captured all flags.,796005765
20260930-163425-scrim-g_iter0,77,jonters.bling3,us:g_iter0,Occulus,A,473,The winning team captured all flags.,773089073
20260930-163425-scrim-g_iter0,78,us:g_iter0,jonters.bling3,OceanFloor,B,473,The winning team captured all flags.,99216922
20260930-163425-scrim-g_iter0,79,justinottesen.sprint1,us:g_iter0,English,B,862,The winning team captured all flags.,524060652
20260930-163425-scrim-g_iter0,80,us:g_iter0,justinottesen.sprint1,StarryNight,B,945,The winning team captured all flags.,669165491
20260930-163425-scrim-g_iter0,81,us:g_iter0,kyleezz.jeeryfix3,DefaultHuge,B,466,The winning team captured all flags.,813128830
20260930-163425-scrim-g_iter0,82,us:g_iter0,kyleezz.jeeryfix3,TreeSearch,B,409,The winning team captured all flags.,331198034
20260930-163425-scrim-g_iter0,83,lcforges.funkyguy3,us:g_iter0,Battlefield,B,691,The winning team captured all flags.,979885769
20260930-163425-scrim-g_iter0,84,us:g_iter0,lcforges.funkyguy3,Valentine,A,1045,The winning team captured all flags.,56765177
20260930-163425-scrim-g_iter0,85,lukerhoads.warrior_2nd_comp,us:g_iter0,Battlecode24,A,2000,The winning team won on tiebreakers (hig,90073276
20260930-163425-scrim-g_iter0,86,us:g_iter0,lukerhoads.warrior_2nd_comp,Snake,A,447,The winning team captured all flags.,312681994
20260930-163425-scrim-g_iter0,87,us:g_iter0,neilhuang007.baseline,Canals,A,905,The winning team captured all flags.,163183543
20260930-163425-scrim-g_iter0,88,us:g_iter0,neilhuang007.baseline,Hurricane,A,2000,The winning team won on tiebreakers (cap,115114595
20260930-163425-scrim-g_iter0,89,us:g_iter0,noahzemlin.honeyducklings,Divergent,A,2000,The winning team won on tiebreakers (cap,768316550
20260930-163425-scrim-g_iter0,90,noahzemlin.honeyducklings,us:g_iter0,Duck,B,1521,The winning team captured all flags.,602684091
20260930-163425-scrim-g_iter0,91,us:g_iter0,polyllc.polyv4,Checkered,B,427,The winning team captured all flags.,809378572
20260930-163425-scrim-g_iter0,92,polyllc.polyv4,us:g_iter0,Decision,B,2000,The winning team won on tiebreakers (hig,641950616
20260930-163425-scrim-g_iter0,93,qpwoeirut.tournament_sprint1,us:g_iter0,ORV,B,2000,The winning team won on tiebreakers (hig,789157219
20260930-163425-scrim-g_iter0,94,us:g_iter0,qpwoeirut.tournament_sprint1,Racetrack,A,2000,The winning team won on tiebreakers (hig,404543459
20260930-163425-scrim-g_iter0,95,us:g_iter0,quesswho.cretplayer2_3,TreeSearch,B,1296,The winning team captured all flags.,1045603232
20260930-163425-scrim-g_iter0,96,quesswho.cretplayer2_3,us:g_iter0,TwistedTreeline,A,1159,The winning team captured all flags.,36852601
20260930-163425-scrim-g_iter0,97,us:g_iter0,reeceyang.v5,BedWars,A,522,The winning team captured all flags.,422895347
20260930-163425-scrim-g_iter0,98,reeceyang.v5,us:g_iter0,Yinyang,B,1271,The winning team captured all flags.,610781453
20260930-163425-scrim-g_iter0,99,us:g_iter0,samithShetty.combustiblelemon,KingQuacksCastle,A,621,The winning team captured all flags.,956447015
20260930-163425-scrim-g_iter0,100,samithShetty.combustiblelemon,us:g_iter0,MIT,B,1193,The winning team captured all flags.,781409326
20260930-163425-scrim-g_iter0,101,sayam-goyal.SimpleBot,us:g_iter0,AceOfSpades,B,1001,Other team has resigned. Congrats on sca,1071418040
20260930-163425-scrim-g_iter0,102,us:g_iter0,sayam-goyal.SimpleBot,Starfish,A,1001,Other team has resigned. Congrats on sca,773670566
20260930-163425-scrim-g_iter0,103,us:g_iter0,sivakovivan.NewHide,Canals,B,2000,The winning team won on tiebreakers (hig,627800061
20260930-163425-scrim-g_iter0,104,us:g_iter0,sivakovivan.NewHide,Hurricane,B,2000,The winning team won on tiebreakers (hig,521012815
20260930-163425-scrim-g_iter0,105,tlevietpdx.Sprint2,us:g_iter0,FloodGates,B,2000,The winning team won on tiebreakers (hig,819476832
20260930-163425-scrim-g_iter0,106,tlevietpdx.Sprint2,us:g_iter0,Foxes,B,984,The winning team captured all flags.,391654413
20260930-163425-scrim-g_iter0,107,uravt.Version18Final,us:g_iter0,MIT,A,974,The winning team captured all flags.,1031239555
20260930-163425-scrim-g_iter0,108,uravt.Version18Final,us:g_iter0,MazeRunner,A,2000,The winning team won on tiebreakers (cap,149234412
20260930-163425-scrim-g_iter0,109,us:g_iter0,winkelmantanner.waffle,MazeRunner,B,552,The winning team captured all flags.,173414323
20260930-163425-scrim-g_iter0,110,winkelmantanner.waffle,us:g_iter0,ORV,A,376,The winning team captured all flags.,122419064
20260930-171612-scrim-g_iter1,1,AlexYu84.smartPlayer,us:g_iter1,Decision,B,595,The winning team captured all flags.,890201412
20260930-171612-scrim-g_iter1,2,AlexYu84.smartPlayer,us:g_iter1,YearOfTheDragon,B,799,The winning team captured all flags.,457501587
20260930-171612-scrim-g_iter1,3,us:g_iter1,ColtG5.Goob_final,BedWars,B,2000,The winning team won on tiebreakers (cap,552853774
20260930-171612-scrim-g_iter1,4,us:g_iter1,ColtG5.Goob_final,BigDucksBigPond,A,1872,The winning team captured all flags.,828847022
20260930-171612-scrim-g_iter1,5,CyrilSharma.finalBot,us:g_iter1,Alien,A,1284,The winning team captured all flags.,349792372
20260930-171612-scrim-g_iter1,6,us:g_iter1,CyrilSharma.finalBot,MIT,B,1390,The winning team captured all flags.,51150466
20260930-171612-scrim-g_iter1,7,Gymhgy.v10official,us:g_iter1,Alien,A,583,The winning team captured all flags.,509788759
20260930-171612-scrim-g_iter1,8,Gymhgy.v10official,us:g_iter1,Battlefield,B,2000,The winning team won on tiebreakers (hig,164210735
20260930-171612-scrim-g_iter1,9,H4ffliger.keyboardcrusader_v1,us:g_iter1,Bunkers,B,285,The winning team captured all flags.,362757826
20260930-171612-scrim-g_iter1,10,us:g_iter1,H4ffliger.keyboardcrusader_v1,Randy,A,535,The winning team captured all flags.,267409666
20260930-171612-scrim-g_iter1,11,HugoIngelsson.Bot21,us:g_iter1,Ambush,B,1784,The winning team captured all flags.,554387535
20260930-171612-scrim-g_iter1,12,us:g_iter1,HugoIngelsson.Bot21,HungerGames,A,432,The winning team captured all flags.,985978853
20260930-171612-scrim-g_iter1,13,IvanGeffner.kuma,us:g_iter1,Gauntlet,A,1113,The winning team captured all flags.,462866758
20260930-171612-scrim-g_iter1,14,us:g_iter1,IvanGeffner.kuma,Yinyang,B,854,The winning team captured all flags.,172898355
20260930-171612-scrim-g_iter1,15,us:g_iter1,JeffLegendPower.v11,Backslash,A,1020,The winning team captured all flags.,991111554
20260930-171612-scrim-g_iter1,16,us:g_iter1,JeffLegendPower.v11,ORV,A,2000,The winning team won on tiebreakers (cap,584445607
20260930-171612-scrim-g_iter1,17,Lithanium.AttackingBot,us:g_iter1,BedWars,B,1403,The winning team captured all flags.,495056870
20260930-171612-scrim-g_iter1,18,us:g_iter1,Lithanium.AttackingBot,Swoop,A,326,The winning team captured all flags.,1064172249
20260930-171612-scrim-g_iter1,19,Metta-AI.bc24scenario,us:g_iter1,Capacitance,B,457,The winning team captured all flags.,301849702
20260930-171612-scrim-g_iter1,20,us:g_iter1,Metta-AI.bc24scenario,Digging,A,464,The winning team captured all flags.,333430480
20260930-171612-scrim-g_iter1,21,MiloAkerman.v1,us:g_iter1,BedWars,B,2000,The winning team won on tiebreakers (cap,553292942
20260930-171612-scrim-g_iter1,22,us:g_iter1,MiloAkerman.v1,Racetrack,A,998,The winning team captured all flags.,507096715
20260930-171612-scrim-g_iter1,23,NotLLeon.v3,us:g_iter1,DefaultSmall,A,1717,The winning team captured all flags.,1072820049
20260930-171612-scrim-g_iter1,24,NotLLeon.v3,us:g_iter1,MIT,A,1550,The winning team captured all flags.,743878513
20260930-171612-scrim-g_iter1,25,us:g_iter1,PerishoJ.tx,DefaultLarge,A,659,The winning team captured all flags.,714254209
20260930-171612-scrim-g_iter1,26,PerishoJ.tx,us:g_iter1,Diagonal,B,794,The winning team captured all flags.,599167747
20260930-171612-scrim-g_iter1,27,Peter-Fun.dinoboxer,us:g_iter1,Capacitance,B,751,The winning team captured all flags.,974425709
20260930-171612-scrim-g_iter1,28,us:g_iter1,Peter-Fun.dinoboxer,WheresMyWater,A,435,The winning team captured all flags.,416173328
20260930-171612-scrim-g_iter1,29,us:g_iter1,Rubrasum.version_3,HeMustBeFreed,A,2000,The winning team won on tiebreakers (cap,2834265
20260930-171612-scrim-g_iter1,30,Rubrasum.version_3,us:g_iter1,Starfish,B,2000,The winning team won on tiebreakers (cap,985002222
20260930-171612-scrim-g_iter1,31,us:g_iter1,RyanAspen.v22,Asteroids,A,2000,The winning team won on tiebreakers (hig,835756276
20260930-171612-scrim-g_iter1,32,us:g_iter1,RyanAspen.v22,Gauntlet,A,909,The winning team captured all flags.,919318517
20260930-171612-scrim-g_iter1,33,SampleProvider.TSPAARKSPRINT1,us:g_iter1,DefaultLarge,A,1204,The winning team captured all flags.,581195800
20260930-171612-scrim-g_iter1,34,us:g_iter1,SampleProvider.TSPAARKSPRINT1,QueenOfHearts,B,1278,The winning team captured all flags.,497656518
20260930-171612-scrim-g_iter1,35,SriLakshmiPolavarapu.ducks,us:g_iter1,Bunkers,B,382,The winning team captured all flags.,39394418
20260930-171612-scrim-g_iter1,36,us:g_iter1,SriLakshmiPolavarapu.ducks,Klein,A,607,The winning team captured all flags.,228916799
20260930-171612-scrim-g_iter1,37,Strequals.duck0127v5,us:g_iter1,DefaultHuge,A,1022,The winning team captured all flags.,690361525
20260930-171612-scrim-g_iter1,38,us:g_iter1,Strequals.duck0127v5,Soccer,B,1126,The winning team captured all flags.,264953961
20260930-171612-scrim-g_iter1,39,us:g_iter1,TylerJulian.v9,Canals,A,416,The winning team captured all flags.,863158796
20260930-171612-scrim-g_iter1,40,us:g_iter1,TylerJulian.v9,HeMustBeFreed,A,553,The winning team captured all flags.,306094084
20260930-171612-scrim-g_iter1,41,us:g_iter1,VarunVejalla.alexander,MazeRunner,A,2000,The winning team won on tiebreakers (cap,292755616
20260930-171612-scrim-g_iter1,42,us:g_iter1,VarunVejalla.alexander,Skyline,A,609,The winning team captured all flags.,860773947
20260930-171612-scrim-g_iter1,43,abdullah8a0.crayBasic,us:g_iter1,DefaultLarge,B,627,The winning team captured all flags.,202517796
20260930-171612-scrim-g_iter1,44,us:g_iter1,abdullah8a0.crayBasic,Foxes,A,520,The winning team captured all flags.,599953677
20260930-171612-scrim-g_iter1,45,adamseth2.moveBot1,us:g_iter1,Tunnels,B,781,The winning team captured all flags.,931296692
20260930-171612-scrim-g_iter1,46,us:g_iter1,adamseth2.moveBot1,WheresMyWater,A,470,The winning team captured all flags.,565129275
20260930-171612-scrim-g_iter1,47,aj-chau.cowards,us:g_iter1,BreadPudding,B,832,The winning team captured all flags.,704650509
20260930-171612-scrim-g_iter1,48,aj-chau.cowards,us:g_iter1,Pancakes,B,400,The winning team captured all flags.,499628082
20260930-171612-scrim-g_iter1,49,us:g_iter1,andli28.v9_USQuals_angle,Battlefield,B,297,The winning team captured all flags.,782460397
20260930-171612-scrim-g_iter1,50,us:g_iter1,andli28.v9_USQuals_angle,Whirlpool,B,816,The winning team captured all flags.,714306441
20260930-171612-scrim-g_iter1,51,us:g_iter1,andrearante12.turtle,Mountain,A,2000,The winning team won on tiebreakers (cap,207174696
20260930-171612-scrim-g_iter1,52,us:g_iter1,andrearante12.turtle,Randy,A,2000,The winning team won on tiebreakers (cap,301875843
20260930-171612-scrim-g_iter1,53,us:g_iter1,andrewgopher.player22,HungerGames,B,329,The winning team captured all flags.,344136027
20260930-171612-scrim-g_iter1,54,us:g_iter1,andrewgopher.player22,WheresMyWater,B,2000,The winning team won on tiebreakers (cap,154690864
20260930-171612-scrim-g_iter1,55,us:g_iter1,awu7.ExplosiveBot,Battlefield,A,896,The winning team captured all flags.,467433639
20260930-171612-scrim-g_iter1,56,awu7.ExplosiveBot,us:g_iter1,TreeSearch,B,698,The winning team captured all flags.,277372395
20260930-171612-scrim-g_iter1,57,cViper971.ourplayer,us:g_iter1,Divergent,B,919,The winning team captured all flags.,272054879
20260930-171612-scrim-g_iter1,58,cViper971.ourplayer,us:g_iter1,Soccer,B,496,The winning team captured all flags.,136137683
20260930-171612-scrim-g_iter1,59,us:g_iter1,chenyx512.flagbot_final,Waterworld,B,1027,The winning team captured all flags.,693133470
20260930-171612-scrim-g_iter1,60,us:g_iter1,chenyx512.flagbot_final,YearOfTheDragon,B,990,The winning team captured all flags.,984702196
20260930-171612-scrim-g_iter1,61,us:g_iter1,clbarrell.duck8,Divergent,A,2000,The winning team won on tiebreakers (hig,405541022
20260930-171612-scrim-g_iter1,62,clbarrell.duck8,us:g_iter1,QueenOfHearts,B,1598,The winning team captured all flags.,80238476
20260930-171612-scrim-g_iter1,63,dmtrung14.defaultplayer_intlqualifier,us:g_iter1,Alligator,B,2000,The winning team won on tiebreakers (hig,886190640
20260930-171612-scrim-g_iter1,64,dmtrung14.defaultplayer_intlqualifier,us:g_iter1,GravitationalWaves,B,2000,The winning team won on tiebreakers (cap,681466693
20260930-171612-scrim-g_iter1,65,dylanconklin.Team3,us:g_iter1,DefaultMedium,B,718,The winning team captured all flags.,588172137
20260930-171612-scrim-g_iter1,66,dylanconklin.Team3,us:g_iter1,HungerGames,B,361,The winning team captured all flags.,321172767
20260930-171612-scrim-g_iter1,67,dylanzemlin.dangerduck2,us:g_iter1,Funnel,B,713,The winning team captured all flags.,803936632
20260930-171612-scrim-g_iter1,68,dylanzemlin.dangerduck2,us:g_iter1,StarryNight,B,530,The winning team captured all flags.,392831122
20260930-171612-scrim-g_iter1,69,hsmalladi.finalbot,us:g_iter1,Asteroids,A,363,The winning team captured all flags.,847798471
20260930-171612-scrim-g_iter1,70,hsmalladi.finalbot,us:g_iter1,Rivers,A,880,The winning team captured all flags.,764999057
20260930-171612-scrim-g_iter1,71,us:g_iter1,itswin.MPAttack,MIT,A,1,Other team has resigned. Congrats on sca,534971323
20260930-171612-scrim-g_iter1,72,itswin.MPAttack,us:g_iter1,StackGame,B,501,Other team has resigned. Congrats on sca,357037986
20260930-171612-scrim-g_iter1,73,jmerle.camel_case_v21_final,us:g_iter1,Pancakes,A,374,The winning team captured all flags.,1014345205
20260930-171612-scrim-g_iter1,74,us:g_iter1,jmerle.camel_case_v21_final,Tunnels,B,446,The winning team captured all flags.,1007021526
20260930-171612-scrim-g_iter1,75,joelcrouch.ducks,us:g_iter1,Divergent,B,730,The winning team captured all flags.,585844891
20260930-171612-scrim-g_iter1,76,joelcrouch.ducks,us:g_iter1,Fusbol,B,2000,The winning team won on tiebreakers (hig,297261446
20260930-171612-scrim-g_iter1,77,jonters.bling3,us:g_iter1,Alligator,B,1792,The winning team captured all flags.,267652916
20260930-171612-scrim-g_iter1,78,jonters.bling3,us:g_iter1,DefaultMedium,B,1909,The winning team captured all flags.,287567559
20260930-171612-scrim-g_iter1,79,us:g_iter1,justinottesen.sprint1,Asteroids,A,673,The winning team captured all flags.,857034950
20260930-171612-scrim-g_iter1,80,justinottesen.sprint1,us:g_iter1,Asteroids,B,1436,The winning team captured all flags.,688657147
20260930-171612-scrim-g_iter1,81,us:g_iter1,kyleezz.jeeryfix3,BreadPudding,B,2000,The winning team won on tiebreakers (cap,514753229
20260930-171612-scrim-g_iter1,82,kyleezz.jeeryfix3,us:g_iter1,Mountain,A,2000,The winning team won on tiebreakers (cap,918289871
20260930-171612-scrim-g_iter1,83,lcforges.funkyguy3,us:g_iter1,DefaultSmall,B,610,The winning team captured all flags.,799945714
20260930-171612-scrim-g_iter1,84,us:g_iter1,lcforges.funkyguy3,MazeRunner,A,611,The winning team captured all flags.,864815650
20260930-171612-scrim-g_iter1,85,lukerhoads.warrior_2nd_comp,us:g_iter1,Canals,B,776,The winning team captured all flags.,2516141
20260930-171612-scrim-g_iter1,86,us:g_iter1,lukerhoads.warrior_2nd_comp,Decision,A,2000,The winning team won on tiebreakers (cap,796872488
20260930-171612-scrim-g_iter1,87,us:g_iter1,neilhuang007.baseline,HeMustBeFreed,A,1169,The winning team captured all flags.,834951485
20260930-171612-scrim-g_iter1,88,neilhuang007.baseline,us:g_iter1,TwistedTreeline,B,912,The winning team captured all flags.,548198435
20260930-171612-scrim-g_iter1,89,us:g_iter1,noahzemlin.honeyducklings,Snake,A,1453,The winning team captured all flags.,715281705
20260930-171612-scrim-g_iter1,90,noahzemlin.honeyducklings,us:g_iter1,StackGame,B,1523,The winning team captured all flags.,562943555
20260930-171612-scrim-g_iter1,91,polyllc.polyv4,us:g_iter1,Battlecode24,B,662,The winning team captured all flags.,637956997
20260930-171612-scrim-g_iter1,92,polyllc.polyv4,us:g_iter1,DefaultMedium,B,957,The winning team captured all flags.,1025132582
20260930-171612-scrim-g_iter1,93,us:g_iter1,qpwoeirut.tournament_sprint1,DefaultLarge,A,966,The winning team captured all flags.,1057056010
20260930-171612-scrim-g_iter1,94,qpwoeirut.tournament_sprint1,us:g_iter1,GravitationalWaves,B,2000,The winning team won on tiebreakers (cap,556901349
20260930-171612-scrim-g_iter1,95,quesswho.cretplayer2_3,us:g_iter1,DefaultMedium,A,2000,The winning team won on tiebreakers (cap,840505587
20260930-171612-scrim-g_iter1,96,quesswho.cretplayer2_3,us:g_iter1,English,A,2000,The winning team won on tiebreakers (cap,29900634
20260930-171612-scrim-g_iter1,97,us:g_iter1,reeceyang.v5,Alien,A,897,The winning team captured all flags.,414339931
20260930-171612-scrim-g_iter1,98,us:g_iter1,reeceyang.v5,Waterworld,A,977,The winning team captured all flags.,888382081
20260930-171612-scrim-g_iter1,99,us:g_iter1,samithShetty.combustiblelemon,MIT,A,625,The winning team captured all flags.,868712400
20260930-171612-scrim-g_iter1,100,us:g_iter1,samithShetty.combustiblelemon,Valentine,A,773,The winning team captured all flags.,45167456
20260930-171612-scrim-g_iter1,101,sayam-goyal.SimpleBot,us:g_iter1,ORV,B,353,The winning team captured all flags.,494612650
20260930-171612-scrim-g_iter1,102,us:g_iter1,sayam-goyal.SimpleBot,StackGame,A,516,The winning team captured all flags.,562583839
20260930-171612-scrim-g_iter1,103,us:g_iter1,sivakovivan.NewHide,Randy,A,621,The winning team captured all flags.,381748312
20260930-171612-scrim-g_iter1,104,us:g_iter1,sivakovivan.NewHide,Swoop,A,509,The winning team captured all flags.,735789992
20260930-171612-scrim-g_iter1,105,tlevietpdx.Sprint2,us:g_iter1,Occulus,B,593,The winning team captured all flags.,116822133
20260930-171612-scrim-g_iter1,106,tlevietpdx.Sprint2,us:g_iter1,StackGame,B,566,The winning team captured all flags.,246961972
20260930-171612-scrim-g_iter1,107,us:g_iter1,uravt.Version18Final,HungerGames,B,353,The winning team captured all flags.,1070556966
20260930-171612-scrim-g_iter1,108,uravt.Version18Final,us:g_iter1,Mountain,A,1984,The winning team captured all flags.,254801881
20260930-171612-scrim-g_iter1,109,us:g_iter1,winkelmantanner.waffle,CH3353C4K3F4CT0RY,A,788,The winning team captured all flags.,871405643
20260930-171612-scrim-g_iter1,110,winkelmantanner.waffle,us:g_iter1,GaltonBoard,A,2000,The winning team won on tiebreakers (cap,95063945
