file,opp,us,team,name,won,rounds,wintype,gathered200,gathered400,firstEnemySide,inEnemy250,inEnemy300,firstFlagSight,pickups,captured,carrierDeaths,carrierRounds,carrierMoves,enemyCarrierKills,trapsBuilt,trapsHit,kills,deaths,meanAlive,postPickups,firstGrabs,regrabs,relayPickups,carrierDeathDist,damStage199,enemyRegrabs,enemyFirstGrabs,regrabsLate,capturedLate,chasers20,enemyCaptured,escorts20,stillPost,enemyUnseenRounds,unopposedCaps,longTrips25,longCaps25,longCapRate,loneDeaths,trickleDeaths,symOk,psymOk,maxBcK,overruns,exceptions,symDecidedRound,symWrong,alertWrites,alertNoThreat,maxParkOnHome,efStaleCarry,efStaleLoc,flagDistMin,flagDistMean,carrierStunBuilds,carrierStunned,captured600,enemyCaptured600,defNearAtGrab20,capturedHomeRounds,stunTrig,stunVictims,enemyStunTrig,enemyStunVictims,stunVictimsEsc,enemyStunVictimsEsc,stunVictimsFast,enemyStunVictimsFast,deathsHome,enemyDeathsHome,gatheredAll,dropGuard,digsLate,levelGain1500,gathered201to400,stunTrig250,kills250,deaths250,levelGain1200,levelGapEnd,noContact10u12,contact20u12,screened20u12,chainsU12,chains12p,capRateU12,capRate12p,diveTurns,diveLeak12,diveNoChain,flagSpreadMin,flagSpreadMax,carrierDeathsSpawn,paidKillShare,homeDeathShare,healThreat10,readyHeld20,spawnNear20,spawnDeath10,bank1900
gauntlet/20261006-215135-scrim-g_iter7-fill1791323487/losses/andli28.v9_USQuals_angle__Ambush__s309850061__botA.bc24,andli28.v9_USQuals_angle,1,A,g_iter7,0,1274,CAPTURE,2300,7500,201,13,5,201,20,2,15,243,112,18,231,220,378,462,41.2,17,9,8,0,9.0,49,10,11,0,0,3.45,3,5.25,20.3,88,1,3,2,0.667,64,16,1,,19.2,0,0,1,0,390,4,10,17,0,12.6,16.2,26,8,2,2,5.00,1014,207,955,279,1077,50,79,517,528,142,158,7500,302,0,,5200,48,30,10,10,-19,0.200,0.572,0.179,10,1,0.200,1.000,0,,,20.2,38.9,2,0.418,0.307,0.120,0.292,0.308,0.043,
gauntlet/20261006-215135-scrim-g_iter7-fill1791323487/losses/andli28.v9_USQuals_angle__Ambush__s309850061__botA.bc24,andli28.v9_USQuals_angle,0,B,v9_USQuals_angle,1,1274,CAPTURE,1900,1900,201,4,14,201,21,3,18,209,82,15,302,283,462,378,42.8,21,11,10,0,9.9,49,8,9,0,1,4.20,2,5.62,10.5,3,0,1,0,0.000,54,9,1,0,25.0,2,0,,1,0,0,101,0,0,12.0,12.0,1,5,2,2,8.22,782,279,1077,207,955,79,50,528,517,158,142,1900,245,0,,0,26,10,30,6,19,0.000,1.000,0.000,8,1,0.125,1.000,0,,,13.9,24.7,0,0.307,0.418,0.084,0.370,0.527,0.029,
gauntlet/20261006-215135-scrim-g_iter7-fill1791323487/losses/andli28.v9_USQuals_angle__DefaultHuge__s543790469__botB.bc24,andli28.v9_USQuals_angle,0,A,v9_USQuals_angle,1,1224,CAPTURE,3700,3700,201,19,12,211,49,3,46,898,387,30,439,419,509,310,43.9,49,21,28,0,23.6,45,12,21,0,1,1.84,2,2.63,8.9,162,2,4,2,0.500,124,52,1,0,25.0,4,0,,0,0,0,363,0,0,22.4,22.7,3,9,0,0,4.45,432,409,1630,174,630,60,7,743,273,126,304,3700,380,0,,0,11,16,5,-2,51,0.000,0.608,0.282,19,2,0.056,0.500,0,,,27.7,50.0,10,0.597,0.406,0.056,0.426,0.577,0.171,
gauntlet/20261006-215135-scrim-g_iter7-fill1791323487/losses/andli28.v9_USQuals_angle__DefaultHuge__s543790469__botB.bc24,andli28.v9_USQuals_angle,1,B,g_iter7,0,1224,CAPTURE,3700,3700,201,24,19,223,36,2,30,471,220,46,202,193,310,509,39.9,33,21,12,0,20.3,47,28,21,0,0,0.83,3,5.06,18.1,608,2,12,2,0.167,185,93,1,,17.4,0,0,1,0,667,11,12,32,0,21.2,30.6,52,36,0,0,1.48,343,174,630,409,1630,7,60,273,743,304,126,3700,478,0,,0,12,5,16,8,-51,0.278,0.449,0.260,18,3,0.111,0.333,0,,,22.6,50.0,0,0.406,0.597,0.117,0.275,0.523,0.210,
gauntlet/20261006-215135-scrim-g_iter7-fill1791323487/losses/andli28.v9_USQuals_angle__Checkered__s1599400260__botB.bc24,andli28.v9_USQuals_angle,0,A,v9_USQuals_angle,1,1463,CAPTURE,4800,4800,201,12,22,209,46,3,43,449,184,48,530,513,741,428,42.9,46,27,19,0,22.7,47,24,26,1,2,2.49,1,2.91,9.8,62,1,2,1,0.500,149,19,1,1,25.0,1,0,,1,0,0,255,0,0,17.0,17.7,7,21,0,0,3.68,149,493,1786,213,678,79,11,936,252,111,437,4800,568,0,,0,21,10,17,15,62,0.042,0.826,0.127,24,2,0.042,0.000,0,,,29.4,36.0,6,0.590,0.259,0.077,0.418,0.446,0.028,
gauntlet/20261006-215135-scrim-g_iter7-fill1791323487/losses/andli28.v9_USQuals_angle__Checkered__s1599400260__botB.bc24,andli28.v9_USQuals_angle,1,B,g_iter7,0,1463,CAPTURE,4800,4800,201,12,9,206,53,1,48,330,121,43,232,232,428,741,37.7,50,26,24,0,15.6,48,19,27,7,0,1.81,3,3.39,21.7,230,2,7,3,0.429,242,119,1,,24.6,0,0,10,0,639,11,26,47,5,18.7,24.4,56,23,0,0,2.48,181,213,678,493,1786,11,79,252,936,437,111,4800,517,0,,0,29,17,10,3,-62,0.111,0.588,0.246,27,0,0.111,,0,,,37.5,52.0,0,0.259,0.590,0.118,0.282,0.486,0.161,
gauntlet/20261006-215135-scrim-g_iter7-fill1791323487/losses/andli28.v9_USQuals_angle__Backslash__s1870961507__botB.bc24,andli28.v9_USQuals_angle,0,A,v9_USQuals_angle,1,2000,MORE_FLAG_CAPTURES,400,16500,201,14,4,234,20,2,18,148,59,4,808,768,1139,673,41.8,20,9,11,0,27.6,33,2,3,7,1,1.05,1,4.00,9.0,52,1,1,1,1.000,141,9,1,1,25.0,1,0,,1,0,0,483,0,0,21.4,29.0,0,0,0,1,7.00,35,735,3254,317,995,143,2,1803,233,31,542,16600,102,105,27,16100,13,5,23,32,38,0.333,0.261,0.493,3,0,0.333,,0,,,14.1,22.0,0,0.476,0.046,0.086,0.371,0.099,0.006,169
gauntlet/20261006-215135-scrim-g_iter7-fill1791323487/losses/andli28.v9_USQuals_angle__Backslash__s1870961507__botB.bc24,andli28.v9_USQuals_angle,1,B,g_iter7,0,2000,MORE_FLAG_CAPTURES,4600,14600,201,34,34,213,8,1,4,152,73,18,373,342,673,1139,36.2,5,3,2,0,20.3,47,11,9,0,0,2.33,2,3.67,25.1,79,1,3,2,0.667,141,63,1,,19.1,0,0,1,0,654,8,14,5,0,21.6,30.4,11,4,1,0,7.44,3355,317,995,735,3254,2,143,233,1803,542,31,14600,234,0,19,10000,30,23,5,23,-38,0.125,0.547,0.182,8,1,0.250,0.000,0,,,15.3,21.9,0,0.046,0.476,0.134,0.237,0.538,0.101,220
gauntlet/20261006-215135-scrim-g_iter7-fill1791323487/losses/andli28.v9_USQuals_angle__Fountain__s2107304994__botB.bc24,andli28.v9_USQuals_angle,0,A,v9_USQuals_angle,1,2000,MORE_FLAG_CAPTURES,1700,2500,216,10,16,290,66,2,64,362,137,10,445,436,1004,649,42.1,66,24,42,0,17.6,42,5,6,16,2,2.29,1,5.32,12.4,19,0,1,1,1.000,153,17,0,0,25.0,1,0,1,1,0,0,301,0,0,17.0,20.8,0,5,0,0,3.67,283,431,1769,172,651,146,0,729,187,29,215,2500,333,65,35,800,3,5,2,50,44,0.000,0.806,0.184,6,0,0.167,,0,,,13.6,28.0,15,0.214,0.045,0.094,0.414,0.179,0.015,244
gauntlet/20261006-215135-scrim-g_iter7-fill1791323487/losses/andli28.v9_USQuals_angle__Fountain__s2107304994__botB.bc24,andli28.v9_USQuals_angle,1,B,g_iter7,0,2000,MORE_FLAG_CAPTURES,1700,2900,209,9,2,550,14,1,10,240,111,64,207,183,649,1004,37.9,11,6,5,0,19.5,45,42,24,2,0,3.28,2,5.49,22.7,84,0,2,1,0.500,166,89,1,,18.4,0,0,1,0,711,6,12,9,0,19.6,22.0,30,20,0,0,3.67,779,172,651,431,1769,0,146,187,729,215,29,2900,757,0,26,1200,2,2,5,32,-44,0.000,0.865,0.099,23,1,0.043,1.000,0,,,6.1,34.7,0,0.045,0.214,0.120,0.298,0.394,0.134,285
gauntlet/20261006-215135-scrim-g_iter7-fill1791323487/losses/andli28.v9_USQuals_angle__Alligator__s2137194802__botA.bc24,andli28.v9_USQuals_angle,1,A,g_iter7,0,2000,MORE_FLAG_CAPTURES,3300,4500,201,14,5,378,8,0,5,135,48,40,264,241,577,1269,34.6,5,3,2,0,16.2,34,33,9,0,0,4.44,2,3.88,30.9,120,1,1,1,1.000,92,75,1,,23.0,0,0,4,0,461,2,14,5,0,24.5,26.5,19,11,0,0,2.78,96,224,883,747,3512,0,292,371,2035,1173,23,4500,613,0,13,1200,15,9,10,39,-53,0.000,0.658,0.250,8,1,0.250,0.000,0,,,7.0,39.0,0,0.040,0.924,0.123,0.239,0.711,0.223,258
gauntlet/20261006-215135-scrim-g_iter7-fill1791323487/losses/andli28.v9_USQuals_angle__Alligator__s2137194802__botA.bc24,andli28.v9_USQuals_angle,0,B,v9_USQuals_angle,1,2000,MORE_FLAG_CAPTURES,3300,8100,201,0,26,350,42,2,40,283,136,5,863,803,1269,577,43.0,42,9,33,0,19.3,38,2,3,23,1,6.82,0,5.58,13.2,0,0,,,,80,6,1,0,25.0,8,0,,1,0,0,496,0,0,16.6,18.7,0,2,0,0,6.67,0,747,3512,224,883,292,0,2035,371,23,1173,8100,79,112,14,4800,22,10,9,26,53,0.000,1.000,0.000,3,0,0.000,,0,,,10.2,22.1,11,0.924,0.040,0.096,0.369,0.039,0.002,10335
gauntlet/20261006-215135-scrim-g_iter7-fill1791323487/losses/andli28.v9_USQuals_angle__Asteroids__s765209161__botA.bc24,andli28.v9_USQuals_angle,1,A,g_iter7,0,2000,MORE_FLAG_CAPTURES,800,3100,210,12,18,242,6,0,3,164,21,49,256,230,656,951,38.5,3,2,1,0,28.3,35,32,18,0,0,3.23,1,4.41,19.6,132,1,3,1,0.333,123,24,1,,23.0,0,0,209,0,595,4,18,3,0,39.1,40.2,27,7,0,0,2.72,27,208,618,502,2278,0,158,180,1220,341,8,3100,733,0,14,2300,7,3,11,36,-26,0.059,0.692,0.108,17,1,0.059,0.000,0,,,10.0,31.0,0,0.012,0.359,0.133,0.276,0.293,0.033,309
gauntlet/20261006-215135-scrim-g_iter7-fill1791323487/losses/andli28.v9_USQuals_angle__Asteroids__s765209161__botA.bc24,andli28.v9_USQuals_angle,0,B,v9_USQuals_angle,1,2000,MORE_FLAG_CAPTURES,800,3200,211,20,36,298,50,1,49,281,111,3,541,504,951,656,42.0,50,18,32,0,35.3,40,1,2,21,1,3.41,0,3.88,10.7,0,0,,,,170,10,0,0,24.9,0,0,,0,0,0,489,0,0,32.0,35.7,2,1,0,0,2.50,0,502,2278,208,618,158,0,1220,180,8,341,3200,39,125,28,2400,10,11,3,38,26,0.000,1.000,0.000,2,0,0.000,,0,,,18.4,36.0,2,0.359,0.012,0.081,0.391,0.025,0.002,1070
gauntlet/20261006-215135-scrim-g_iter7-fill1791323487/losses/andli28.v9_USQuals_angle__English__s1287276311__botA.bc24,andli28.v9_USQuals_angle,1,A,g_iter7,0,2000,MORE_FLAG_CAPTURES,10900,10900,201,6,9,212,31,0,27,386,180,37,292,259,583,968,38.2,28,16,12,0,26.5,47,25,14,9,0,1.00,2,3.79,23.4,405,2,5,2,0.400,201,44,1,,18.4,0,0,1,0,479,9,13,28,6,44.6,46.5,25,13,0,0,3.21,50,234,753,688,2726,0,81,271,1473,679,107,10900,354,0,29,0,10,7,20,54,-38,0.143,0.361,0.242,14,0,0.143,,0,,,11.7,55.1,0,0.184,0.701,0.135,0.316,0.434,0.085,276
gauntlet/20261006-215135-scrim-g_iter7-fill1791323487/losses/andli28.v9_USQuals_angle__English__s1287276311__botA.bc24,andli28.v9_USQuals_angle,0,B,v9_USQuals_angle,1,2000,MORE_FLAG_CAPTURES,10900,10900,201,15,25,311,39,2,37,560,251,27,735,715,968,583,42.9,39,14,25,0,36.1,47,12,16,9,2,1.27,0,1.78,10.8,143,0,3,0,0.000,149,20,1,1,24.2,0,0,,1,0,0,459,0,0,26.6,35.0,0,12,0,0,2.19,0,688,2726,234,753,81,0,1473,271,107,679,10900,561,145,20,0,18,20,7,32,38,0.125,0.607,0.256,16,0,0.000,,0,,,23.8,44.6,12,0.701,0.184,0.077,0.441,0.282,0.022,1075
gauntlet/20261006-215135-scrim-g_iter7-fill1791323487/losses/andli28.v9_USQuals_angle__Gauntlet__s1437782905__botA.bc24,andli28.v9_USQuals_angle,1,A,g_iter7,0,653,CAPTURE,2100,2100,229,2,5,551,3,0,0,211,33,23,60,49,106,210,42.4,0,0,0,0,,33,22,4,0,0,5.29,3,0.00,32.1,92,1,2,2,1.000,12,7,0,,23.0,0,0,549,0,206,2,10,0,0,36.3,37.5,11,6,0,0,3.00,71,46,155,187,1058,0,365,42,697,138,0,2100,267,0,,0,0,0,6,,-52,0.000,0.670,0.136,4,0,0.750,,0,,,7.0,14.0,0,0.000,0.657,0.124,0.223,0.435,0.062,
gauntlet/20261006-215135-scrim-g_iter7-fill1791323487/losses/andli28.v9_USQuals_angle__Gauntlet__s1437782905__botA.bc24,andli28.v9_USQuals_angle,0,B,v9_USQuals_angle,1,653,CAPTURE,2100,3500,203,17,16,267,26,3,23,238,105,0,212,187,210,106,46.3,26,4,22,0,28.0,41,0,0,0,0,0.00,0,5.59,13.0,,,,,,22,0,0,1,25.0,0,0,,1,0,0,298,0,0,28.0,31.6,0,0,0,0,,0,187,1058,46,155,365,0,697,42,0,138,3500,0,0,,1400,2,6,0,,52,,,,,,,,,,,9.2,22.1,4,0.657,0.000,0.104,0.371,0.000,0.000,
gauntlet/20261006-215135-scrim-g_iter7-fill1791323487/losses/andli28.v9_USQuals_angle__Fountain__s364795666__botB.bc24,andli28.v9_USQuals_angle,0,A,v9_USQuals_angle,1,2000,MORE_FLAG_CAPTURES,1700,2300,224,8,9,277,97,2,94,556,244,19,585,569,1089,644,42.2,97,34,63,0,21.9,43,10,10,41,1,1.78,1,4.13,10.9,50,0,1,0,0.000,139,17,0,0,25.0,8,0,,1,0,0,246,0,0,17.0,20.8,0,6,0,1,3.90,161,563,2386,191,639,450,0,1141,192,47,528,2300,203,117,19,600,3,8,1,34,45,0.000,0.860,0.140,8,2,0.000,0.500,0,,,13.6,28.0,40,0.485,0.073,0.097,0.413,0.194,0.034,2133
gauntlet/20261006-215135-scrim-g_iter7-fill1791323487/losses/andli28.v9_USQuals_angle__Fountain__s364795666__botB.bc24,andli28.v9_USQuals_angle,1,B,g_iter7,0,2000,MORE_FLAG_CAPTURES,1700,3100,208,15,21,239,23,1,19,345,102,94,211,209,644,1089,36.7,20,10,10,0,18.9,44,63,34,2,0,3.90,2,6.35,26.5,194,0,3,2,0.667,169,125,1,,23.0,0,0,213,0,880,5,11,19,1,28.6,29.9,57,28,1,0,2.32,179,191,639,563,2386,0,450,192,1141,528,47,3100,1417,0,19,1400,1,1,8,33,-45,0.030,0.842,0.137,33,1,0.031,1.000,0,,,8.0,16.0,0,0.073,0.485,0.123,0.294,0.570,0.212,30
gauntlet/20261006-215135-scrim-g_iter7-fill1791323487/losses/andli28.v9_USQuals_angle__Foxes__s1282676096__botB.bc24,andli28.v9_USQuals_angle,0,A,v9_USQuals_angle,1,2000,MORE_FLAG_CAPTURES,7500,7500,210,0,13,311,41,1,40,313,140,0,863,825,1043,463,44.3,41,24,17,0,41.0,37,0,0,10,1,0.00,0,2.13,10.7,,,,,,123,0,0,1,25.0,4,0,,0,0,0,496,0,0,29.0,33.7,0,0,0,0,,0,762,3529,257,951,92,0,1848,311,15,932,7500,0,189,47,0,39,18,7,54,72,,,,,,,,,,,9.5,33.1,7,0.894,0.032,0.096,0.385,0.002,0.000,4195
gauntlet/20261006-215135-scrim-g_iter7-fill1791323487/losses/andli28.v9_USQuals_angle__Foxes__s1282676096__botB.bc24,andli28.v9_USQuals_angle,1,B,g_iter7,0,2000,MORE_FLAG_CAPTURES,7500,7500,202,28,18,226,3,0,0,122,37,40,297,277,463,1043,37.3,0,0,0,0,,42,17,24,0,0,1.57,1,0.00,25.3,190,1,3,1,0.333,139,52,1,,23.0,0,0,16,0,579,43,37,0,0,44.3,46.4,27,8,0,0,1.13,0,257,951,762,3529,0,92,311,1848,932,15,7500,654,0,-1,0,21,7,18,28,-72,0.167,0.573,0.139,24,0,0.042,,0,,,8.0,40.0,0,0.032,0.894,0.133,0.257,0.372,0.094,225
gauntlet/20261006-215135-scrim-g_iter7-fill1791323487/losses/andli28.v9_USQuals_angle__Funnel__s1628660847__botA.bc24,andli28.v9_USQuals_angle,1,A,g_iter7,0,2000,MORE_FLAG_CAPTURES,2200,3700,202,21,14,638,3,0,0,140,58,10,232,216,489,916,38.9,0,0,0,0,,38,4,7,0,0,1.65,1,0.00,23.6,88,0,1,1,1.000,93,28,1,,19.4,0,0,1,0,598,3,28,0,0,55.0,55.8,7,0,0,1,4.00,1199,192,813,629,2945,0,84,253,1564,778,19,3700,194,0,18,1500,5,5,14,36,-86,0.000,0.485,0.231,7,0,0.143,,0,,,6.1,27.0,0,0.039,0.849,0.151,0.287,0.206,0.023,205
gauntlet/20261006-215135-scrim-g_iter7-fill1791323487/losses/andli28.v9_USQuals_angle__Funnel__s1628660847__botA.bc24,andli28.v9_USQuals_angle,0,B,v9_USQuals_angle,1,2000,MORE_FLAG_CAPTURES,2200,4200,201,24,21,380,11,1,10,146,70,0,724,661,916,489,44.1,11,7,4,0,52.0,37,0,0,0,0,0.00,0,2.90,10.5,,,,,,103,0,1,1,23.4,0,0,,0,0,0,499,0,0,54.0,54.0,0,0,1,0,,0,629,2945,192,813,84,0,1564,253,19,778,4200,0,311,59,2000,17,14,5,81,86,,,,,,,,,,,13.0,26.0,0,0.849,0.039,0.087,0.380,0.004,0.000,5150
gauntlet/20261006-215135-scrim-g_iter7-fill1791323487/losses/andli28.v9_USQuals_angle__Fusbol__s646741993__botB.bc24,andli28.v9_USQuals_angle,0,A,v9_USQuals_angle,1,2000,MORE_FLAG_CAPTURES,1800,1800,305,0,0,423,7,1,6,102,48,3,603,583,776,489,42.2,7,3,4,0,47.5,1,1,2,1,0,7.36,0,1.67,13.4,0,0,,,,104,1,1,1,23.8,0,0,,0,0,0,449,0,0,41.0,45.3,0,1,0,0,2.00,0,583,2555,310,1318,5,0,1087,791,163,481,1800,47,73,21,0,3,2,12,36,-3,0.000,1.000,0.000,1,1,0.000,0.000,0,,,12.1,23.0,0,0.620,0.333,0.094,0.383,0.239,0.006,622
gauntlet/20261006-215135-scrim-g_iter7-fill1791323487/losses/andli28.v9_USQuals_angle__Fusbol__s646741993__botB.bc24,andli28.v9_USQuals_angle,1,B,g_iter7,0,2000,MORE_FLAG_CAPTURES,7200,16200,202,37,34,241,6,0,3,202,34,6,359,322,489,776,40.5,3,2,1,0,42.7,33,4,3,0,0,0.41,1,6.55,24.9,89,1,1,1,1.000,74,12,1,,23.0,0,0,237,0,345,3,449,3,0,46.4,48.6,1,3,0,0,5.00,500,310,1318,583,2555,0,5,791,1087,481,163,16200,53,0,44,9000,9,12,2,89,3,0.000,0.212,0.487,3,0,0.333,,0,,,8.9,26.3,0,0.333,0.620,0.137,0.286,0.294,0.018,305
gauntlet/20261006-215135-scrim-g_iter7-fill1791323487/losses/andli28.v9_USQuals_angle__GravitationalWaves__s1438556617__botB.bc24,andli28.v9_USQuals_angle,0,A,v9_USQuals_angle,1,2000,LEVEL_SUM,3400,3400,201,33,34,299,4,0,4,5,2,26,357,272,398,328,46.0,4,2,2,0,28.8,23,13,13,2,0,3.75,0,2.60,10.4,30,0,2,0,0.000,73,10,1,0,25.0,2,0,795,0,0,0,298,0,0,21.9,26.9,6,6,0,0,1.62,0,261,822,138,545,0,41,334,204,106,82,3700,735,62,33,0,3,7,1,58,15,0.077,0.914,0.086,13,0,0.000,,0,,,8.1,17.1,0,0.206,0.323,0.101,0.532,0.682,0.030,2950
gauntlet/20261006-215135-scrim-g_iter7-fill1791323487/losses/andli28.v9_USQuals_angle__GravitationalWaves__s1438556617__botB.bc24,andli28.v9_USQuals_angle,1,B,g_iter7,0,2000,LEVEL_SUM,3400,3400,201,24,12,201,29,0,26,267,133,4,228,148,328,398,45.2,26,13,13,0,24.7,16,2,2,6,0,4.60,0,3.37,21.9,0,0,,,,42,0,1,,19.8,0,0,1,0,114,2,18,25,0,22.5,29.6,2,0,0,0,1.50,0,138,545,261,822,41,0,204,334,82,106,3400,106,0,26,0,0,1,7,61,-15,0.000,0.919,0.081,2,0,0.000,,0,,,11.0,12.5,1,0.323,0.206,0.202,0.394,0.416,0.003,251
gauntlet/20261006-215135-scrim-g_iter7-fill1791323487/losses/andli28.v9_USQuals_angle__KingQuacksCastle__s1727847918__botB.bc24,andli28.v9_USQuals_angle,0,A,v9_USQuals_angle,1,2000,MORE_FLAG_CAPTURES,1600,7600,204,5,18,289,13,1,12,99,46,3,666,654,1097,685,41.7,13,5,8,0,28.1,42,1,2,7,1,1.71,0,2.12,10.0,9,0,1,0,0.000,125,12,0,0,25.0,3,0,,0,0,0,330,0,0,23.0,25.4,0,3,0,0,1.00,0,642,2872,241,797,24,0,1359,334,51,473,7600,30,74,15,6000,10,8,13,22,24,0.000,0.800,0.156,2,0,0.000,,0,,,11.4,26.1,0,0.431,0.074,0.086,0.383,0.120,0.020,327
gauntlet/20261006-215135-scrim-g_iter7-fill1791323487/losses/andli28.v9_USQuals_angle__KingQuacksCastle__s1727847918__botB.bc24,andli28.v9_USQuals_angle,1,B,g_iter7,0,2000,MORE_FLAG_CAPTURES,1600,7200,207,8,15,223,6,0,3,129,42,12,298,259,685,1097,36.7,3,2,1,0,20.3,47,8,5,0,0,1.30,1,4.24,22.3,80,1,1,1,1.000,123,54,1,,23.0,0,0,10,0,356,3,10,3,0,28.0,31.5,7,1,0,0,5.20,10,241,797,642,2872,0,24,334,1359,473,51,7200,268,0,25,5600,6,13,8,41,-24,0.400,0.451,0.239,5,0,0.200,,0,,,6.4,30.3,0,0.074,0.431,0.132,0.244,0.397,0.076,166
gauntlet/20261006-215135-scrim-g_iter7-fill1791323487/losses/andli28.v9_USQuals_angle__HeMustBeFreed__s1993192702__botB.bc24,andli28.v9_USQuals_angle,0,A,v9_USQuals_angle,1,2000,MORE_FLAG_CAPTURES,2500,11900,208,20,18,305,9,2,7,413,234,3,436,333,621,399,45.1,9,5,4,0,31.4,30,2,2,0,1,0.86,1,1.65,10.4,80,1,1,1,1.000,84,4,1,0,25.0,4,0,1,0,0,0,475,0,0,55.0,55.0,0,1,0,1,5.00,131,286,1158,197,802,27,4,682,377,27,420,12000,23,151,37,9400,2,4,7,60,9,0.000,0.266,0.000,2,0,0.500,,0,,,27.0,55.0,0,0.676,0.068,0.068,0.475,0.211,0.010,9625
gauntlet/20261006-215135-scrim-g_iter7-fill1791323487/losses/andli28.v9_USQuals_angle__HeMustBeFreed__s1993192702__botB.bc24,andli28.v9_USQuals_angle,1,B,g_iter7,0,2000,MORE_FLAG_CAPTURES,5900,9600,201,14,28,234,7,1,3,281,80,7,242,213,399,621,42.5,4,2,2,0,50.0,35,4,5,0,0,0.37,2,2.18,15.0,354,2,3,2,0.667,91,5,1,,23.0,0,0,42,0,250,5,12,4,0,57.0,58.1,9,5,1,0,2.20,0,197,802,286,1158,4,27,377,682,420,27,9600,71,0,60,3700,10,7,4,90,-9,0.200,0.177,0.247,5,0,0.400,,0,,,12.0,39.0,0,0.068,0.676,0.103,0.352,0.103,0.013,226
gauntlet/20261006-215135-scrim-g_iter7-fill1791323487/losses/andli28.v9_USQuals_angle__SteamboatMickey__s2087283746__botB.bc24,andli28.v9_USQuals_angle,0,A,v9_USQuals_angle,1,881,CAPTURE,7300,16000,201,2,3,316,14,3,11,387,178,12,376,331,350,183,44.9,14,5,9,0,37.5,40,7,6,0,0,1.83,1,4.77,14.9,52,0,2,1,0.500,34,5,1,0,25.0,4,0,,1,0,0,298,0,0,27.1,34.0,0,3,0,1,4.83,85,282,1190,157,830,125,12,643,374,35,268,16000,151,0,,8700,43,10,27,,70,0.000,0.863,0.138,5,1,0.000,1.000,0,,,21.1,48.8,0,0.766,0.191,0.084,0.352,0.339,0.033,
gauntlet/20261006-215135-scrim-g_iter7-fill1791323487/losses/andli28.v9_USQuals_angle__SteamboatMickey__s2087283746__botB.bc24,andli28.v9_USQuals_angle,1,B,g_iter7,0,881,CAPTURE,7300,10600,201,27,42,201,16,1,12,204,96,11,192,173,183,350,40.4,13,6,7,0,37.8,45,9,5,0,0,1.30,3,4.61,23.0,253,3,5,3,0.600,110,74,1,,18.2,0,0,1,0,361,8,14,11,1,28.2,42.8,14,8,1,0,5.00,83,157,830,282,1190,12,125,374,643,268,35,10600,41,0,,3300,34,27,10,,-70,0.000,0.841,0.091,1,4,0.000,0.750,0,,,7.2,45.2,0,0.191,0.766,0.095,0.217,0.588,0.291,
gauntlet/20261006-215135-scrim-g_iter7-fill1791323487/losses/andli28.v9_USQuals_angle__Klein__s1340297291__botB.bc24,andli28.v9_USQuals_angle,0,A,v9_USQuals_angle,1,2000,LEVEL_SUM,6000,7200,202,23,31,242,10,1,9,48,19,11,619,593,974,614,42.5,10,4,6,0,12.1,39,5,7,0,0,1.27,1,4.58,11.8,30,0,1,0,0.000,139,11,0,1,25.1,9,0,,0,0,0,475,0,0,11.0,21.1,0,7,1,0,1.43,61,587,2018,241,950,39,0,967,388,140,604,7800,302,125,26,1200,6,8,4,35,39,0.000,0.764,0.228,7,0,0.143,,0,,,22.6,28.3,1,0.620,0.228,0.093,0.458,0.352,0.039,448
gauntlet/20261006-215135-scrim-g_iter7-fill1791323487/losses/andli28.v9_USQuals_angle__Klein__s1340297291__botB.bc24,andli28.v9_USQuals_angle,1,B,g_iter7,0,2000,LEVEL_SUM,6300,6800,203,15,10,223,15,1,11,223,116,9,279,248,614,974,38.2,12,7,5,0,17.4,48,6,4,5,1,5.08,1,2.41,25.0,0,0,,,,169,57,1,,17.4,0,0,1,0,644,15,48,12,0,14.1,24.3,8,2,0,1,6.25,2371,241,950,587,2018,0,39,388,967,604,140,8000,123,0,17,500,4,4,8,51,-39,0.000,1.000,0.000,4,0,0.250,,0,,,22.4,27.0,0,0.228,0.620,0.159,0.338,0.595,0.157,190
gauntlet/20261006-215135-scrim-g_iter7-fill1791323487/losses/andli28.v9_USQuals_angle__Klein__s1955901360__botA.bc24,andli28.v9_USQuals_angle,1,A,g_iter7,0,2000,LEVEL_SUM,6300,6900,203,17,12,224,29,2,24,265,120,35,274,261,471,807,40.2,26,11,15,0,19.5,45,22,15,1,0,3.02,2,4.22,24.7,148,1,4,2,0.500,165,50,1,,20.2,0,0,1,0,1259,133,16,24,2,14.1,24.7,29,12,1,0,4.87,953,232,885,558,1882,28,106,257,825,522,95,7200,468,0,11,600,9,4,12,2,-58,0.000,0.670,0.200,11,4,0.000,0.500,0,,,21.5,27.1,0,0.202,0.647,0.175,0.329,0.673,0.152,248
gauntlet/20261006-215135-scrim-g_iter7-fill1791323487/losses/andli28.v9_USQuals_angle__Klein__s1955901360__botA.bc24,andli28.v9_USQuals_angle,0,B,v9_USQuals_angle,1,2000,LEVEL_SUM,6100,7800,202,35,19,216,37,2,35,330,167,24,600,570,807,471,44.3,37,15,22,0,16.6,46,15,11,16,2,2.79,2,3.89,9.0,65,1,1,1,1.000,122,27,0,1,25.0,5,0,,1,0,0,216,0,0,11.0,21.1,2,7,0,1,1.73,1742,558,1882,232,885,106,28,825,257,95,522,8400,481,94,31,1700,5,12,4,46,58,0.000,0.722,0.172,11,0,0.182,,0,,,22.6,28.3,2,0.647,0.202,0.093,0.455,0.407,0.057,285
gauntlet/20261006-215135-scrim-g_iter7-fill1791323487/losses/andli28.v9_USQuals_angle__Swoop__s555437271__botA.bc24,andli28.v9_USQuals_angle,1,A,g_iter7,0,1332,CAPTURE,4300,4300,201,20,11,215,44,2,39,486,228,21,180,164,351,696,37.4,41,22,19,0,24.1,47,17,7,0,0,2.51,3,2.30,24.9,113,1,3,3,1.000,133,37,1,,18.2,0,0,1,0,324,4,12,37,3,33.2,37.2,9,5,0,1,3.43,198,146,426,495,2304,0,238,93,1016,458,48,4300,274,0,,0,15,7,17,27,-45,0.000,0.551,0.296,7,0,0.429,,0,,,13.6,30.0,0,0.137,0.658,0.138,0.245,0.442,0.052,
gauntlet/20261006-215135-scrim-g_iter7-fill1791323487/losses/andli28.v9_USQuals_angle__Swoop__s555437271__botA.bc24,andli28.v9_USQuals_angle,0,B,v9_USQuals_angle,1,1332,CAPTURE,4300,4300,201,38,11,237,24,3,21,207,89,39,519,503,696,351,43.6,24,7,17,0,28.3,46,19,22,16,2,1.34,2,4.82,6.1,246,2,6,2,0.333,93,4,0,1,24.0,0,0,1,1,0,0,285,0,0,30.0,30.7,3,11,1,0,1.91,29,495,2304,146,426,238,0,1016,93,48,458,4300,447,0,,0,7,17,7,-4,45,0.182,0.523,0.241,22,0,0.091,,0,,,9.2,27.9,6,0.658,0.137,0.076,0.399,0.228,0.023,
gauntlet/20261006-215135-scrim-g_iter7-fill1791323487/replays/andli28.v9_USQuals_angle__Ambush__s2102010475__botA.bc24,andli28.v9_USQuals_angle,1,A,g_iter7,1,642,CAPTURE,2300,2700,201,12,15,201,29,3,23,245,109,2,91,71,112,225,41.6,26,8,18,0,9.0,49,1,3,0,0,0.09,2,6.38,27.1,73,2,1,1,1.000,40,20,1,,23.0,0,0,2,0,149,6,9,26,1,14.3,16.7,1,0,2,2,1.67,326,63,283,207,935,21,1,122,652,115,47,3600,14,0,,400,11,8,19,,-61,0.500,0.083,0.500,2,1,0.500,1.000,0,,,24.4,39.4,0,0.420,0.511,0.132,0.216,0.577,0.129,
gauntlet/20261006-215135-scrim-g_iter7-fill1791323487/replays/andli28.v9_USQuals_angle__Ambush__s2102010475__botA.bc24,andli28.v9_USQuals_angle,0,B,v9_USQuals_angle,0,642,CAPTURE,1900,4900,201,18,22,201,4,2,2,77,36,23,241,214,225,112,46.1,4,3,1,0,11.5,48,18,8,0,0,4.72,3,4.68,10.0,25,1,1,0,0.000,18,1,1,1,25.0,10,0,273,0,0,0,168,0,0,12.0,12.0,2,8,2,2,6.25,330,207,935,63,283,1,21,652,122,47,115,5800,307,0,,3000,39,19,8,,61,0.000,0.809,0.137,7,1,0.429,0.000,0,,,13.9,24.7,0,0.511,0.420,0.077,0.360,0.630,0.027,
gauntlet/20261006-215135-scrim-g_iter7-fill1791323487/losses/andli28.v9_USQuals_angle__Puzzle__s1177445712__botB.bc24,andli28.v9_USQuals_angle,0,A,v9_USQuals_angle,1,2000,LEVEL_SUM,0,12200,207,10,4,371,51,1,50,415,170,27,675,621,1011,603,42.7,51,20,31,0,31.9,43,14,14,5,0,2.36,1,5.34,9.7,92,1,2,1,0.500,145,19,0,0,24.7,0,0,464,0,0,0,259,0,0,28.0,32.7,2,18,0,1,4.07,9,584,2209,242,1040,199,18,1165,481,73,541,12200,339,131,31,12200,7,8,12,48,37,0.000,0.808,0.091,12,2,0.000,0.500,0,,,18.4,46.0,1,0.535,0.121,0.076,0.425,0.221,0.035,488
gauntlet/20261006-215135-scrim-g_iter7-fill1791323487/losses/andli28.v9_USQuals_angle__Puzzle__s1177445712__botB.bc24,andli28.v9_USQuals_angle,1,B,g_iter7,0,2000,LEVEL_SUM,0,10900,208,25,29,236,31,1,27,419,131,50,288,261,603,1011,37.7,28,14,14,0,29.7,41,31,20,3,0,2.69,1,4.27,19.8,174,1,3,1,0.333,243,140,1,,23.0,0,0,220,0,996,82,40,27,4,36.1,38.3,28,18,1,0,2.50,14,242,1040,584,2209,18,199,481,1165,541,73,10900,709,0,21,10900,28,12,8,59,-37,0.053,0.755,0.127,19,1,0.053,0.000,0,,,19.0,50.0,0,0.121,0.535,0.129,0.327,0.532,0.181,249
gauntlet/20261006-215135-scrim-g_iter7-fill1791323487/replays/andli28.v9_USQuals_angle__Ambush__s670493018__botB.bc24,andli28.v9_USQuals_angle,0,A,v9_USQuals_angle,0,429,CAPTURE,2000,2300,201,21,14,201,3,1,2,63,22,10,100,89,64,55,47.0,3,2,1,0,8.0,48,7,6,0,0,4.06,3,9.33,13.8,56,2,2,1,0.500,12,3,1,0,25.1,3,0,,1,0,0,96,0,0,12.0,12.0,0,4,1,3,4.33,208,85,440,61,351,40,21,202,259,29,31,2300,96,0,,300,25,19,15,,16,0.000,0.707,0.152,6,0,0.500,,0,,,13.9,24.7,0,0.484,0.527,0.106,0.335,0.686,0.055,
gauntlet/20261006-215135-scrim-g_iter7-fill1791323487/replays/andli28.v9_USQuals_angle__Ambush__s670493018__botB.bc24,andli28.v9_USQuals_angle,1,B,g_iter7,1,429,CAPTURE,2000,6800,201,14,12,201,16,3,10,281,111,2,95,61,55,64,46.7,13,6,7,0,8.8,48,1,2,0,0,1.57,1,6.95,27.8,15,1,1,0,0.000,17,3,1,,17.2,0,0,1,0,115,1,7,11,0,12.0,14.6,8,12,3,1,5.00,469,61,351,85,440,21,40,259,202,31,29,6800,30,0,,4800,37,15,19,,-16,0.000,1.000,0.000,1,1,0.000,1.000,0,,,24.5,30.4,0,0.527,0.484,0.165,0.226,0.585,0.094,
gauntlet/20261006-215135-scrim-g_iter7-fill1791323487/replays/andli28.v9_USQuals_angle__Battlefield__s2022745241__botA.bc24,andli28.v9_USQuals_angle,1,A,g_iter7,1,397,CAPTURE,3700,3700,206,14,16,206,15,3,9,240,114,1,72,27,43,90,44.7,12,6,6,0,6.7,45,0,1,0,0,0.00,0,8.00,30.7,,0,,,,4,0,1,,19.8,0,0,2,0,55,0,9,10,0,11.2,16.2,0,0,3,0,1.00,0,25,69,70,409,5,0,18,231,28,19,3700,6,0,,0,4,13,18,,-34,0.000,1.000,0.000,1,0,0.000,,0,,,9.0,28.3,0,0.442,0.311,0.151,0.177,0.630,0.033,
gauntlet/20261006-215135-scrim-g_iter7-fill1791323487/replays/andli28.v9_USQuals_angle__Battlefield__s2022745241__botA.bc24,andli28.v9_USQuals_angle,0,B,v9_USQuals_angle,0,397,CAPTURE,3500,3500,204,1,16,239,1,0,1,0,0,9,100,74,90,43,47.6,1,1,0,0,25.0,47,6,6,0,0,7.43,3,0.00,8.0,1,0,,,,5,0,1,1,25.0,13,0,,0,0,0,4,0,0,9.0,9.0,2,3,0,3,10.67,391,70,409,25,69,0,5,231,18,19,28,3500,133,0,,0,24,18,13,,34,0.000,0.976,0.024,5,1,0.400,1.000,0,,,9.0,18.0,0,0.311,0.442,0.126,0.333,0.879,0.023,
gauntlet/20261006-215135-scrim-g_iter7-fill1791323487/losses/andli28.v9_USQuals_angle__Swoop__s2104194747__botA.bc24,andli28.v9_USQuals_angle,1,A,g_iter7,0,2000,LEVEL_SUM,4300,4300,201,28,15,209,44,2,39,608,290,56,330,314,700,1047,37.2,41,27,14,0,22.2,47,26,32,0,1,3.00,2,2.90,21.0,106,0,3,2,0.667,229,47,1,,17.9,0,0,1,0,842,9,12,40,5,30.6,33.1,41,13,0,0,4.22,697,292,987,650,2861,0,266,166,1541,572,132,4300,945,0,15,0,20,14,9,36,-26,0.071,0.824,0.131,28,4,0.037,0.250,0,,,9.9,26.4,0,0.189,0.546,0.151,0.260,0.472,0.086,225
gauntlet/20261006-215135-scrim-g_iter7-fill1791323487/losses/andli28.v9_USQuals_angle__Swoop__s2104194747__botA.bc24,andli28.v9_USQuals_angle,0,B,v9_USQuals_angle,1,2000,LEVEL_SUM,4300,4300,201,17,12,224,58,2,56,289,131,39,675,659,1047,700,41.5,58,32,26,0,30.2,38,14,27,15,2,1.44,2,3.07,6.8,273,0,8,1,0.125,215,17,0,0,23.9,0,0,1,1,0,0,144,0,0,30.0,30.7,1,7,0,0,2.41,72,650,2861,292,987,266,0,1541,166,132,572,4300,580,102,7,0,12,9,14,17,26,0.111,0.570,0.288,27,0,0.074,,0,,,9.2,27.9,0,0.546,0.189,0.075,0.403,0.192,0.024,265
gauntlet/20261006-215135-scrim-g_iter7-fill1791323487/losses/andli28.v9_USQuals_angle__Valentine__s926199030__botA.bc24,andli28.v9_USQuals_angle,1,A,g_iter7,0,2000,LEVEL_SUM,1800,3800,212,11,27,323,15,0,12,299,82,6,275,248,526,868,39.5,12,8,4,0,36.6,44,3,3,0,0,7.46,0,2.29,18.5,0,0,,,,137,27,1,,23.0,0,0,211,0,331,3,15,12,0,48.5,50.1,2,1,0,0,4.00,0,234,712,467,1986,0,12,294,1010,155,11,3800,145,0,30,2000,7,5,10,48,-38,0.000,1.000,0.000,3,0,0.000,,0,,,8.0,39.0,0,0.021,0.179,0.144,0.285,0.353,0.030,190
gauntlet/20261006-215135-scrim-g_iter7-fill1791323487/losses/andli28.v9_USQuals_angle__Valentine__s926199030__botA.bc24,andli28.v9_USQuals_angle,0,B,v9_USQuals_angle,1,2000,LEVEL_SUM,1800,4600,213,14,18,312,6,0,6,13,7,12,495,473,868,526,43.6,6,3,3,0,46.8,42,4,8,3,0,1.50,0,3.08,8.7,67,0,1,0,0.000,148,4,0,0,25.0,2,0,1,0,0,0,428,0,0,35.0,41.3,1,6,0,0,3.50,0,467,1986,234,712,12,0,1010,294,11,155,4600,163,60,20,2800,5,10,5,43,38,0.000,0.559,0.158,8,0,0.000,,0,,,15.8,29.3,0,0.179,0.021,0.090,0.434,0.267,0.002,200
gauntlet/20261006-215135-scrim-g_iter7-fill1791323487/losses/andli28.v9_USQuals_angle__Waterworld__s1445281697__botA.bc24,andli28.v9_USQuals_angle,1,A,g_iter7,0,2000,MORE_FLAG_CAPTURES,11200,19200,205,19,12,1389,3,0,0,291,87,51,289,269,597,1167,35.8,0,0,0,0,,43,26,26,0,0,2.24,1,0.00,25.9,146,1,3,1,0.333,148,88,1,,23.0,0,0,234,0,591,21,11,0,0,38.8,39.9,37,25,0,0,1.88,0,248,855,673,3100,0,177,241,1664,866,34,19200,741,0,13,8000,13,7,8,32,-56,0.120,0.671,0.231,25,1,0.040,0.000,0,,,9.1,25.0,0,0.057,0.742,0.126,0.250,0.529,0.173,130
gauntlet/20261006-215135-scrim-g_iter7-fill1791323487/losses/andli28.v9_USQuals_angle__Waterworld__s1445281697__botA.bc24,andli28.v9_USQuals_angle,0,B,v9_USQuals_angle,1,2000,MORE_FLAG_CAPTURES,4900,7100,203,0,1,428,52,1,51,337,132,0,737,695,1167,597,42.7,52,26,26,0,34.3,46,0,0,18,1,0.00,0,2.13,11.6,,,,,,132,6,0,0,25.1,6,0,,1,0,0,462,0,0,26.0,28.9,0,0,0,0,,0,673,3100,248,855,177,0,1664,241,34,866,7100,0,169,35,2200,7,8,7,44,56,,,,,,,,,,,8.1,18.0,7,0.742,0.057,0.094,0.372,0.027,0.000,3058
gauntlet/20261006-215135-scrim-g_iter7-fill1791323487/replays/andli28.v9_USQuals_angle__Joker__s1560186576__botB.bc24,andli28.v9_USQuals_angle,0,A,v9_USQuals_angle,0,542,CAPTURE,14500,17700,202,1,7,365,3,1,0,139,65,8,170,116,104,94,45.8,3,3,0,0,,38,6,5,0,0,0.88,3,4.90,21.1,179,2,3,3,1.000,24,11,0,0,25.0,5,0,1,0,0,0,89,0,0,22.0,29.1,0,2,1,3,3.80,452,103,404,265,1240,1,14,200,316,32,38,17700,73,0,,3200,13,6,25,,6,0.000,0.314,0.318,5,0,0.600,,0,,,11.4,42.3,0,0.365,0.340,0.074,0.334,0.626,0.170,
gauntlet/20261006-215135-scrim-g_iter7-fill1791323487/replays/andli28.v9_USQuals_angle__Joker__s1560186576__botB.bc24,andli28.v9_USQuals_angle,1,B,g_iter7,1,542,CAPTURE,14500,24600,203,36,29,223,14,3,8,321,157,0,296,280,94,104,45.4,11,5,6,0,29.3,46,0,3,0,0,0.06,1,5.00,17.8,136,1,1,1,1.000,29,10,1,,18.4,0,0,1,0,111,0,10,11,1,23.0,34.0,0,0,3,1,6.00,13,265,1240,103,404,14,1,316,200,38,32,24600,0,0,,10100,59,25,6,,-6,1.000,0.000,0.224,1,2,,1.000,0,,,20.6,59.0,0,0.340,0.365,0.130,0.276,0.449,0.115,
gauntlet/20261006-215135-scrim-g_iter7-fill1791323487/replays/andli28.v9_USQuals_angle__DefaultHuge__s431772377__botB.bc24,andli28.v9_USQuals_angle,0,A,v9_USQuals_angle,0,2000,MORE_FLAG_CAPTURES,3700,3700,201,13,8,204,12,1,11,165,73,31,472,431,821,530,43.5,12,9,3,0,20.5,47,21,12,0,0,3.00,2,0.75,8.1,60,1,2,2,1.000,140,3,1,0,24.3,0,0,,0,0,0,223,0,0,22.4,22.7,6,6,1,1,3.83,219,422,1921,292,1224,20,22,1007,430,278,147,3700,359,63,18,0,20,12,23,36,29,0.000,0.796,0.141,10,2,0.100,0.500,0,,,27.7,50.0,0,0.179,0.525,0.099,0.440,0.139,0.013,355
gauntlet/20261006-215135-scrim-g_iter7-fill1791323487/replays/andli28.v9_USQuals_angle__DefaultHuge__s431772377__botB.bc24,andli28.v9_USQuals_angle,1,B,g_iter7,1,2000,MORE_FLAG_CAPTURES,3700,3700,201,12,27,218,36,2,31,293,132,11,357,309,530,821,40.0,33,12,21,0,19.6,47,3,9,0,0,1.30,1,5.62,19.1,101,1,1,0,0.000,115,11,1,,21.1,0,0,1,0,356,0,14,32,6,22.7,31.1,14,5,1,1,3.67,60,292,1224,422,1921,22,20,430,1007,147,278,3700,194,0,34,0,20,23,12,44,-29,0.000,0.479,0.186,9,0,0.111,,0,,,33.7,54.8,0,0.525,0.179,0.121,0.284,0.184,0.010,285
gauntlet/20261006-215135-scrim-g_iter7-fill1791323487/replays/andli28.v9_USQuals_angle__Divergent__s390401305__botA.bc24,andli28.v9_USQuals_angle,1,A,g_iter7,1,2000,MORE_FLAG_CAPTURES,3700,4000,203,23,21,245,30,1,26,404,192,28,301,246,520,806,40.2,27,11,16,0,24.3,47,13,15,6,0,3.83,0,2.20,19.4,68,0,2,0,0.000,114,16,1,,18.6,0,0,1,0,409,6,14,25,1,30.4,36.7,17,10,0,0,5.33,0,231,899,546,2825,5,160,347,1569,545,121,4000,902,0,34,300,1,2,8,57,-46,0.286,0.665,0.212,14,1,0.000,0.000,0,,,14.9,36.0,0,0.233,0.676,0.113,0.284,0.190,0.025,93
gauntlet/20261006-215135-scrim-g_iter7-fill1791323487/replays/andli28.v9_USQuals_angle__Divergent__s390401305__botA.bc24,andli28.v9_USQuals_angle,0,B,v9_USQuals_angle,0,2000,MORE_FLAG_CAPTURES,3400,3400,203,22,11,275,28,0,28,161,73,26,604,570,806,520,42.3,28,15,13,0,30.1,43,16,11,1,0,1.22,1,4.40,9.1,136,1,4,1,0.250,110,19,0,1,25.0,24,0,,0,0,0,423,0,0,17.0,28.6,2,10,0,0,2.27,87,546,2825,231,899,160,5,1569,347,121,545,3400,625,162,41,0,7,8,2,65,46,0.091,0.599,0.158,11,0,0.100,,0,,,19.2,44.4,1,0.676,0.233,0.082,0.430,0.234,0.048,3532
gauntlet/20261006-215135-scrim-g_iter7-fill1791323487/replays/andli28.v9_USQuals_angle__English__s283423148__botB.bc24,andli28.v9_USQuals_angle,0,A,v9_USQuals_angle,0,2000,MORE_FLAG_CAPTURES,10900,10900,201,14,16,428,43,0,43,711,321,26,706,673,943,583,42.9,43,29,14,0,40.0,44,14,13,7,0,2.95,1,1.31,10.0,100,1,3,1,0.333,180,6,1,1,25.0,1,0,,1,0,0,474,0,0,26.6,35.0,3,6,0,1,3.62,44,653,2660,251,700,62,70,1461,233,97,602,10900,361,129,29,0,13,13,12,41,45,0.077,0.695,0.218,13,0,0.077,,0,,,23.8,44.6,8,0.638,0.166,0.081,0.422,0.181,0.019,434
gauntlet/20261006-215135-scrim-g_iter7-fill1791323487/replays/andli28.v9_USQuals_angle__English__s283423148__botB.bc24,andli28.v9_USQuals_angle,1,B,g_iter7,1,2000,MORE_FLAG_CAPTURES,10900,10900,201,23,24,209,30,1,26,358,158,43,290,270,583,943,38.5,27,13,14,0,24.7,46,14,29,0,0,0.85,0,4.42,21.2,507,0,10,0,0.000,224,70,1,,18.4,0,0,1,0,528,14,14,26,5,46.1,48.1,45,22,1,0,1.45,0,251,700,653,2660,70,62,233,1461,602,97,10900,722,0,19,0,16,12,13,50,-45,0.357,0.414,0.241,28,1,0.000,0.000,0,,,15.0,59.0,0,0.166,0.638,0.133,0.294,0.316,0.071,156
gauntlet/20261006-215135-scrim-g_iter7-fill1791323487/replays/andli28.v9_USQuals_angle__Foxes__s1781311007__botB.bc24,andli28.v9_USQuals_angle,0,A,v9_USQuals_angle,0,2000,MORE_FLAG_CAPTURES,7500,7500,205,16,25,296,66,1,65,574,270,19,747,734,884,583,42.9,66,34,32,0,41.0,36,6,15,23,0,0.81,2,2.92,8.9,352,0,6,1,0.167,225,63,0,1,25.0,2,0,,0,0,0,240,0,0,29.0,33.7,2,10,1,1,4.13,878,667,2531,298,1216,212,11,1132,395,155,673,7500,221,157,26,0,10,9,15,56,31,0.067,0.349,0.377,15,0,0.133,,0,,,9.5,33.1,16,0.761,0.266,0.073,0.434,0.253,0.106,1223
gauntlet/20261006-215135-scrim-g_iter7-fill1791323487/replays/andli28.v9_USQuals_angle__Foxes__s1781311007__botB.bc24,andli28.v9_USQuals_angle,1,B,g_iter7,1,2000,MORE_FLAG_CAPTURES,7500,7500,202,22,28,222,24,2,19,589,273,65,323,318,583,884,39.2,21,15,6,0,25.4,39,32,34,0,0,2.01,1,4.32,22.8,275,1,8,1,0.125,255,101,1,,19.4,0,0,1,0,805,12,19,19,1,38.3,44.4,66,30,1,1,1.44,1082,298,1216,667,2531,11,212,395,1132,673,155,7500,1215,0,18,0,29,15,9,49,-31,0.067,0.753,0.170,30,4,0.000,0.250,0,,,8.0,40.8,0,0.266,0.761,0.124,0.318,0.572,0.133,101
gauntlet/20261006-215135-scrim-g_iter7-fill1791323487/replays/andli28.v9_USQuals_angle__Gauntlet__s130810116__botB.bc24,andli28.v9_USQuals_angle,0,A,v9_USQuals_angle,0,2000,MORE_FLAG_CAPTURES,2100,3500,203,18,32,315,12,0,12,27,6,17,662,639,1012,560,43.2,12,8,4,0,34.2,35,10,8,0,0,1.29,1,2.04,13.4,171,1,2,1,0.500,95,5,0,0,25.0,1,0,,1,0,0,478,0,0,28.0,31.6,0,12,0,0,2.63,3,633,3285,197,682,18,0,1520,184,74,647,3500,245,117,30,1400,5,8,0,45,59,0.250,0.407,0.298,8,0,0.125,,0,,,9.2,22.1,0,0.639,0.132,0.087,0.372,0.119,0.005,812
gauntlet/20261006-215135-scrim-g_iter7-fill1791323487/replays/andli28.v9_USQuals_angle__Gauntlet__s130810116__botB.bc24,andli28.v9_USQuals_angle,1,B,g_iter7,1,2000,MORE_FLAG_CAPTURES,2100,2100,235,2,11,336,21,1,17,465,141,12,253,212,560,1012,37.7,18,8,10,0,26.0,39,4,8,0,1,6.59,0,1.77,25.7,0,0,,,,92,31,0,,23.0,0,0,328,0,430,4,14,17,0,36.3,37.5,9,2,0,0,7.38,0,197,682,633,3285,0,18,184,1520,647,74,2100,317,0,10,0,0,0,8,37,-59,0.000,1.000,0.000,8,0,0.000,,0,,,7.0,14.0,0,0.132,0.639,0.119,0.237,0.328,0.057,185
gauntlet/20261006-215135-scrim-g_iter7-fill1791323487/replays/andli28.v9_USQuals_angle__Hurricane__s110666724__botB.bc24,andli28.v9_USQuals_angle,0,A,v9_USQuals_angle,0,2000,MORE_FLAG_CAPTURES,4500,4500,201,32,35,208,41,0,40,240,90,17,527,480,557,379,45.4,41,19,22,0,24.8,44,1,17,10,0,0.87,1,2.51,7.3,237,1,6,1,0.167,115,6,1,1,24.9,0,0,1,1,0,0,393,0,0,19.2,25.1,0,5,0,1,1.65,269,455,1796,218,714,84,0,985,175,30,436,4500,190,225,68,0,14,9,17,99,73,0.176,0.444,0.246,17,0,0.059,,0,,,17.8,40.7,6,0.783,0.079,0.092,0.538,0.113,0.008,3355
gauntlet/20261006-215135-scrim-g_iter7-fill1791323487/replays/andli28.v9_USQuals_angle__Hurricane__s110666724__botB.bc24,andli28.v9_USQuals_angle,1,B,g_iter7,1,2000,MORE_FLAG_CAPTURES,4500,4500,201,34,17,205,21,1,17,507,242,40,275,232,379,557,43.2,18,17,1,0,21.6,46,22,19,0,0,2.66,0,1.55,19.2,104,0,3,0,0.000,137,16,1,,19.1,0,0,1,0,526,6,10,18,0,27.7,37.0,35,18,1,0,3.58,0,218,714,455,1796,0,84,175,985,436,30,4500,762,0,14,0,11,17,9,45,-73,0.118,0.677,0.236,17,2,0.000,0.000,0,,,11.2,29.2,1,0.079,0.783,0.175,0.444,0.694,0.041,60
gauntlet/20261006-215135-scrim-g_iter7-fill1791323487/replays/andli28.v9_USQuals_angle__Klein__s339469991__botB.bc24,andli28.v9_USQuals_angle,0,A,v9_USQuals_angle,0,2000,MORE_FLAG_CAPTURES,6100,6900,202,25,9,231,0,0,0,0,0,17,475,455,754,624,42.4,0,0,0,0,,42,7,12,0,0,2.68,2,0.00,11.1,67,0,3,1,0.333,146,11,0,0,25.1,8,0,1,0,0,0,383,0,0,11.0,21.1,1,7,0,0,4.25,2148,451,1726,237,1003,0,27,815,424,241,259,8100,223,107,16,800,3,10,10,38,26,0.250,0.680,0.200,12,0,0.167,,0,,,22.6,28.3,0,0.344,0.386,0.112,0.455,0.516,0.048,1484
gauntlet/20261006-215135-scrim-g_iter7-fill1791323487/replays/andli28.v9_USQuals_angle__Klein__s339469991__botB.bc24,andli28.v9_USQuals_angle,1,B,g_iter7,1,2000,MORE_FLAG_CAPTURES,6300,6300,209,22,19,214,22,2,17,458,156,0,303,244,624,754,40.9,19,12,7,0,14.9,46,0,0,5,1,0.00,0,4.10,24.8,,,,,,92,7,1,,23.0,0,0,82,0,647,74,88,18,0,19.0,26.3,0,0,0,0,,0,237,1003,451,1726,27,0,424,815,259,241,7500,0,0,3,0,0,10,10,27,-26,,,,,,,,,,,20.6,23.3,0,0.386,0.344,0.129,0.329,0.551,0.052,192
gauntlet/20261006-215135-scrim-g_iter7-fill1791323487/replays/andli28.v9_USQuals_angle__Mountain__s777927442__botB.bc24,andli28.v9_USQuals_angle,0,A,v9_USQuals_angle,0,2000,MORE_FLAG_CAPTURES,4100,5600,203,7,10,229,23,0,23,69,21,20,424,406,693,762,40.7,23,10,13,0,13.3,40,11,11,0,0,2.08,2,6.46,14.2,172,0,3,1,0.333,137,25,0,0,25.0,7,0,,0,0,0,433,0,0,10.0,22.1,0,13,0,0,5.36,3109,392,1472,306,1145,31,17,769,620,394,43,5600,511,62,22,1500,15,13,15,20,-31,0.273,0.512,0.150,11,0,0.182,,0,,,17.2,27.0,0,0.062,0.517,0.108,0.528,0.685,0.121,224
gauntlet/20261006-215135-scrim-g_iter7-fill1791323487/replays/andli28.v9_USQuals_angle__Mountain__s777927442__botB.bc24,andli28.v9_USQuals_angle,1,B,g_iter7,1,2000,MORE_FLAG_CAPTURES,4100,5600,201,2,24,218,25,2,20,413,187,23,369,321,762,693,41.6,22,11,11,0,15.6,46,13,10,0,0,7.80,0,2.88,26.0,1,0,,,,78,8,1,,16.9,0,0,1,0,354,4,18,19,2,12.8,26.6,14,9,0,0,6.50,0,306,1145,392,1472,17,31,620,769,43,394,5600,334,0,38,1500,17,15,13,67,31,0.000,0.992,0.008,10,0,0.000,,0,,,16.5,37.7,4,0.517,0.062,0.119,0.433,0.228,0.025,269
gauntlet/20261006-215135-scrim-g_iter7-fill1791323487/replays/andli28.v9_USQuals_angle__OceanFloor__s34329882__botB.bc24,andli28.v9_USQuals_angle,0,A,v9_USQuals_angle,0,2000,MORE_FLAG_CAPTURES,1200,1400,201,27,19,225,9,0,9,58,23,7,717,610,1014,397,45.1,9,4,5,0,30.9,41,3,5,0,0,0.86,1,2.66,8.4,85,1,2,1,0.500,63,0,1,0,25.0,2,0,,1,0,0,496,0,0,35.5,41.7,1,3,0,1,1.60,0,571,3018,160,712,76,0,1725,303,39,873,1400,63,229,46,200,22,10,3,67,96,0.200,0.451,0.327,5,0,0.200,,0,,,24.0,33.9,0,0.861,0.098,0.090,0.392,0.048,0.000,4501
gauntlet/20261006-215135-scrim-g_iter7-fill1791323487/replays/andli28.v9_USQuals_angle__OceanFloor__s34329882__botB.bc24,andli28.v9_USQuals_angle,1,B,g_iter7,1,2000,MORE_FLAG_CAPTURES,1400,1400,201,20,20,212,11,1,7,285,136,9,228,165,397,1014,37.7,8,5,3,0,30.3,47,5,4,0,0,4.59,0,1.17,25.2,9,0,1,0,0.000,75,8,1,,19.7,0,0,1,0,207,5,11,8,2,35.6,47.3,4,1,1,0,2.75,0,160,712,571,3018,0,76,303,1725,873,39,1400,117,0,19,0,2,3,10,35,-96,0.000,0.888,0.113,4,0,0.000,,0,,,8.5,27.7,0,0.098,0.861,0.105,0.250,0.139,0.020,240
gauntlet/20261006-215135-scrim-g_iter7-fill1791323487/replays/andli28.v9_USQuals_angle__Puzzle__s1740248445__botA.bc24,andli28.v9_USQuals_angle,1,A,g_iter7,1,2000,MORE_FLAG_CAPTURES,0,7800,205,15,34,220,29,2,24,495,168,58,252,239,539,1022,37.6,26,17,9,0,27.4,47,34,25,0,1,1.77,1,1.73,23.4,290,1,7,1,0.143,290,133,1,,23.0,0,0,218,0,1098,21,78,25,1,36.2,38.4,44,21,0,0,0.88,28,224,901,645,2596,5,165,402,1306,612,65,7800,806,0,38,7800,27,7,9,65,-46,0.261,0.590,0.135,23,2,0.043,0.000,0,,,20.0,50.0,0,0.121,0.599,0.133,0.327,0.591,0.214,284
gauntlet/20261006-215135-scrim-g_iter7-fill1791323487/replays/andli28.v9_USQuals_angle__Puzzle__s1740248445__botA.bc24,andli28.v9_USQuals_angle,0,B,v9_USQuals_angle,0,2000,MORE_FLAG_CAPTURES,0,15300,203,10,14,293,59,1,58,560,252,24,735,694,1022,539,43.4,59,25,34,0,31.8,41,9,17,22,1,1.05,2,4.55,9.4,194,2,4,2,0.500,155,14,0,0,25.1,1,0,,1,0,0,471,0,0,28.0,32.7,2,17,0,0,2.12,41,645,2596,224,901,165,5,1306,402,65,612,15300,273,143,38,15300,16,9,7,48,46,0.118,0.527,0.229,17,0,0.118,,0,,,18.4,46.0,12,0.599,0.121,0.081,0.434,0.209,0.019,1421
gauntlet/20261006-215135-scrim-g_iter7-fill1791323487/replays/andli28.v9_USQuals_angle__Swoop__s1789153039__botB.bc24,andli28.v9_USQuals_angle,0,A,v9_USQuals_angle,0,2000,MORE_FLAG_CAPTURES,4300,4300,201,28,22,218,45,0,45,147,47,29,620,607,1006,748,41.0,45,17,28,0,29.2,44,14,16,6,0,2.10,1,3.37,9.2,63,1,3,1,0.333,223,26,1,1,25.0,3,0,,0,0,0,238,0,0,30.0,30.7,5,11,0,0,2.44,35,592,2590,273,790,125,0,1432,134,170,476,4300,767,106,13,0,13,17,11,35,21,0.000,0.816,0.082,15,1,0.067,0.000,0,,,9.2,27.9,4,0.473,0.227,0.071,0.411,0.184,0.023,270
gauntlet/20261006-215135-scrim-g_iter7-fill1791323487/replays/andli28.v9_USQuals_angle__Swoop__s1789153039__botB.bc24,andli28.v9_USQuals_angle,1,B,g_iter7,1,2000,MORE_FLAG_CAPTURES,4300,4300,201,18,7,215,33,1,29,324,142,45,335,298,748,1006,37.8,30,16,14,0,26.6,47,28,17,2,0,5.29,0,3.63,20.0,16,0,,,,189,46,1,,18.8,0,0,1,0,716,4,12,30,2,31.6,33.4,20,8,0,0,4.76,0,273,790,592,2590,0,125,134,1432,476,170,4300,806,0,15,0,6,11,17,27,-21,0.000,0.935,0.058,16,1,0.000,0.000,0,,,7.8,24.7,0,0.227,0.473,0.134,0.261,0.480,0.067,170
gauntlet/20261006-215135-scrim-g_iter7-fill1791323487/replays/andli28.v9_USQuals_angle__Valentine__s1942379244__botA.bc24,andli28.v9_USQuals_angle,1,A,g_iter7,1,2000,MORE_FLAG_CAPTURES,1800,3200,215,25,35,286,50,1,45,1033,429,22,288,263,641,866,39.5,47,23,24,0,33.8,47,10,12,13,0,2.87,0,2.86,17.9,63,0,2,0,0.000,225,53,1,,23.0,0,0,212,0,507,3,12,45,9,48.3,50.0,18,7,1,0,2.17,0,231,726,509,2076,22,95,165,1112,231,109,3200,379,0,14,1400,7,6,7,46,-25,0.167,0.705,0.129,12,0,0.000,,0,,,8.0,39.0,0,0.170,0.267,0.143,0.300,0.522,0.072,225
gauntlet/20261006-215135-scrim-g_iter7-fill1791323487/replays/andli28.v9_USQuals_angle__Valentine__s1942379244__botA.bc24,andli28.v9_USQuals_angle,0,B,v9_USQuals_angle,0,2000,MORE_FLAG_CAPTURES,1800,5200,211,18,14,283,22,0,22,150,59,45,536,525,866,641,42.2,22,12,10,0,44.4,43,24,23,3,0,1.05,1,2.35,6.2,515,0,12,0,0.000,222,41,0,0,25.0,2,0,,1,0,0,162,0,0,35.0,41.3,5,34,0,1,1.91,1350,509,2076,231,726,95,22,1112,165,109,231,5200,795,69,13,3400,3,7,6,29,25,0.217,0.497,0.321,23,0,0.045,,0,,,15.8,29.3,4,0.267,0.170,0.072,0.428,0.256,0.053,205
