file,opp,us,team,name,won,rounds,wintype,gathered200,gathered400,firstEnemySide,inEnemy250,inEnemy300,firstFlagSight,pickups,captured,carrierDeaths,carrierRounds,carrierMoves,enemyCarrierKills,trapsBuilt,trapsHit,kills,deaths,meanAlive,postPickups,firstGrabs,regrabs,relayPickups,carrierDeathDist,damStage199,enemyRegrabs,enemyFirstGrabs,regrabsLate,capturedLate,chasers20,enemyCaptured,escorts20,stillPost,enemyUnseenRounds,unopposedCaps,longTrips25,longCaps25,longCapRate,loneDeaths,trickleDeaths,symOk,psymOk,maxBcK,overruns,exceptions,symDecidedRound,symWrong,alertWrites,alertNoThreat,maxParkOnHome,efStaleCarry,efStaleLoc,flagDistMin,flagDistMean,carrierStunBuilds,carrierStunned,captured600,enemyCaptured600,defNearAtGrab20,capturedHomeRounds,stunTrig,stunVictims,enemyStunTrig,enemyStunVictims,stunVictimsEsc,enemyStunVictimsEsc,stunVictimsFast,enemyStunVictimsFast,deathsHome,enemyDeathsHome,gatheredAll,dropGuard
gauntlet/20261004-164124-scrim-g4econ2-fill1791131568/losses/CyrilSharma.finalBot__AceOfSpades__botB.bc24,CyrilSharma.finalBot,0,A,finalBot,1,778,CAPTURE,1800,15300,202,19,18,219,26,3,23,364,166,3,358,301,145,143,45.6,26,10,16,0,21.3,47,0,4,0,0,0.65,1,5.64,49.9,75,1,3,1,0.333,18,0,0,,24.9,0,0,537,1,0,0,27,0,0,21.0,23.0,0,0,1,0,0.25,57,301,1502,121,535,340,2,777,147,26,102,15300,29
gauntlet/20261004-164124-scrim-g4econ2-fill1791131568/losses/CyrilSharma.finalBot__AceOfSpades__botB.bc24,CyrilSharma.finalBot,1,B,g4econ2,0,778,CAPTURE,1800,6300,202,29,24,219,7,1,3,151,70,23,141,129,143,145,45.6,4,4,0,0,12.3,45,16,10,0,0,2.05,3,1.69,54.6,155,2,3,3,1.000,23,2,1,,18.3,0,0,1,0,708,5,50,4,0,25.0,25.1,18,10,0,1,3.20,258,121,535,301,1502,2,340,147,777,102,26,6300,238
gauntlet/20261004-164124-scrim-g4econ2-fill1791131568/losses/CyrilSharma.finalBot__Capacitance__botB.bc24,CyrilSharma.finalBot,0,A,finalBot,1,1123,CAPTURE,3600,4800,201,22,11,205,28,3,25,629,274,11,296,286,332,351,42.4,28,8,20,0,18.2,43,4,9,0,0,1.66,2,6.80,40.2,102,2,3,1,0.333,57,23,1,,25.1,27,0,233,1,0,0,12,0,0,10.0,18.1,11,6,1,2,4.00,1691,286,1889,165,965,353,17,1370,417,83,151,4800,124
gauntlet/20261004-164124-scrim-g4econ2-fill1791131568/losses/CyrilSharma.finalBot__Capacitance__botB.bc24,CyrilSharma.finalBot,1,B,g4econ2,0,1123,CAPTURE,3600,5200,201,25,6,208,16,2,11,312,141,25,181,180,351,332,42.8,13,9,4,0,16.8,48,20,8,0,0,1.84,3,5.51,41.3,378,2,6,3,0.500,54,19,1,,22.4,0,0,1,0,596,1,60,13,1,9.1,17.8,25,20,2,1,6.25,2560,165,965,286,1889,17,353,417,1370,151,83,5200,234
gauntlet/20261004-164124-scrim-g4econ2-fill1791131568/losses/CyrilSharma.finalBot__Bunkers__botA.bc24,CyrilSharma.finalBot,1,A,g4econ2,0,1599,CAPTURE,2800,2800,201,12,7,207,10,1,6,298,130,4,193,180,562,674,39.8,7,5,2,0,16.2,42,2,5,0,0,1.17,3,11.11,50.9,115,1,4,3,0.750,58,37,1,,23.0,0,0,5,0,384,7,11,7,0,15.1,24.3,6,4,1,2,7.00,2224,175,1000,536,4034,0,157,563,2956,618,33,2800,77
gauntlet/20261004-164124-scrim-g4econ2-fill1791131568/losses/CyrilSharma.finalBot__Bunkers__botA.bc24,CyrilSharma.finalBot,0,B,finalBot,1,1599,CAPTURE,2800,2800,201,30,29,227,7,3,4,179,86,6,548,536,674,562,41.5,7,5,2,0,23.3,40,2,5,1,1,2.72,1,6.07,42.9,12,0,,,,20,6,1,,25.1,34,0,1586,1,0,0,16,0,0,15.3,20.4,6,6,2,1,3.40,574,536,4034,175,1000,157,0,2956,563,33,618,2800,79
gauntlet/20261004-164124-scrim-g4econ2-fill1791131568/losses/CyrilSharma.finalBot__Anchor__botB.bc24,CyrilSharma.finalBot,0,A,finalBot,1,2000,MORE_FLAG_CAPTURES,6300,10500,204,12,32,254,12,1,11,111,50,0,659,656,757,805,40.2,12,4,8,0,23.3,48,0,0,3,0,0.00,0,7.22,43.6,,,,,,52,4,0,,25.0,23,0,331,1,0,0,12,0,0,16.0,22.5,0,0,1,0,,0,656,4134,276,1633,227,0,2881,767,68,434,10500,0
gauntlet/20261004-164124-scrim-g4econ2-fill1791131568/losses/CyrilSharma.finalBot__Anchor__botB.bc24,CyrilSharma.finalBot,1,B,g4econ2,0,2000,MORE_FLAG_CAPTURES,6300,9600,204,6,2,345,3,0,0,198,82,11,319,282,805,757,40.8,0,0,0,0,,48,8,4,0,0,4.48,1,0.00,42.0,24,0,1,1,1.000,63,25,1,,23.0,0,0,9,0,464,14,24,0,0,16.0,24.7,10,3,0,1,8.75,5800,276,1633,656,4134,0,227,767,2881,434,68,9600,143
gauntlet/20261004-164124-scrim-g4econ2-fill1791131568/losses/CyrilSharma.finalBot__Canals__botA.bc24,CyrilSharma.finalBot,1,A,g4econ2,0,1794,CAPTURE,4600,5300,217,9,9,271,5,0,2,80,36,16,263,246,628,800,39.1,2,2,0,0,9.5,47,13,6,0,0,2.19,3,4.36,45.6,222,1,5,3,0.600,90,64,1,,21.6,0,0,1,0,566,16,13,2,0,19.0,31.9,15,11,0,2,9.83,3480,234,1499,641,3961,5,340,629,2803,585,65,5300,166
gauntlet/20261004-164124-scrim-g4econ2-fill1791131568/losses/CyrilSharma.finalBot__Canals__botA.bc24,CyrilSharma.finalBot,0,B,finalBot,1,1794,CAPTURE,4600,5600,202,38,23,243,19,3,16,388,177,2,643,641,800,628,41.5,19,6,13,0,28.1,45,0,2,3,1,1.79,0,7.16,34.8,15,0,1,0,0.000,55,2,1,,25.1,108,0,272,1,0,0,5,0,0,18.0,29.8,0,0,2,0,8.00,0,641,3961,234,1499,340,5,2803,629,65,585,5600,39
gauntlet/20261004-164124-scrim-g4econ2-fill1791131568/losses/CyrilSharma.finalBot__CH3353C4K3F4CT0RY__botA.bc24,CyrilSharma.finalBot,1,A,g4econ2,0,2000,MORE_FLAG_CAPTURES,13000,13000,203,6,0,206,4,0,1,100,24,11,452,382,727,480,44.1,1,1,0,0,15.0,45,7,5,0,0,3.71,1,2.00,54.4,58,1,3,1,0.333,38,35,1,,23.0,0,0,16,0,375,5,13,1,0,27.9,30.6,12,12,0,0,5.00,50,370,2193,630,4140,0,604,975,2798,246,212,13000,152
gauntlet/20261004-164124-scrim-g4econ2-fill1791131568/losses/CyrilSharma.finalBot__CH3353C4K3F4CT0RY__botA.bc24,CyrilSharma.finalBot,0,B,finalBot,1,2000,MORE_FLAG_CAPTURES,13000,13400,202,33,34,340,12,1,11,200,78,1,643,630,480,727,41.1,12,5,7,0,28.1,42,0,1,0,0,4.00,0,6.14,61.6,0,0,,,,24,0,0,,25.0,53,0,678,1,0,0,3,0,0,16.0,22.7,0,1,0,0,2.00,0,630,4140,370,2193,604,0,2798,975,212,246,13400,21
gauntlet/20261004-164124-scrim-g4econ2-fill1791131568/losses/CyrilSharma.finalBot__Anchor__botA.bc24,CyrilSharma.finalBot,1,A,g4econ2,0,2000,MORE_FLAG_CAPTURES,6300,9900,203,2,4,551,9,1,5,196,80,14,362,328,833,672,41.8,6,6,0,0,16.4,45,8,8,0,0,1.65,2,4.78,43.9,112,2,3,2,0.667,64,26,1,,23.0,0,0,7,0,377,8,12,6,0,26.2,28.7,15,19,0,0,2.63,111,313,1932,538,3510,0,65,811,2507,254,116,9900,97
gauntlet/20261004-164124-scrim-g4econ2-fill1791131568/losses/CyrilSharma.finalBot__Anchor__botA.bc24,CyrilSharma.finalBot,0,B,finalBot,1,2000,MORE_FLAG_CAPTURES,6300,10200,202,10,8,412,16,2,14,234,97,5,540,538,672,833,39.8,16,8,8,0,26.3,46,0,6,0,0,0.91,1,7.34,47.8,50,1,1,1,1.000,66,17,0,,25.1,34,0,947,1,0,0,6,0,0,16.0,22.5,0,6,0,0,1.17,909,538,3510,313,1932,65,0,2507,811,116,254,10200,56
gauntlet/20261004-164124-scrim-g4econ2-fill1791131568/losses/CyrilSharma.finalBot__BigDucksBigPond__botA.bc24,CyrilSharma.finalBot,1,A,g4econ2,0,1824,CAPTURE,5100,7700,201,40,30,238,29,2,24,729,343,10,294,263,392,296,46.1,26,20,6,0,34.9,43,7,6,0,1,0.37,3,4.46,54.2,278,3,3,3,1.000,58,10,1,,20.8,0,0,1,0,339,6,13,25,194,50.1,54.8,8,5,0,1,3.83,225,248,1137,384,2267,48,28,490,1771,100,248,7700,94
gauntlet/20261004-164124-scrim-g4econ2-fill1791131568/losses/CyrilSharma.finalBot__BigDucksBigPond__botA.bc24,CyrilSharma.finalBot,0,B,finalBot,1,1824,CAPTURE,5100,6300,201,25,20,252,13,3,10,342,174,24,402,384,296,392,44.8,13,6,7,0,54.5,31,6,20,7,1,0.89,2,5.80,56.4,493,2,11,2,0.182,74,19,1,,25.0,7,0,284,1,0,0,6,0,0,41.4,48.6,10,14,1,0,2.90,1205,384,2267,248,1137,28,48,1771,490,248,100,6300,338
gauntlet/20261004-164124-scrim-g4econ2-fill1791131568/losses/CyrilSharma.finalBot__DefaultLarge__botB.bc24,CyrilSharma.finalBot,0,A,finalBot,1,2000,MORE_FLAG_CAPTURES,1800,6100,202,36,35,287,23,1,22,260,117,0,576,562,593,565,43.1,23,7,16,0,46.9,44,0,0,3,0,0.00,0,4.43,36.1,,,,,,51,5,1,,25.1,108,0,340,1,0,0,3,0,0,44.0,47.7,0,0,1,0,,0,562,3706,206,1106,228,0,2142,486,51,473,6100,0
gauntlet/20261004-164124-scrim-g4econ2-fill1791131568/losses/CyrilSharma.finalBot__DefaultLarge__botB.bc24,CyrilSharma.finalBot,1,B,g4econ2,0,2000,MORE_FLAG_CAPTURES,1800,3000,203,0,10,326,3,0,0,19,6,22,258,207,565,593,42.8,0,0,0,0,,42,16,7,0,0,3.57,1,0.00,49.0,82,0,3,1,0.333,49,13,1,,20.1,0,0,1,0,1007,59,20,0,0,48.8,49.1,17,9,0,1,6.43,95,206,1106,562,3706,0,228,486,2142,473,51,3000,330
gauntlet/20261004-164124-scrim-g4econ2-fill1791131568/losses/CyrilSharma.finalBot__Gated__botA.bc24,CyrilSharma.finalBot,1,A,g4econ2,0,1372,CAPTURE,1500,2300,203,22,18,217,8,0,5,107,48,14,157,142,362,357,43.6,5,5,0,0,20.6,34,11,6,0,0,2.60,3,3.12,43.0,189,2,6,3,0.500,77,41,1,,18.6,0,0,1,0,468,7,9,5,1,26.2,26.4,16,14,0,2,5.50,789,140,703,280,1763,0,238,321,1323,144,23,2300,172
gauntlet/20261004-164124-scrim-g4econ2-fill1791131568/losses/CyrilSharma.finalBot__Gated__botA.bc24,CyrilSharma.finalBot,0,B,finalBot,1,1372,CAPTURE,1500,2500,208,24,26,226,17,3,14,404,179,5,283,280,357,362,43.6,17,6,11,0,21.8,38,0,5,1,1,1.75,0,7.91,42.5,7,0,,,,46,3,0,,25.0,3,0,298,1,0,0,29,0,0,23.0,23.7,0,1,2,0,2.40,0,280,1763,140,703,238,0,1323,321,23,144,2500,68
gauntlet/20261004-164124-scrim-g4econ2-fill1791131568/losses/CyrilSharma.finalBot__Duck__botA.bc24,CyrilSharma.finalBot,1,A,g4econ2,0,2000,MORE_FLAG_CAPTURES,2900,2900,201,19,16,292,21,0,18,726,340,37,256,202,338,336,45.9,18,15,3,0,32.0,45,20,19,3,0,2.11,1,1.28,55.2,215,1,5,1,0.200,76,5,1,,23.0,0,0,27,0,1154,13,38,18,28,54.5,54.9,33,24,0,0,3.63,52,195,840,412,1807,0,173,325,1057,173,119,2900,413
gauntlet/20261004-164124-scrim-g4econ2-fill1791131568/losses/CyrilSharma.finalBot__Duck__botA.bc24,CyrilSharma.finalBot,0,B,finalBot,1,2000,MORE_FLAG_CAPTURES,2900,2900,201,29,26,252,39,1,37,476,213,18,421,412,336,338,45.9,39,19,20,0,52.2,43,3,15,4,1,0.43,0,4.50,53.5,491,0,11,0,0.000,87,11,1,,25.0,3,0,663,1,0,0,12,0,0,51.2,51.6,1,5,0,0,0.73,0,412,1807,195,840,173,0,1057,325,119,173,2900,218
gauntlet/20261004-164124-scrim-g4econ2-fill1791131568/losses/CyrilSharma.finalBot__EvilGrin__botA.bc24,CyrilSharma.finalBot,1,A,g4econ2,0,2000,MORE_FLAG_CAPTURES,2000,4500,206,0,2,317,4,0,1,175,72,29,262,219,765,733,41.0,1,1,0,0,17.0,45,23,7,0,0,5.81,1,4.00,45.5,23,0,2,1,0.500,33,13,1,,23.0,0,0,9,0,483,15,19,1,0,29.1,30.8,15,11,0,0,5.57,1291,217,1151,605,4071,0,160,667,3208,456,20,4500,385
gauntlet/20261004-164124-scrim-g4econ2-fill1791131568/losses/CyrilSharma.finalBot__EvilGrin__botA.bc24,CyrilSharma.finalBot,0,B,finalBot,1,2000,MORE_FLAG_CAPTURES,2000,5500,205,39,32,259,30,1,29,162,62,1,609,605,733,765,40.7,30,7,23,0,25.8,40,0,1,1,0,5.00,0,7.57,41.5,0,0,,,,62,4,0,,25.1,36,0,808,1,0,0,5,0,0,21.0,26.2,0,0,0,0,2.00,0,605,4071,217,1151,160,0,3208,667,20,456,5700,23
gauntlet/20261004-164124-scrim-g4econ2-fill1791131568/losses/CyrilSharma.finalBot__HungerGames__botB.bc24,CyrilSharma.finalBot,0,A,finalBot,1,723,CAPTURE,700,14500,203,26,16,231,19,3,16,228,105,4,419,406,216,174,44.1,19,9,10,0,21.5,39,2,2,0,0,4.39,0,3.97,38.5,0,0,,,,18,3,0,,25.0,8,0,290,1,0,0,8,0,0,17.0,19.0,2,0,2,0,3.00,0,406,1816,122,645,292,0,937,255,12,161,14500,52
gauntlet/20261004-164124-scrim-g4econ2-fill1791131568/losses/CyrilSharma.finalBot__HungerGames__botB.bc24,CyrilSharma.finalBot,1,B,g4econ2,0,723,CAPTURE,700,7700,203,10,3,223,7,0,4,184,30,16,140,133,174,216,42.8,4,2,2,0,11.8,47,10,9,0,0,2.71,3,4.32,45.2,78,0,3,3,1.000,32,11,1,,23.0,0,0,205,0,425,0,12,4,0,22.8,24.0,15,8,0,2,4.89,1506,122,645,406,1816,0,292,255,937,161,12,7700,199
gauntlet/20261004-164124-scrim-g4econ2-fill1791131568/losses/CyrilSharma.finalBot__Fountain__botA.bc24,CyrilSharma.finalBot,1,A,g4econ2,0,1876,CAPTURE,1700,3100,207,0,6,603,11,2,6,311,94,47,195,187,605,524,43.2,8,5,3,0,15.0,46,29,21,0,0,2.32,3,4.45,46.1,183,2,6,3,0.500,67,33,1,,23.0,0,0,208,0,864,15,31,7,0,26.7,27.5,29,24,0,0,3.05,116,184,791,349,2153,4,233,222,1548,280,42,3100,511
gauntlet/20261004-164124-scrim-g4econ2-fill1791131568/losses/CyrilSharma.finalBot__Fountain__botA.bc24,CyrilSharma.finalBot,0,B,finalBot,1,1876,CAPTURE,1700,2300,214,7,0,633,50,3,47,471,225,6,367,349,524,605,42.2,50,21,29,0,24.3,38,3,5,27,3,0.33,2,5.39,53.5,111,2,3,2,0.667,82,10,0,,25.1,9,0,884,1,0,0,11,0,0,17.0,20.8,0,0,0,0,1.60,202,349,2153,184,791,233,4,1548,222,42,280,2300,73
gauntlet/20261004-164124-scrim-g4econ2-fill1791131568/losses/CyrilSharma.finalBot__GravitationalWaves__botB.bc24,CyrilSharma.finalBot,0,A,finalBot,1,2000,MORE_FLAG_CAPTURES,3700,3700,201,9,9,201,12,1,11,284,114,5,244,240,191,493,44.0,12,4,8,0,24.2,10,2,4,3,0,5.91,0,6.12,31.6,11,0,,,,75,24,1,,25.1,10,0,635,1,0,0,5,0,0,21.9,26.9,0,0,0,0,2.33,0,240,1161,122,476,390,7,691,179,258,61,3700,65
gauntlet/20261004-164124-scrim-g4econ2-fill1791131568/losses/CyrilSharma.finalBot__GravitationalWaves__botB.bc24,CyrilSharma.finalBot,1,B,g4econ2,0,2000,MORE_FLAG_CAPTURES,3400,3400,201,5,5,264,9,0,5,410,210,11,223,127,493,191,47.7,6,4,2,0,26.4,11,8,4,1,0,3.59,1,4.49,37.4,76,0,2,1,0.500,25,2,1,,20.2,0,0,1,0,1076,66,25,6,0,21.5,25.9,8,11,0,0,1.50,93,122,476,240,1161,7,390,179,691,61,258,3700,101
gauntlet/20261004-164124-scrim-g4econ2-fill1791131568/losses/CyrilSharma.finalBot__Duck__botB.bc24,CyrilSharma.finalBot,0,A,finalBot,1,2000,MORE_FLAG_CAPTURES,2800,2800,201,37,35,247,4,2,2,355,172,6,138,83,61,31,49.6,4,2,2,0,55.5,43,0,6,0,0,0.86,0,4.75,76.4,73,0,3,0,0.000,10,1,1,,25.0,1,0,283,1,0,0,13,0,0,51.2,51.6,1,1,2,0,1.50,0,83,271,28,126,16,0,160,64,12,42,2800,49
gauntlet/20261004-164124-scrim-g4econ2-fill1791131568/losses/CyrilSharma.finalBot__Duck__botB.bc24,CyrilSharma.finalBot,1,B,g4econ2,0,2000,MORE_FLAG_CAPTURES,2900,2900,201,21,19,236,9,0,6,252,83,2,73,28,31,61,49.2,6,6,0,0,39.7,46,2,2,0,0,0.35,2,2.32,86.2,300,2,2,2,1.000,23,7,1,,23.0,0,0,25,0,1459,4,1295,6,0,54.5,55.3,5,1,0,2,4.00,26,28,126,83,271,0,16,64,160,42,12,2900,20
gauntlet/20261004-164124-scrim-g4econ2-fill1791131568/losses/CyrilSharma.finalBot__HeMustBeFreed__botB.bc24,CyrilSharma.finalBot,0,A,finalBot,1,2000,MORE_FLAG_CAPTURES,2100,11200,201,25,24,694,3,2,1,677,308,4,394,388,261,282,46.6,3,3,0,0,48.0,26,2,3,0,1,0.59,1,5.51,53.2,155,1,2,1,0.500,57,11,1,,25.0,1,0,740,1,0,0,9,0,0,55.0,55.0,3,4,0,0,2.67,148,388,1704,228,1065,129,1,906,557,69,79,11200,169
gauntlet/20261004-164124-scrim-g4econ2-fill1791131568/losses/CyrilSharma.finalBot__HeMustBeFreed__botB.bc24,CyrilSharma.finalBot,1,B,g4econ2,0,2000,MORE_FLAG_CAPTURES,4600,9700,201,8,12,662,8,1,4,390,146,1,281,234,282,261,46.8,5,3,2,0,42.8,30,0,3,1,1,0.38,2,3.72,42.7,534,2,3,2,0.667,38,3,1,,23.0,0,0,38,0,325,2,6,5,0,55.1,55.7,7,8,0,0,1.00,478,228,1065,388,1704,1,129,557,906,79,69,10200,17
gauntlet/20261004-164124-scrim-g4econ2-fill1791131568/losses/CyrilSharma.finalBot__Islands__botB.bc24,CyrilSharma.finalBot,0,A,finalBot,1,1317,CAPTURE,5800,5800,201,33,25,226,42,3,39,565,252,6,480,464,428,265,45.1,42,19,23,0,28.3,42,1,6,1,1,0.63,1,4.72,42.3,87,1,2,1,0.500,56,1,1,,25.0,17,0,276,1,0,0,12,0,0,19.8,21.2,2,2,1,0,1.17,275,464,2406,115,521,290,0,1716,197,21,357,5800,52
gauntlet/20261004-164124-scrim-g4econ2-fill1791131568/losses/CyrilSharma.finalBot__Islands__botB.bc24,CyrilSharma.finalBot,1,B,g4econ2,0,1317,CAPTURE,5800,5800,201,11,10,208,10,1,6,196,90,39,137,129,265,428,42.1,7,6,1,0,12.3,47,23,19,0,0,1.75,3,1.44,53.6,267,3,7,3,0.429,129,84,1,,21.9,0,0,1,0,777,4,11,7,2,19.1,27.9,33,20,0,1,2.53,1081,115,521,464,2406,0,290,197,1716,357,21,5800,390
gauntlet/20261004-164124-scrim-g4econ2-fill1791131568/losses/CyrilSharma.finalBot__Pancakes__botB.bc24,CyrilSharma.finalBot,0,A,finalBot,1,1114,CAPTURE,0,4600,209,17,5,328,48,3,45,463,197,6,303,294,329,294,43.6,48,14,34,0,25.6,47,2,4,0,0,2.10,0,6.83,39.1,12,0,,,,45,1,0,,25.0,3,0,1011,1,0,0,6,0,0,26.0,26.0,1,2,1,0,2.00,0,294,1695,119,572,521,0,1264,257,20,174,4600,65
gauntlet/20261004-164124-scrim-g4econ2-fill1791131568/losses/CyrilSharma.finalBot__Pancakes__botB.bc24,CyrilSharma.finalBot,1,B,g4econ2,0,1114,CAPTURE,0,4500,204,8,18,313,9,0,6,180,25,45,144,134,294,329,42.9,6,4,2,0,22.8,47,34,14,0,0,3.59,3,2.03,44.5,150,0,5,3,0.600,50,25,1,,23.0,0,0,86,0,642,12,9,6,0,27.1,27.6,28,25,0,1,6.71,252,119,572,294,1695,0,521,257,1264,174,20,4500,460
gauntlet/20261004-164124-scrim-g4econ2-fill1791131568/losses/CyrilSharma.finalBot__MIT__botB.bc24,CyrilSharma.finalBot,0,A,finalBot,1,1433,CAPTURE,7200,27100,207,18,18,317,26,3,23,470,216,10,688,656,311,311,44.7,26,9,17,0,50.9,47,1,10,0,1,1.01,1,6.52,44.6,148,1,3,0,0.000,46,9,0,,25.0,10,0,535,1,0,0,9,0,0,15.0,37.8,1,6,0,0,1.80,182,656,2729,386,2042,148,0,1324,479,56,111,27100,120
gauntlet/20261004-164124-scrim-g4econ2-fill1791131568/losses/CyrilSharma.finalBot__MIT__botB.bc24,CyrilSharma.finalBot,1,B,g4econ2,0,1433,CAPTURE,7200,30100,202,28,11,208,14,1,10,341,156,23,455,410,311,311,44.8,11,10,1,0,27.9,44,17,9,0,1,1.37,3,2.05,46.8,316,1,3,3,1.000,81,49,1,,21.2,0,0,1,0,456,6,8,11,2,29.0,45.7,17,9,0,0,5.00,121,386,2042,656,2729,0,148,479,1324,111,56,30100,203
gauntlet/20261004-164124-scrim-g4econ2-fill1791131568/losses/CyrilSharma.finalBot__ORV__botA.bc24,CyrilSharma.finalBot,1,A,g4econ2,0,1191,CAPTURE,3200,4700,206,12,14,218,14,2,9,274,128,11,160,147,310,334,43.2,11,7,4,0,20.2,43,5,9,0,0,1.48,3,3.46,48.7,352,2,5,3,0.600,33,11,1,,19.8,0,0,1,0,547,1,21,11,1,26.9,29.2,14,7,2,1,8.11,715,137,798,357,1751,8,266,327,1126,251,40,4700,159
gauntlet/20261004-164124-scrim-g4econ2-fill1791131568/losses/CyrilSharma.finalBot__ORV__botA.bc24,CyrilSharma.finalBot,0,B,finalBot,1,1191,CAPTURE,3200,6500,204,36,35,272,14,3,11,473,219,9,367,357,334,310,43.8,14,9,5,0,26.2,46,4,7,0,0,1.78,2,6.54,51.3,69,1,3,2,0.667,29,2,0,,25.0,16,0,336,1,0,0,29,0,0,19.0,23.4,3,2,1,2,1.71,5209,357,1751,137,798,266,8,1126,327,40,251,6500,105
gauntlet/20261004-164124-scrim-g4econ2-fill1791131568/losses/CyrilSharma.finalBot__Klein__botA.bc24,CyrilSharma.finalBot,1,A,g4econ2,0,2000,LEVEL_SUM,6000,6300,202,10,17,214,13,1,9,246,105,21,289,235,442,379,45.4,10,7,3,0,16.4,47,9,13,0,0,1.65,1,6.10,54.1,142,1,3,0,0.000,38,9,1,,22.2,0,0,1,0,392,2,546,10,0,10.0,27.3,21,20,1,1,3.38,4247,222,1168,441,2534,0,40,502,1711,199,68,6300,215
gauntlet/20261004-164124-scrim-g4econ2-fill1791131568/losses/CyrilSharma.finalBot__Klein__botA.bc24,CyrilSharma.finalBot,0,B,finalBot,1,2000,LEVEL_SUM,5300,8600,203,24,35,207,22,1,21,296,126,9,455,441,379,442,44.6,22,13,9,0,31.1,44,3,7,0,0,1.37,1,3.78,59.4,56,1,1,1,1.000,34,5,0,,25.0,5,0,244,1,0,0,5,0,0,11.0,21.1,3,7,1,1,3.00,119,441,2534,222,1168,40,0,1711,502,68,199,9200,81
gauntlet/20261004-164124-scrim-g4econ2-fill1791131568/losses/CyrilSharma.finalBot__Soccer__botB.bc24,CyrilSharma.finalBot,0,A,finalBot,1,1441,CAPTURE,3000,3200,202,17,34,351,45,3,42,603,264,5,517,477,674,432,42.7,45,16,29,0,35.0,33,3,5,0,1,0.42,2,7.24,36.3,185,2,4,2,0.500,45,7,0,,25.0,30,0,397,1,0,0,17,0,0,30.0,32.2,0,14,0,2,1.25,917,477,2646,143,839,373,0,1997,455,51,548,3200,24
gauntlet/20261004-164124-scrim-g4econ2-fill1791131568/losses/CyrilSharma.finalBot__Soccer__botB.bc24,CyrilSharma.finalBot,1,B,g4econ2,0,1441,CAPTURE,3000,3000,206,0,0,350,11,2,5,390,123,42,151,146,432,674,38.8,8,5,3,0,18.2,38,29,16,0,0,2.28,3,1.67,38.1,292,1,6,3,0.500,147,134,0,,23.0,0,0,372,0,557,13,11,7,0,38.1,38.8,22,19,2,0,4.31,309,143,839,477,2646,0,373,455,1997,548,51,3000,406
gauntlet/20261004-164124-scrim-g4econ2-fill1791131568/losses/CyrilSharma.finalBot__WheresMyWater__botB.bc24,CyrilSharma.finalBot,0,A,finalBot,1,598,CAPTURE,2800,5400,201,23,40,201,15,3,12,183,80,1,191,187,176,122,45.2,15,4,11,0,12.0,43,1,1,0,0,3.73,1,8.58,40.2,0,0,,,,14,4,1,,25.0,29,0,252,1,0,0,18,0,0,10.8,16.7,2,1,3,1,6.00,105,187,1094,52,355,138,0,730,146,24,131,5400,4
gauntlet/20261004-164124-scrim-g4econ2-fill1791131568/losses/CyrilSharma.finalBot__WheresMyWater__botB.bc24,CyrilSharma.finalBot,1,B,g4econ2,0,598,CAPTURE,3000,3900,201,9,2,201,5,1,1,151,71,12,63,61,122,176,42.9,2,1,1,0,6.0,46,11,4,0,0,4.04,3,8.36,40.4,74,0,2,0,0.000,34,29,1,,19.6,0,0,1,0,291,3,9,2,0,10.3,17.9,9,6,1,3,9.00,1244,52,355,187,1094,0,138,146,730,131,24,3900,76
gauntlet/20261004-164124-scrim-g4econ2-fill1791131568/losses/CyrilSharma.finalBot__Mountain__botB.bc24,CyrilSharma.finalBot,0,A,finalBot,1,2000,MORE_FLAG_CAPTURES,4100,5600,203,11,16,222,13,2,11,245,106,4,396,371,313,456,44.4,13,7,6,0,22.5,42,1,3,2,0,1.40,0,5.60,67.3,42,0,1,0,0.000,39,0,0,,25.1,21,0,519,1,0,0,3,0,0,10.0,22.1,0,3,1,0,0.33,0,371,1951,235,1115,192,5,1360,401,114,134,5600,119
gauntlet/20261004-164124-scrim-g4econ2-fill1791131568/losses/CyrilSharma.finalBot__Mountain__botB.bc24,CyrilSharma.finalBot,1,B,g4econ2,0,2000,MORE_FLAG_CAPTURES,4100,5600,201,0,5,318,7,0,4,338,165,11,291,239,456,313,46.2,4,3,1,0,15.3,47,6,7,1,0,2.10,2,2.03,63.5,92,1,4,2,0.500,22,4,1,,22.7,0,0,1,0,628,10,17,4,122,10.0,22.6,16,15,0,1,6.14,7401,235,1115,371,1951,5,192,401,1360,134,114,5600,117
gauntlet/20261004-164124-scrim-g4econ2-fill1791131568/losses/CyrilSharma.finalBot__Yinyang__botA.bc24,CyrilSharma.finalBot,1,A,g4econ2,0,1267,CAPTURE,2900,2900,201,10,8,203,11,2,5,165,73,37,170,163,439,432,41.7,8,5,3,0,13.8,48,27,13,0,0,4.65,3,8.21,37.8,83,1,3,2,0.667,40,16,1,,19.0,0,0,1,0,563,5,17,8,0,11.0,16.5,23,11,2,2,9.92,1572,157,1012,280,1720,11,393,456,1310,187,102,2900,603
gauntlet/20261004-164124-scrim-g4econ2-fill1791131568/losses/CyrilSharma.finalBot__Yinyang__botA.bc24,CyrilSharma.finalBot,0,B,finalBot,1,1267,CAPTURE,2900,3500,205,29,11,233,40,3,37,272,122,5,291,280,432,439,41.6,40,13,27,0,19.3,47,3,5,1,1,3.28,2,6.84,42.8,15,0,,,,56,11,1,,25.0,21,0,252,1,0,0,8,0,0,12.0,16.0,4,5,2,2,2.75,2064,280,1720,157,1012,393,11,1310,456,102,187,3500,67
gauntlet/20261004-164124-scrim-g4econ2-fill1791131568/losses/CyrilSharma.finalBot__TwistedTreeline__botA.bc24,CyrilSharma.finalBot,1,A,g4econ2,0,2000,MORE_FLAG_CAPTURES,2400,2400,202,1,5,548,3,0,0,181,32,24,244,224,549,717,41.3,0,0,0,0,,44,12,13,0,0,1.49,1,0.00,54.0,216,1,4,1,0.250,147,128,1,,23.1,0,0,38,0,529,14,20,0,0,38.0,42.4,16,27,0,0,2.69,0,221,1016,587,3447,0,134,430,2588,631,46,2400,451
gauntlet/20261004-164124-scrim-g4econ2-fill1791131568/losses/CyrilSharma.finalBot__TwistedTreeline__botA.bc24,CyrilSharma.finalBot,0,B,finalBot,1,2000,MORE_FLAG_CAPTURES,2400,2400,205,29,39,239,25,1,24,399,180,0,621,587,717,549,43.3,25,13,12,0,38.4,35,0,0,5,1,0.00,0,4.13,43.1,,,,,,53,0,0,,25.1,18,0,748,1,0,0,5,0,0,23.0,35.0,0,0,0,0,,0,587,3447,221,1016,134,0,2588,430,46,631,2400,0
gauntlet/20261004-164124-scrim-g4econ2-fill1791131568/replays/CyrilSharma.finalBot__Canals__botB.bc24,CyrilSharma.finalBot,0,A,finalBot,0,1502,CAPTURE,4600,5600,203,36,24,230,41,2,39,471,190,10,429,427,491,446,42.8,41,10,31,0,33.3,43,3,10,3,1,0.88,3,7.66,41.6,170,1,4,2,0.500,64,18,1,,25.1,64,0,300,1,0,0,5,0,0,18.0,29.8,1,5,1,1,1.80,1522,427,2749,201,1172,352,7,1959,486,103,282,5600,96
gauntlet/20261004-164124-scrim-g4econ2-fill1791131568/replays/CyrilSharma.finalBot__Canals__botB.bc24,CyrilSharma.finalBot,1,B,g4econ2,1,1502,CAPTURE,4600,5300,208,14,10,233,16,3,10,313,142,39,233,213,446,491,42.1,13,10,3,0,22.2,47,31,10,2,1,2.62,2,3.59,44.8,191,0,7,2,0.286,71,32,1,,21.5,0,0,1,0,618,11,32,13,1,18.0,31.5,43,32,1,1,8.20,2868,201,1172,427,2749,7,352,486,1959,282,103,5300,427
gauntlet/20261004-164124-scrim-g4econ2-fill1791131568/losses/CyrilSharma.finalBot__Waterworld__botA.bc24,CyrilSharma.finalBot,1,A,g4econ2,0,2000,MORE_FLAG_CAPTURES,11200,19200,207,11,19,222,6,1,2,302,91,9,307,256,590,620,42.5,3,2,1,0,25.0,36,7,4,0,0,1.81,2,1.54,50.3,135,1,3,2,0.667,53,20,1,,23.0,0,0,222,0,302,7,25,3,0,27.0,32.5,8,6,0,2,7.25,1133,245,1440,662,4826,15,320,758,3068,504,36,19200,66
gauntlet/20261004-164124-scrim-g4econ2-fill1791131568/losses/CyrilSharma.finalBot__Waterworld__botA.bc24,CyrilSharma.finalBot,0,B,finalBot,1,2000,MORE_FLAG_CAPTURES,13000,16100,203,31,32,268,11,2,9,264,119,2,676,662,620,590,42.8,11,4,7,0,31.9,28,1,2,0,0,0.63,1,8.14,45.4,43,1,1,1,1.000,26,1,0,,25.1,25,0,308,1,0,0,35,0,0,26.0,28.9,2,0,2,0,4.00,89,662,4826,245,1440,320,15,3068,758,36,504,16100,28
gauntlet/20261004-164124-scrim-g4econ2-fill1791131568/replays/CyrilSharma.finalBot__Fountain__botA.bc24,CyrilSharma.finalBot,1,A,g4econ2,1,1887,CAPTURE,1700,3100,208,7,0,318,13,3,7,394,147,41,190,185,551,805,39.6,10,9,1,0,14.6,43,31,13,0,1,2.54,1,3.15,44.9,263,1,7,1,0.143,140,138,1,,23.0,0,0,210,0,858,30,29,10,0,26.0,27.7,33,32,0,0,2.92,97,180,967,449,2489,0,709,355,1896,494,37,3100,460
gauntlet/20261004-164124-scrim-g4econ2-fill1791131568/replays/CyrilSharma.finalBot__Fountain__botA.bc24,CyrilSharma.finalBot,0,B,finalBot,0,1887,CAPTURE,1500,2300,209,9,18,247,44,1,41,726,334,7,453,449,805,551,42.9,44,13,31,0,24.2,45,1,9,20,0,1.01,3,6.66,48.3,131,2,4,3,0.750,78,18,0,,25.1,11,0,342,1,0,0,6,0,0,17.0,20.8,1,5,0,0,1.78,1356,449,2489,180,967,709,0,1896,355,37,494,2300,68
gauntlet/20261004-164124-scrim-g4econ2-fill1791131568/replays/CyrilSharma.finalBot__StarryNight__botB.bc24,CyrilSharma.finalBot,0,A,finalBot,0,616,CAPTURE,13600,19000,201,22,8,201,7,1,5,74,25,5,284,198,71,122,45.5,7,3,4,0,18.2,46,4,4,0,0,2.62,3,6.96,61.6,89,1,5,3,0.600,13,5,1,,25.0,10,0,304,1,0,0,9,0,0,19.0,21.5,5,9,1,2,3.25,1610,198,866,137,845,215,156,575,366,48,39,19000,44
gauntlet/20261004-164124-scrim-g4econ2-fill1791131568/replays/CyrilSharma.finalBot__StarryNight__botB.bc24,CyrilSharma.finalBot,1,B,g4econ2,1,616,CAPTURE,13600,18800,201,24,18,211,11,3,5,443,210,5,190,143,122,71,47.3,8,4,4,0,21.2,42,4,3,0,0,4.86,1,6.09,48.8,14,0,1,1,1.000,6,0,1,,18.5,0,0,1,0,238,5,15,8,0,19.0,21.7,4,2,2,1,7.33,199,137,845,198,866,156,215,366,575,39,48,18800,61
gauntlet/20261004-164124-scrim-g4econ2-fill1791131568/replays/CyrilSharma.finalBot__Foxes__botA.bc24,CyrilSharma.finalBot,1,A,g4econ2,1,2000,LEVEL_SUM,7500,7500,202,0,0,465,4,0,1,74,33,45,314,259,493,557,43.2,1,1,0,0,29.0,40,22,23,0,0,4.94,0,1.00,47.9,16,0,2,0,0.000,82,38,1,,19.4,0,0,1,0,717,11,20,1,0,42.1,44.2,38,47,0,0,3.30,0,238,986,630,3348,0,473,210,2270,499,21,7500,899
gauntlet/20261004-164124-scrim-g4econ2-fill1791131568/replays/CyrilSharma.finalBot__Foxes__botA.bc24,CyrilSharma.finalBot,0,B,finalBot,0,2000,LEVEL_SUM,7500,7500,204,33,34,263,45,0,45,264,82,1,673,630,557,493,44.0,45,23,22,0,42.6,39,0,1,6,0,1.50,0,5.18,48.8,0,0,,,,85,0,0,,25.1,16,0,1448,1,0,0,10,0,0,29.0,33.7,0,0,0,0,1.00,0,630,3348,238,986,473,0,2270,210,21,499,7500,0
gauntlet/20261004-164124-scrim-g4econ2-fill1791131568/replays/CyrilSharma.finalBot__MazeRunner__botA.bc24,CyrilSharma.finalBot,1,A,g4econ2,1,2000,MORE_FLAG_CAPTURES,2600,5300,207,18,10,357,17,1,13,414,134,3,597,486,781,285,46.6,14,9,5,0,23.2,40,1,2,1,0,4.71,0,3.95,43.4,0,0,,,,25,0,1,,23.0,0,0,204,0,61,0,4,13,0,32.0,33.2,1,1,0,0,3.50,0,482,3047,287,1909,43,0,1761,1125,1,671,5300,42
gauntlet/20261004-164124-scrim-g4econ2-fill1791131568/replays/CyrilSharma.finalBot__MazeRunner__botA.bc24,CyrilSharma.finalBot,0,B,finalBot,0,2000,MORE_FLAG_CAPTURES,2600,5300,209,9,5,1617,3,0,3,7,2,13,329,287,285,781,40.5,3,2,1,0,33.0,37,5,9,1,0,1.46,1,2.86,67.9,111,0,5,1,0.200,37,13,0,,25.1,141,0,,0,0,0,7,0,0,29.0,29.0,5,6,0,0,3.22,19,287,1909,482,3047,0,43,1125,1761,671,1,5300,136
gauntlet/20261004-164124-scrim-g4econ2-fill1791131568/replays/CyrilSharma.finalBot__Puzzle__botB.bc24,CyrilSharma.finalBot,0,A,finalBot,0,2000,LEVEL_SUM,0,8800,202,28,28,260,15,1,14,171,80,6,424,394,310,614,42.6,15,7,8,0,27.9,42,2,5,0,0,0.98,1,3.41,58.2,97,1,3,1,0.333,52,5,0,,25.0,42,0,432,1,0,0,6,0,0,28.0,32.7,0,0,1,0,1.60,96,394,2144,466,2835,40,9,1281,1520,414,43,8800,75
gauntlet/20261004-164124-scrim-g4econ2-fill1791131568/replays/CyrilSharma.finalBot__Puzzle__botB.bc24,CyrilSharma.finalBot,1,B,g4econ2,1,2000,LEVEL_SUM,0,14300,206,28,19,231,10,1,6,249,118,14,566,485,614,310,46.2,7,5,2,0,23.3,45,8,7,0,0,1.48,1,2.78,50.9,92,1,2,1,0.500,36,5,1,,19.1,0,0,1,0,319,13,10,7,0,27.0,33.1,8,5,0,1,3.86,101,466,2835,394,2144,9,40,1520,1281,43,414,14300,136
gauntlet/20261004-164124-scrim-g4econ2-fill1791131568/replays/CyrilSharma.finalBot__Starfish__botA.bc24,CyrilSharma.finalBot,1,A,g4econ2,1,2000,LEVEL_SUM,4100,4100,201,10,11,201,15,2,10,378,166,14,253,216,894,558,43.2,12,8,4,0,6.8,35,12,4,3,1,5.29,2,7.58,45.5,22,0,1,0,0.000,31,9,1,,23.0,0,0,9,0,498,17,19,12,0,9.0,10.5,15,7,1,1,12.50,10312,212,1242,288,1840,38,123,592,1376,200,378,4100,137
gauntlet/20261004-164124-scrim-g4econ2-fill1791131568/replays/CyrilSharma.finalBot__Starfish__botA.bc24,CyrilSharma.finalBot,0,B,finalBot,0,2000,LEVEL_SUM,4100,4200,201,21,8,201,16,2,14,157,56,10,299,288,558,894,39.1,16,4,12,0,7.8,33,4,8,0,0,2.09,2,8.27,65.2,71,1,2,1,0.500,41,12,0,,25.1,99,0,266,1,0,0,37,0,0,8.0,10.2,0,2,1,1,1.25,751,288,1840,212,1242,123,38,1376,592,378,200,4200,118
gauntlet/20261004-164124-scrim-g4econ2-fill1791131568/replays/CyrilSharma.finalBot__Soccer__botA.bc24,CyrilSharma.finalBot,1,A,g4econ2,1,2000,MORE_FLAG_CAPTURES,3000,3000,203,8,18,272,11,2,6,379,136,36,227,212,728,831,39.9,8,7,1,0,20.2,30,19,18,0,2,4.25,1,1.99,39.8,84,1,2,1,0.500,90,43,0,,23.0,0,0,313,0,771,29,20,8,0,39.1,39.5,29,16,0,0,5.56,40,210,1072,638,4371,0,184,476,3492,677,47,3000,621
gauntlet/20261004-164124-scrim-g4econ2-fill1791131568/replays/CyrilSharma.finalBot__Soccer__botA.bc24,CyrilSharma.finalBot,0,B,finalBot,0,2000,MORE_FLAG_CAPTURES,3000,3200,204,35,34,274,37,1,36,236,116,6,650,638,831,728,41.2,37,18,19,0,37.5,27,1,7,12,1,0.60,2,6.55,34.1,162,2,4,2,0.500,78,4,0,,25.1,28,0,311,1,0,0,4,0,0,30.0,32.2,1,0,0,0,1.00,145,638,4371,210,1072,184,0,3492,476,47,677,3200,124
gauntlet/20261004-164124-scrim-g4econ2-fill1791131568/replays/CyrilSharma.finalBot__StarryNight__botA.bc24,CyrilSharma.finalBot,1,A,g4econ2,1,2000,MORE_FLAG_CAPTURES,13600,18800,201,23,21,219,15,2,9,280,139,0,802,690,958,403,45.1,12,4,8,0,20.4,48,0,1,8,2,1.23,1,9.61,46.8,22,0,1,1,1.000,10,1,1,,19.5,0,0,1,0,157,4,16,11,0,19.0,21.7,1,0,0,1,15.00,2340,688,3836,539,3536,151,33,2025,2436,54,785,18800,0
gauntlet/20261004-164124-scrim-g4econ2-fill1791131568/replays/CyrilSharma.finalBot__StarryNight__botA.bc24,CyrilSharma.finalBot,0,B,finalBot,0,2000,MORE_FLAG_CAPTURES,13600,19000,201,18,16,201,1,1,0,31,16,9,543,539,403,958,37.5,1,1,0,0,,46,8,4,0,0,2.53,2,6.81,67.5,70,0,2,1,0.500,26,8,1,,25.1,50,0,389,1,0,0,92,0,0,19.0,21.5,3,8,1,0,9.50,751,539,3536,688,3836,33,151,2436,2025,785,54,19000,108
gauntlet/20261004-164124-scrim-g4econ2-fill1791131568/replays/CyrilSharma.finalBot__Waterworld__botB.bc24,CyrilSharma.finalBot,0,A,finalBot,0,2000,LEVEL_SUM,13900,16100,210,21,35,282,3,1,2,77,35,2,590,580,490,555,43.3,3,1,2,0,25.5,19,1,2,0,0,0.34,1,8.19,54.4,38,1,1,0,0.000,29,0,0,,25.1,39,0,369,1,0,0,15,0,0,26.0,28.9,0,0,1,0,5.00,251,580,3792,229,1246,83,0,2497,621,38,325,16100,3
gauntlet/20261004-164124-scrim-g4econ2-fill1791131568/replays/CyrilSharma.finalBot__Waterworld__botB.bc24,CyrilSharma.finalBot,1,B,g4econ2,1,2000,LEVEL_SUM,11200,19200,205,12,13,297,6,1,2,388,133,2,299,234,555,490,44.0,3,2,1,0,16.0,37,2,1,1,1,2.10,1,2.05,52.9,58,0,1,1,1.000,29,1,1,,23.0,0,0,209,0,255,16,11,2,0,27.0,29.5,1,1,0,1,16.00,2098,229,1246,580,3792,0,83,621,2497,325,38,19200,57
