file,opp,us,team,name,won,rounds,wintype,gathered200,gathered400,firstEnemySide,inEnemy250,inEnemy300,firstFlagSight,pickups,captured,carrierDeaths,carrierRounds,carrierMoves,enemyCarrierKills,trapsBuilt,trapsHit,kills,deaths,meanAlive,postPickups,firstGrabs,regrabs,relayPickups,carrierDeathDist,damStage199,enemyRegrabs,enemyFirstGrabs,regrabsLate,capturedLate,chasers20,enemyCaptured,escorts20,stillPost,enemyUnseenRounds,unopposedCaps,longTrips25,longCaps25,longCapRate,loneDeaths,trickleDeaths,symOk,psymOk,maxBcK,overruns,exceptions,symDecidedRound,symWrong,alertWrites,alertNoThreat,maxParkOnHome,efStaleCarry,efStaleLoc,flagDistMin,flagDistMean,carrierStunBuilds,carrierStunned,captured600,enemyCaptured600,defNearAtGrab20,capturedHomeRounds,stunTrig,stunVictims,enemyStunTrig,enemyStunVictims,stunVictimsEsc,enemyStunVictimsEsc,stunVictimsFast,enemyStunVictimsFast,deathsHome,enemyDeathsHome,gatheredAll,dropGuard,digsLate,levelGain1500,gathered201to400,stunTrig250,kills250,deaths250
gauntlet/20261005-024358-scrim-g4crumb-fill1791167942/losses/Gymhgy.v10official__Battlefield__s650907054__botA.bc24,Gymhgy.v10official,1,A,g4crumb,0,530,CAPTURE,3700,3700,202,7,6,222,8,1,4,238,113,6,80,52,92,33,48.6,5,4,1,0,8.5,46,2,8,0,0,7.61,3,6.46,33.5,1,3,,,,2,0,1,,18.8,0,0,1,0,623,1,20,5,0,8.1,8.7,9,1,1,3,9.13,1590,47,319,61,376,0,0,78,111,9,16,3700,132,0,,0,18,14,5
gauntlet/20261005-024358-scrim-g4crumb-fill1791167942/losses/Gymhgy.v10official__Battlefield__s650907054__botA.bc24,Gymhgy.v10official,0,B,v10official,1,530,CAPTURE,3700,3700,203,15,28,201,21,3,6,609,297,4,76,65,33,92,46.0,18,8,2,8,7.0,46,1,4,0,0,3.29,1,10.50,6.7,8,0,,,,0,0,1,,25.1,38,0,,0,0,0,3,0,0,10.2,10.5,0,1,3,1,2.50,251,61,376,47,319,0,0,111,78,16,9,3700,64,0,,0,14,5,14
gauntlet/20261005-024358-scrim-g4crumb-fill1791167942/losses/Gymhgy.v10official__DefaultLarge__s917622943__botA.bc24,Gymhgy.v10official,1,A,g4crumb,0,759,CAPTURE,1800,4000,208,1,7,362,14,0,9,424,195,7,105,98,80,160,45.0,11,9,2,0,37.4,44,5,5,0,0,1.49,3,1.59,23.5,101,3,,,,32,2,1,,18.8,0,0,1,0,271,2,11,11,1,49.2,50.1,21,20,0,2,4.40,209,91,463,140,691,14,10,172,222,61,21,4000,85,0,,2200,12,1,12
gauntlet/20261005-024358-scrim-g4crumb-fill1791167942/losses/Gymhgy.v10official__DefaultLarge__s917622943__botA.bc24,Gymhgy.v10official,0,B,v10official,1,759,CAPTURE,1800,5100,204,38,41,282,57,3,7,803,75,9,154,150,160,80,47.5,54,5,5,44,26.1,44,2,9,0,0,0.87,0,13.16,6.5,317,0,3,0,0.000,21,7,1,,25.1,55,0,,0,0,0,0,0,0,51.0,51.9,0,8,2,0,0.00,0,140,691,91,463,10,14,222,172,21,61,5100,142,0,,3300,25,12,1
gauntlet/20261005-024358-scrim-g4crumb-fill1791167942/losses/Gymhgy.v10official__BedWars__s596655836__botB.bc24,Gymhgy.v10official,0,A,v10official,1,595,CAPTURE,2400,4000,207,28,18,219,25,3,1,641,306,1,17,16,40,94,46.1,22,4,0,18,18.0,50,0,3,0,0,2.15,2,11.02,25.6,59,2,3,2,0.667,14,0,1,,25.1,2,0,,0,0,0,1,0,0,15.1,18.7,0,0,3,2,0.00,3,14,57,40,204,0,0,0,62,4,4,4100,24,0,,1600,0,2,17
gauntlet/20261005-024358-scrim-g4crumb-fill1791167942/losses/Gymhgy.v10official__BedWars__s596655836__botB.bc24,Gymhgy.v10official,1,B,g4crumb,0,595,CAPTURE,2400,6900,265,0,3,368,6,2,1,213,98,1,59,50,94,40,48.4,3,3,0,0,23.0,50,0,4,0,0,2.16,3,1.82,20.9,18,3,,,,21,2,1,,23.0,0,0,4,0,242,4,8,3,0,16.1,17.5,1,2,2,3,7.25,1115,40,204,14,57,0,0,62,0,4,4,7200,31,0,,4500,5,17,2
gauntlet/20261005-024358-scrim-g4crumb-fill1791167942/losses/Gymhgy.v10official__AceOfSpades__s1799509575__botB.bc24,Gymhgy.v10official,0,A,v10official,1,1724,CAPTURE,1800,16500,202,30,36,221,34,3,5,696,44,17,479,429,656,359,44.9,31,5,3,23,19.8,44,0,19,1,2,1.44,2,8.36,5.2,177,1,6,2,0.333,33,17,0,,25.1,130,0,,0,0,0,1,0,0,25.0,26.0,1,9,1,2,0.53,6,393,2169,220,1187,109,1,1218,535,24,484,16500,312,0,22,14700,34,9,2
gauntlet/20261005-024358-scrim-g4crumb-fill1791167942/losses/Gymhgy.v10official__AceOfSpades__s1799509575__botB.bc24,Gymhgy.v10official,1,B,g4crumb,0,1724,CAPTURE,1800,5100,203,17,12,265,22,2,17,461,165,5,245,237,359,656,40.8,19,19,0,0,19.5,43,3,5,0,0,3.15,3,1.64,40.6,55,3,,,,95,32,1,,23.0,0,0,33,0,1826,3,30,19,4,25.0,25.1,6,8,2,1,4.40,775,220,1187,393,2169,1,109,535,1218,484,24,5100,132,0,-2,3300,31,2,9
gauntlet/20261005-024358-scrim-g4crumb-fill1791167942/losses/Gymhgy.v10official__English__s700366503__botA.bc24,Gymhgy.v10official,1,A,g4crumb,0,919,CAPTURE,10900,10900,201,26,28,242,14,2,8,686,329,16,126,101,127,238,43.7,11,7,4,0,19.6,45,11,11,0,0,1.75,3,3.18,19.4,174,3,,,,75,46,1,,23.4,0,0,1,0,336,10,8,11,2,40.2,44.7,27,22,0,1,2.00,80,87,445,112,359,0,23,244,114,125,63,10900,254,0,,0,12,1,6
gauntlet/20261005-024358-scrim-g4crumb-fill1791167942/losses/Gymhgy.v10official__English__s700366503__botA.bc24,Gymhgy.v10official,0,B,v10official,1,919,CAPTURE,10900,10900,201,42,39,238,98,3,16,937,226,8,164,146,238,127,46.7,95,11,11,73,26.8,47,4,7,0,0,0.94,2,10.81,5.7,443,2,5,2,0.400,57,36,1,,25.1,87,0,,0,0,0,1,0,0,35.0,42.6,0,9,1,0,0.33,0,112,359,87,445,23,0,114,244,63,125,10900,166,0,,0,8,6,1
gauntlet/20261005-024358-scrim-g4crumb-fill1791167942/losses/Gymhgy.v10official__Foxes__s1249464970__botB.bc24,Gymhgy.v10official,0,A,v10official,1,489,CAPTURE,7500,7500,202,38,38,257,46,3,5,810,111,2,127,94,55,44,47.8,43,4,4,35,35.4,42,0,2,0,0,3.27,0,6.74,8.9,5,0,1,0,0.000,16,7,0,,25.0,2,0,,0,0,0,1,0,0,42.1,43.9,0,0,3,0,1.50,0,93,498,75,384,28,0,277,169,16,36,7500,55,0,,0,30,13,0
gauntlet/20261005-024358-scrim-g4crumb-fill1791167942/losses/Gymhgy.v10official__Foxes__s1249464970__botB.bc24,Gymhgy.v10official,1,B,g4crumb,0,489,CAPTURE,6600,7500,215,2,12,332,5,0,2,183,69,5,118,84,44,55,47.5,2,2,0,0,32.0,45,4,4,0,0,1.56,3,6.84,26.9,96,2,,,,12,6,1,,23.0,0,0,13,0,199,2,12,2,0,40.0,42.9,8,12,0,3,5.75,16,75,384,93,498,0,28,169,277,36,16,7500,47,0,,900,13,0,13
gauntlet/20261005-024358-scrim-g4crumb-fill1791167942/losses/Gymhgy.v10official__Alien__s294018681__botA.bc24,Gymhgy.v10official,1,A,g4crumb,0,2000,MORE_FLAG_CAPTURES,3300,3300,203,11,21,264,49,1,45,815,364,22,286,260,670,514,43.8,46,39,7,0,15.9,39,5,25,4,1,3.18,2,2.47,26.3,82,2,,,,106,30,1,,23.0,0,0,6,0,792,31,13,45,7,26.2,27.9,33,11,0,1,3.16,85,232,872,345,1643,0,29,343,735,282,166,3300,553,0,43,0,8,1,5
gauntlet/20261005-024358-scrim-g4crumb-fill1791167942/losses/Gymhgy.v10official__Alien__s294018681__botA.bc24,Gymhgy.v10official,0,B,v10official,1,2000,MORE_FLAG_CAPTURES,3300,3300,202,45,24,232,78,2,22,781,162,45,366,361,514,670,41.9,75,25,5,45,22.5,38,7,39,1,0,1.81,1,7.72,4.4,454,0,10,1,0.100,87,10,0,,25.1,65,0,,0,0,0,1,0,0,20.0,25.6,1,22,1,0,0.51,0,345,1643,232,872,29,0,735,343,166,282,3300,1278,0,10,0,14,5,1
gauntlet/20261005-024358-scrim-g4crumb-fill1791167942/losses/Gymhgy.v10official__DefaultLarge__s1234233196__botA.bc24,Gymhgy.v10official,1,A,g4crumb,0,2000,MORE_FLAG_CAPTURES,1800,3700,203,0,0,435,44,1,39,769,373,22,299,264,519,515,43.7,41,29,12,0,44.6,45,10,16,4,0,1.81,2,3.71,22.2,172,2,1,0,0.000,115,19,1,,18.8,0,0,1,0,695,13,12,40,3,49.2,50.1,29,16,0,1,4.13,923,242,1153,347,1756,31,49,585,678,224,209,3700,459,0,31,1900,9,0,11
gauntlet/20261005-024358-scrim-g4crumb-fill1791167942/losses/Gymhgy.v10official__DefaultLarge__s1234233196__botA.bc24,Gymhgy.v10official,0,B,v10official,1,2000,MORE_FLAG_CAPTURES,1800,5400,209,43,49,272,82,2,22,882,110,39,374,357,515,519,43.7,79,16,10,53,41.9,43,12,29,4,0,1.40,1,8.65,5.3,520,1,5,1,0.200,122,61,1,,25.1,87,0,,0,0,0,5,0,0,51.0,51.9,1,7,1,0,1.03,0,347,1756,242,1153,49,31,678,585,209,224,5400,2054,0,5,3600,25,11,0
gauntlet/20261005-024358-scrim-g4crumb-fill1791167942/losses/Gymhgy.v10official__DefaultLarge__s947133846__botA.bc24,Gymhgy.v10official,1,A,g4crumb,0,2000,MORE_FLAG_CAPTURES,1800,3700,203,0,0,570,58,0,55,775,363,30,369,322,574,516,43.7,55,46,9,0,44.3,45,12,20,1,0,1.55,1,3.63,20.2,169,1,1,0,0.000,127,14,1,,18.8,0,0,1,0,929,16,20,54,5,49.2,50.2,34,12,0,0,4.35,3,308,1046,311,1507,0,32,280,656,180,232,3700,399,0,32,1900,10,0,18
gauntlet/20261005-024358-scrim-g4crumb-fill1791167942/losses/Gymhgy.v10official__DefaultLarge__s947133846__botA.bc24,Gymhgy.v10official,0,B,v10official,1,2000,MORE_FLAG_CAPTURES,1800,5400,204,46,46,258,78,1,30,882,108,55,341,318,516,574,43.1,75,20,12,43,45.4,46,9,46,1,1,1.76,0,6.42,4.8,377,0,9,0,0.000,179,89,1,,25.1,52,0,,0,0,0,4,0,0,51.0,51.9,1,8,0,0,1.00,0,311,1507,308,1046,32,0,656,280,232,180,5400,1931,0,25,3600,26,18,0
gauntlet/20261005-024358-scrim-g4crumb-fill1791167942/losses/Gymhgy.v10official__DefaultSmall__s110096890__botA.bc24,Gymhgy.v10official,1,A,g4crumb,0,2000,MORE_FLAG_CAPTURES,4100,4100,201,0,5,323,18,0,15,208,91,0,255,219,473,637,42.3,15,13,2,0,19.3,47,0,1,0,0,0.34,1,1.46,42.2,37,1,,,,38,0,1,,20.1,0,0,1,0,1901,38,26,15,3,21.2,24.0,0,0,0,1,16.00,519,213,1291,334,2270,0,5,656,1387,577,3,4100,2,0,12,0,1,0,18
gauntlet/20261005-024358-scrim-g4crumb-fill1791167942/losses/Gymhgy.v10official__DefaultSmall__s110096890__botA.bc24,Gymhgy.v10official,0,B,v10official,1,2000,MORE_FLAG_CAPTURES,4100,4100,201,50,43,226,16,1,0,632,21,15,423,341,637,473,44.2,13,1,0,12,,47,2,13,0,0,1.29,0,13.17,6.1,126,0,4,0,0.000,19,2,1,,25.1,401,0,,0,0,0,0,0,0,24.1,26.8,0,1,1,0,0.54,0,334,2270,213,1291,5,0,1387,656,3,577,4100,237,0,47,0,18,18,0
gauntlet/20261005-024358-scrim-g4crumb-fill1791167942/losses/Gymhgy.v10official__Fountain__s1448660833__botA.bc24,Gymhgy.v10official,1,A,g4crumb,0,748,CAPTURE,1700,2900,208,0,16,281,14,2,9,510,191,16,67,56,99,89,47.2,11,11,0,0,19.2,45,9,13,0,0,2.33,3,4.62,23.0,119,3,,,,30,2,1,,23.0,0,0,208,0,365,4,8,11,4,26.7,28.0,9,8,1,2,2.77,61,48,218,52,211,0,15,61,41,17,2,2900,271,0,,1200,2,3,2
gauntlet/20261005-024358-scrim-g4crumb-fill1791167942/losses/Gymhgy.v10official__Fountain__s1448660833__botA.bc24,Gymhgy.v10official,0,B,v10official,1,748,CAPTURE,1700,2500,210,13,25,293,75,3,16,815,186,9,55,55,89,99,46.8,72,13,9,50,20.1,42,0,11,0,0,1.70,2,8.06,10.4,171,1,5,2,0.400,24,1,0,,25.0,12,0,,0,0,0,1,0,0,21.8,24.9,0,1,2,1,0.27,0,52,211,48,218,15,0,41,61,2,17,2500,204,0,,800,0,2,3
gauntlet/20261005-024358-scrim-g4crumb-fill1791167942/losses/Gymhgy.v10official__GaltonBoard__s859709463__botB.bc24,Gymhgy.v10official,0,A,v10official,1,793,CAPTURE,0,18900,201,9,15,241,30,3,6,639,14,8,288,238,159,160,45.1,27,3,6,18,16.0,37,3,6,0,0,1.41,1,12.69,11.9,68,1,2,1,0.500,9,5,0,,25.1,44,0,,0,0,0,3,0,0,15.0,20.0,0,0,2,0,1.17,2,209,1292,243,1411,19,0,769,527,15,77,18900,107,0,,18900,21,1,15
gauntlet/20261005-024358-scrim-g4crumb-fill1791167942/losses/Gymhgy.v10official__GaltonBoard__s859709463__botB.bc24,Gymhgy.v10official,1,B,g4crumb,0,793,CAPTURE,0,18900,223,3,0,236,12,1,8,312,146,6,267,256,160,159,45.3,9,6,3,0,16.6,40,6,3,0,0,3.10,3,7.77,35.1,25,3,,,,17,1,1,,19.0,0,0,1,0,428,9,13,9,0,19.8,22.6,9,1,0,2,8.33,723,243,1411,209,1292,0,19,527,769,77,15,18900,85,0,,18900,70,15,1
gauntlet/20261005-024358-scrim-g4crumb-fill1791167942/losses/Gymhgy.v10official__Soccer__s1941543925__botA.bc24,Gymhgy.v10official,1,A,g4crumb,0,465,CAPTURE,3000,3100,204,1,22,316,9,0,6,386,128,2,53,49,40,69,46.6,6,6,0,0,29.2,32,1,4,0,0,0.51,3,2.86,24.6,96,2,,,,23,8,0,,23.0,0,0,311,0,214,1,9,6,1,39.1,39.5,5,4,0,3,0.25,219,34,116,67,328,0,1,43,111,42,9,3100,29,0,,100,0,0,8
gauntlet/20261005-024358-scrim-g4crumb-fill1791167942/losses/Gymhgy.v10official__Soccer__s1941543925__botA.bc24,Gymhgy.v10official,0,B,v10official,1,465,CAPTURE,3000,3100,214,34,27,251,37,3,2,708,334,6,78,73,69,40,48.0,34,4,1,29,23.5,32,0,6,0,0,1.18,0,10.61,4.7,122,0,4,0,0.000,13,2,0,,25.0,25,0,,0,0,0,1,0,0,39.1,39.8,0,3,3,0,0.83,0,67,328,34,116,1,0,111,43,9,42,3100,127,0,,100,13,8,0
gauntlet/20261005-024358-scrim-g4crumb-fill1791167942/losses/Gymhgy.v10official__Klein__s85648053__botA.bc24,Gymhgy.v10official,1,A,g4crumb,0,1465,CAPTURE,6200,6400,204,7,6,342,33,0,30,458,197,11,208,178,303,271,45.5,30,21,9,0,21.5,48,3,13,5,0,1.59,3,4.95,22.2,97,3,2,0,0.000,99,8,1,,21.8,0,0,1,0,577,17,15,30,0,10.0,22.3,10,6,0,1,6.77,2876,158,446,139,654,4,28,205,268,92,123,6600,147,0,,200,6,7,5
gauntlet/20261005-024358-scrim-g4crumb-fill1791167942/losses/Gymhgy.v10official__Klein__s85648053__botA.bc24,Gymhgy.v10official,0,B,v10official,1,1465,CAPTURE,7500,9100,202,19,26,203,47,3,11,766,262,30,169,142,271,303,45.0,44,13,3,28,19.3,47,9,21,1,1,3.07,0,6.99,3.6,84,0,5,0,0.000,95,17,0,,25.1,18,0,,0,0,0,4,0,0,24.2,34.0,2,15,1,0,2.48,0,139,654,158,446,28,4,268,205,123,92,9100,313,0,,1600,15,5,7
gauntlet/20261005-024358-scrim-g4crumb-fill1791167942/losses/Gymhgy.v10official__GravitationalWaves__s247323962__botA.bc24,Gymhgy.v10official,1,A,g4crumb,0,2000,MORE_FLAG_CAPTURES,3400,3400,201,27,17,237,10,0,7,263,122,19,235,186,361,244,47.0,7,5,2,0,29.6,17,9,13,0,0,5.07,2,5.92,24.2,46,1,,,,42,9,1,,18.7,0,0,1,0,872,20,14,7,0,22.8,25.9,18,15,0,1,5.31,1168,172,764,239,1327,0,107,210,698,164,34,3400,352,0,28,0,0,1,1
gauntlet/20261005-024358-scrim-g4crumb-fill1791167942/losses/Gymhgy.v10official__GravitationalWaves__s247323962__botA.bc24,Gymhgy.v10official,0,B,v10official,1,2000,MORE_FLAG_CAPTURES,3700,3700,201,27,22,267,60,2,19,743,106,7,274,247,244,361,45.6,57,13,9,35,22.3,11,2,5,2,0,6.76,0,9.41,3.4,2,0,,,,62,1,1,,25.1,48,0,,0,0,0,4,0,0,32.0,33.5,0,3,1,0,1.60,0,239,1327,172,764,107,0,698,210,34,164,4000,112,0,20,0,1,1,1
gauntlet/20261005-024358-scrim-g4crumb-fill1791167942/losses/Gymhgy.v10official__Soccer__s1966705796__botB.bc24,Gymhgy.v10official,0,A,v10official,1,1273,CAPTURE,3000,3200,210,47,44,260,83,3,18,789,345,14,252,231,358,255,45.1,80,14,9,57,33.1,27,2,15,0,1,1.64,1,9.80,4.8,211,1,5,1,0.200,61,26,0,,25.1,80,0,,0,0,0,1,0,0,40.0,40.6,0,2,1,0,0.85,68,217,934,148,694,68,0,298,218,90,193,3200,339,0,,200,11,8,1
gauntlet/20261005-024358-scrim-g4crumb-fill1791167942/losses/Gymhgy.v10official__Soccer__s1966705796__botB.bc24,Gymhgy.v10official,1,B,g4crumb,0,1273,CAPTURE,3000,3000,205,0,0,462,20,1,14,489,174,18,173,164,255,358,43.1,17,15,2,0,33.9,34,9,14,0,0,2.30,3,3.15,23.1,89,3,,,,85,55,0,,23.0,0,0,430,0,643,18,17,17,1,38.1,39.2,22,13,0,1,3.79,194,148,694,217,934,0,68,218,298,193,90,3000,362,0,,0,0,1,8
gauntlet/20261005-024358-scrim-g4crumb-fill1791167942/losses/Gymhgy.v10official__HeMustBeFreed__s496027207__botB.bc24,Gymhgy.v10official,0,A,v10official,1,2000,LEVEL_SUM,5900,15300,201,28,41,254,74,1,25,965,146,15,334,277,436,311,46.2,71,19,7,45,49.8,31,4,12,0,0,0.92,1,4.00,5.0,281,1,3,1,0.333,77,24,1,,25.0,57,0,,0,0,0,4,0,0,57.0,57.0,3,6,0,0,0.83,426,261,1291,145,510,35,3,842,295,42,287,15300,210,0,47,9400,5,3,0
gauntlet/20261005-024358-scrim-g4crumb-fill1791167942/losses/Gymhgy.v10official__HeMustBeFreed__s496027207__botB.bc24,Gymhgy.v10official,1,B,g4crumb,0,2000,LEVEL_SUM,5900,6300,201,15,17,245,19,1,15,701,276,25,197,163,311,436,44.7,16,12,4,0,47.1,35,7,19,1,0,1.37,1,2.19,18.2,201,1,2,0,0.000,115,35,1,,23.0,0,0,43,0,403,3,10,16,2,55.9,56.6,27,17,0,0,0.79,105,145,510,261,1291,3,35,295,842,287,42,6300,311,0,29,400,0,0,3
gauntlet/20261005-024358-scrim-g4crumb-fill1791167942/losses/Gymhgy.v10official__ORV__s77997005__botA.bc24,Gymhgy.v10official,1,A,g4crumb,0,2000,MORE_FLAG_CAPTURES,3200,5300,203,12,7,263,55,1,51,1049,443,15,375,334,631,456,44.4,52,40,12,0,25.4,45,5,13,3,0,2.66,2,2.87,24.8,43,2,,,,95,3,1,,23.0,0,0,202,0,680,26,45,50,8,22.0,27.4,22,17,0,1,6.15,909,315,1292,278,1404,43,4,742,494,90,303,5300,366,0,53,2100,23,3,7
gauntlet/20261005-024358-scrim-g4crumb-fill1791167942/losses/Gymhgy.v10official__ORV__s77997005__botA.bc24,Gymhgy.v10official,0,B,v10official,1,2000,MORE_FLAG_CAPTURES,3200,5900,207,31,30,249,43,2,15,711,47,51,309,291,456,631,42.4,40,13,5,22,27.5,48,12,40,3,1,2.88,1,10.35,5.8,368,1,10,1,0.100,200,134,0,,25.1,68,0,,0,0,0,5,0,0,26.0,29.0,1,14,1,0,0.90,1,278,1404,315,1292,4,43,494,742,303,90,5900,1110,0,17,2700,20,7,3
gauntlet/20261005-024358-scrim-g4crumb-fill1791167942/losses/Gymhgy.v10official__StarryNight__s224749714__botA.bc24,Gymhgy.v10official,1,A,g4crumb,0,396,CAPTURE,13600,18900,201,23,19,220,3,0,0,162,78,3,189,156,48,69,46.4,0,0,0,0,,47,3,3,0,0,3.90,3,0.00,37.1,20,3,,,,4,0,1,,17.9,0,0,1,0,212,8,10,0,0,18.0,21.3,4,2,0,3,8.67,504,145,769,94,537,0,81,157,347,49,11,18900,16,0,,5300,61,14,4
gauntlet/20261005-024358-scrim-g4crumb-fill1791167942/losses/Gymhgy.v10official__StarryNight__s224749714__botA.bc24,Gymhgy.v10official,0,B,v10official,1,396,CAPTURE,13400,18900,201,25,18,204,28,3,3,643,212,0,198,128,69,48,47.1,25,3,3,19,15.0,47,0,0,0,0,0.00,0,10.46,20.1,,,,,,3,0,1,,25.0,17,0,,0,0,0,1,0,0,21.4,25.1,0,0,3,0,,0,94,537,145,769,81,0,347,157,11,49,18900,0,0,,5500,19,4,14
gauntlet/20261005-024358-scrim-g4crumb-fill1791167942/losses/Gymhgy.v10official__Hurricane__s1464320971__botB.bc24,Gymhgy.v10official,0,A,v10official,1,2000,MORE_FLAG_CAPTURES,4500,4500,201,17,25,204,75,1,46,994,248,44,270,219,288,346,45.8,72,41,7,24,16.8,42,4,40,2,1,2.01,0,6.84,3.1,397,0,12,0,0.000,141,13,1,,25.1,85,0,,0,0,0,1,0,0,24.8,34.0,0,8,0,0,1.15,0,212,1071,215,619,110,0,580,234,78,116,4500,1024,0,41,0,9,7,14
gauntlet/20261005-024358-scrim-g4crumb-fill1791167942/losses/Gymhgy.v10official__Hurricane__s1464320971__botB.bc24,Gymhgy.v10official,1,B,g4crumb,0,2000,MORE_FLAG_CAPTURES,4500,4500,201,21,34,216,47,0,44,881,409,46,255,225,346,288,46.5,44,40,4,0,28.4,46,7,41,1,0,2.33,1,2.44,16.2,208,1,2,0,0.000,124,5,1,,20.7,0,0,1,0,1355,61,12,44,5,19.8,27.4,46,32,0,0,3.88,30,215,619,212,1071,0,110,234,580,116,78,4500,981,0,52,0,5,14,7
gauntlet/20261005-024358-scrim-g4crumb-fill1791167942/losses/Gymhgy.v10official__TwistedTreeline__s1378045244__botB.bc24,Gymhgy.v10official,0,A,v10official,1,523,CAPTURE,2400,2400,203,32,41,244,50,3,9,772,94,5,77,64,84,31,48.6,47,4,8,35,14.2,45,1,5,0,0,0.59,1,11.59,4.5,336,1,5,1,0.200,10,7,0,,25.1,18,0,,0,0,0,1,0,0,38.6,42.9,2,19,3,1,0.00,0,57,214,32,161,30,9,44,86,11,59,2400,141,0,,0,6,8,2
gauntlet/20261005-024358-scrim-g4crumb-fill1791167942/losses/Gymhgy.v10official__TwistedTreeline__s1378045244__botB.bc24,Gymhgy.v10official,1,B,g4crumb,0,523,CAPTURE,2400,2400,203,14,27,277,9,1,5,470,196,9,44,38,31,84,46.4,6,5,1,0,14.4,46,8,4,0,0,2.10,3,3.49,19.8,83,3,,,,14,3,1,,23.2,0,0,13,0,190,0,16,6,1,23.0,36.2,12,8,1,3,4.50,819,32,161,57,214,9,30,86,44,59,11,2400,89,0,,0,1,2,8
gauntlet/20261005-024358-scrim-g4crumb-fill1791167942/replays/Gymhgy.v10official__Ambush__s1130047773__botA.bc24,Gymhgy.v10official,1,A,g4crumb,1,333,CAPTURE,2300,4700,201,14,8,201,6,3,0,150,71,2,64,49,26,19,48.6,3,3,0,0,,49,1,4,0,0,3.91,2,2.71,26.4,15,1,,,,10,2,1,,23.0,0,0,2,0,139,5,5,16,0,12.1,15.2,6,4,3,2,8.00,477,40,149,43,197,5,69,66,90,12,11,4700,59,0,,2400,25,12,11
gauntlet/20261005-024358-scrim-g4crumb-fill1791167942/replays/Gymhgy.v10official__Ambush__s1130047773__botA.bc24,Gymhgy.v10official,0,B,v10official,0,333,CAPTURE,2000,4700,201,12,28,201,21,2,2,646,220,0,59,47,19,26,48.2,18,4,1,13,6.5,49,0,3,0,0,0.77,3,10.04,8.3,47,2,1,1,1.000,7,1,1,,25.0,11,0,,0,0,0,1,0,0,7.6,11.5,0,0,2,3,0.67,171,43,197,40,149,69,5,90,66,11,12,4700,0,0,,2700,20,11,12
gauntlet/20261005-024358-scrim-g4crumb-fill1791167942/losses/Gymhgy.v10official__Soccer__s393163430__botA.bc24,Gymhgy.v10official,1,A,g4crumb,0,2000,MORE_FLAG_CAPTURES,3000,3000,204,2,0,419,40,1,36,692,256,38,281,272,577,593,42.8,37,31,6,0,33.1,33,13,30,1,0,3.05,2,2.92,22.8,96,2,,,,119,26,0,,23.0,0,0,427,0,996,16,17,36,7,39.1,39.5,37,15,1,0,3.43,252,244,867,369,1788,0,114,234,629,312,101,3000,864,0,22,0,0,0,7
gauntlet/20261005-024358-scrim-g4crumb-fill1791167942/losses/Gymhgy.v10official__Soccer__s393163430__botA.bc24,Gymhgy.v10official,0,B,v10official,1,2000,MORE_FLAG_CAPTURES,3000,3200,210,33,36,300,83,2,38,839,384,36,395,382,593,577,43.0,80,30,13,37,35.9,33,6,31,9,1,1.94,1,5.56,3.7,302,1,4,1,0.250,127,22,0,,25.1,70,0,,0,0,0,1,0,0,40.0,40.2,2,14,0,1,1.29,12,369,1788,244,867,114,0,629,234,101,312,3200,987,0,11,200,13,7,0
gauntlet/20261005-024358-scrim-g4crumb-fill1791167942/losses/Gymhgy.v10official__StarryNight__s1180873906__botB.bc24,Gymhgy.v10official,0,A,v10official,1,1976,CAPTURE,13400,18900,201,26,16,225,21,3,4,628,219,34,419,411,502,805,40.1,18,5,2,11,20.3,48,12,24,2,2,2.75,2,9.32,7.5,128,0,2,2,1.000,147,51,1,,25.1,40,0,,0,0,0,4,0,0,21.4,25.0,1,8,1,0,2.54,433,378,2168,433,1847,25,16,1060,733,381,151,18900,697,0,-19,5500,28,2,14
gauntlet/20261005-024358-scrim-g4crumb-fill1791167942/losses/Gymhgy.v10official__StarryNight__s1180873906__botB.bc24,Gymhgy.v10official,1,B,g4crumb,0,1976,CAPTURE,13600,18900,201,20,18,253,39,2,34,483,220,4,491,461,805,502,43.8,36,24,12,0,18.7,47,2,5,5,2,1.51,3,5.33,28.0,21,3,,,,92,16,1,,18.8,0,0,1,0,733,21,12,36,4,18.0,21.3,3,1,0,1,6.40,2075,433,1847,378,2168,16,25,733,1060,151,381,18900,39,0,43,5300,56,14,2
gauntlet/20261005-024358-scrim-g4crumb-fill1791167942/losses/Gymhgy.v10official__Yinyang__s16106621__botA.bc24,Gymhgy.v10official,1,A,g4crumb,0,732,CAPTURE,2900,3200,201,16,27,257,14,2,9,250,117,8,107,82,177,128,45.9,11,10,1,0,16.7,47,4,8,0,0,5.04,3,6.18,26.5,6,3,,,,23,3,1,,19.4,0,0,1,0,436,9,17,11,0,11.0,16.5,9,7,2,1,9.63,672,76,375,80,456,3,24,129,88,42,53,3200,123,0,,300,0,4,6
gauntlet/20261005-024358-scrim-g4crumb-fill1791167942/losses/Gymhgy.v10official__Yinyang__s16106621__botA.bc24,Gymhgy.v10official,0,B,v10official,1,732,CAPTURE,2900,3200,201,15,1,257,36,3,8,644,20,9,96,94,128,177,44.3,33,8,4,21,10.8,48,1,10,0,0,2.93,2,13.45,9.5,73,1,4,2,0.500,42,23,1,,25.1,42,0,,0,0,0,8,0,0,15.0,19.8,0,1,1,2,1.40,255,80,456,76,375,24,3,88,129,53,42,3200,214,0,,300,13,6,4
gauntlet/20261005-024358-scrim-g4crumb-fill1791167942/replays/Gymhgy.v10official__Checkered__s762417692__botA.bc24,Gymhgy.v10official,1,A,g4crumb,1,652,CAPTURE,4800,4800,201,24,24,216,9,3,3,243,117,22,104,91,89,158,44.4,6,6,0,0,17.0,47,9,20,0,0,3.39,2,2.31,27.0,81,2,,,,38,16,1,,18.6,0,0,1,0,591,5,8,6,0,19.0,20.6,20,9,2,2,5.15,45,76,265,113,551,0,133,88,251,136,13,4800,469,0,,0,18,14,2
gauntlet/20261005-024358-scrim-g4crumb-fill1791167942/replays/Gymhgy.v10official__Checkered__s762417692__botA.bc24,Gymhgy.v10official,0,B,v10official,0,652,CAPTURE,4800,4800,201,17,33,205,83,2,22,852,286,3,144,132,158,89,46.8,80,20,9,51,15.4,47,0,6,0,0,1.36,3,7.74,5.2,91,2,5,3,0.600,23,4,1,,25.0,3,0,,0,0,0,6,0,0,14.0,18.1,0,0,2,2,0.83,192,113,551,76,265,133,0,251,88,13,136,4800,44,0,,0,2,2,14
gauntlet/20261005-024358-scrim-g4crumb-fill1791167942/losses/Gymhgy.v10official__Waterworld__s794570403__botB.bc24,Gymhgy.v10official,0,A,v10official,1,2000,MORE_FLAG_CAPTURES,13900,22000,212,17,30,265,35,2,4,681,250,47,395,381,539,653,42.1,32,2,4,26,17.8,38,7,40,0,0,1.52,0,9.60,5.9,621,0,13,0,0.000,85,27,0,,25.0,52,0,,0,0,0,4,0,0,34.4,37.7,1,15,2,0,0.78,0,346,1757,267,1275,35,18,674,700,245,149,22000,1238,0,18,8100,10,3,8
gauntlet/20261005-024358-scrim-g4crumb-fill1791167942/losses/Gymhgy.v10official__Waterworld__s794570403__botB.bc24,Gymhgy.v10official,1,B,g4crumb,0,2000,MORE_FLAG_CAPTURES,13900,16000,210,1,26,318,50,0,47,1159,553,4,314,284,653,539,43.5,47,40,7,0,28.0,46,4,2,2,0,1.58,2,2.75,24.7,47,2,,,,106,6,1,,19.3,0,0,1,0,600,25,11,46,11,27.0,34.0,3,3,0,2,3.00,1624,267,1275,346,1757,18,35,700,674,149,245,16000,41,0,36,2100,19,8,3
gauntlet/20261005-024358-scrim-g4crumb-fill1791167942/replays/Gymhgy.v10official__Foxes__s212296836__botA.bc24,Gymhgy.v10official,1,A,g4crumb,1,749,CAPTURE,7500,7500,203,6,25,281,16,3,10,797,386,10,133,126,105,150,45.1,13,13,0,0,29.6,43,6,7,0,0,1.23,2,2.27,21.8,96,2,,,,69,22,1,,18.4,0,0,1,0,291,3,9,13,2,29.0,39.9,15,8,1,2,3.57,666,106,471,123,564,1,6,167,324,97,38,7500,108,0,,0,21,2,12
gauntlet/20261005-024358-scrim-g4crumb-fill1791167942/replays/Gymhgy.v10official__Foxes__s212296836__botA.bc24,Gymhgy.v10official,0,B,v10official,0,749,CAPTURE,7500,7500,204,35,40,245,56,2,10,737,81,10,175,148,150,105,46.7,53,7,6,40,35.3,42,0,13,0,0,0.62,3,13.88,6.1,588,3,8,3,0.375,37,17,0,,25.1,57,0,,0,0,0,3,0,0,44.0,46.0,0,7,2,1,0.46,3,123,564,106,471,6,1,324,167,38,97,7500,174,0,,0,30,12,2
gauntlet/20261005-024358-scrim-g4crumb-fill1791167942/replays/Gymhgy.v10official__Canals__s1264384077__botB.bc24,Gymhgy.v10official,0,A,v10official,0,2000,LEVEL_SUM,4600,5000,206,33,13,235,76,2,20,922,217,31,353,347,449,738,41.1,73,15,8,50,22.2,48,4,29,1,1,1.94,2,9.69,6.3,371,1,9,1,0.111,210,165,1,,25.1,111,0,,0,0,0,1,0,0,26.9,35.3,0,9,1,0,1.41,930,302,1699,381,1671,30,34,591,649,452,152,5000,1042,0,-3,400,14,5,0
gauntlet/20261005-024358-scrim-g4crumb-fill1791167942/replays/Gymhgy.v10official__Canals__s1264384077__botB.bc24,Gymhgy.v10official,1,B,g4crumb,1,2000,LEVEL_SUM,4600,5900,213,13,21,266,36,2,31,818,394,20,446,405,738,449,44.5,33,29,4,0,25.0,47,8,15,2,0,1.47,2,4.76,23.1,196,2,3,0,0.000,111,33,1,,21.0,0,0,1,0,744,25,13,33,6,18.0,31.5,25,18,0,1,3.27,2031,381,1671,302,1699,34,30,649,591,152,452,5900,272,0,56,1300,12,0,5
gauntlet/20261005-024358-scrim-g4crumb-fill1791167942/replays/Gymhgy.v10official__DefaultLarge__s993512639__botB.bc24,Gymhgy.v10official,0,A,v10official,0,1857,CAPTURE,1800,5000,202,47,48,294,83,2,13,859,100,20,286,283,368,574,42.5,80,9,6,65,31.9,45,10,13,0,1,1.10,3,10.39,5.1,407,3,5,3,0.600,122,79,1,,25.1,61,0,,0,0,0,5,0,0,51.0,51.9,0,5,0,1,2.38,218,277,1444,269,1117,20,55,633,599,305,132,5000,366,0,-1,3200,18,10,2
gauntlet/20261005-024358-scrim-g4crumb-fill1791167942/replays/Gymhgy.v10official__DefaultLarge__s993512639__botB.bc24,Gymhgy.v10official,1,B,g4crumb,1,1857,CAPTURE,1800,4100,303,0,0,335,26,3,20,572,281,13,326,282,574,368,45.2,23,13,10,0,45.0,46,6,9,4,1,1.07,2,7.85,21.8,176,2,,,,63,4,1,,18.6,0,0,1,0,558,30,13,21,1,48.8,49.1,26,10,1,0,6.33,94,269,1117,277,1444,55,20,599,633,132,305,4100,185,0,37,2300,7,2,10
gauntlet/20261005-024358-scrim-g4crumb-fill1791167942/replays/Gymhgy.v10official__Digging__s342341296__botB.bc24,Gymhgy.v10official,0,A,v10official,0,1821,CAPTURE,700,2800,207,41,46,296,46,2,8,694,140,29,272,269,413,708,40.5,43,7,4,32,22.9,40,11,21,0,0,2.47,3,11.93,5.5,135,0,4,2,0.500,112,85,0,,25.1,182,0,,0,0,0,4,0,0,25.0,29.9,0,2,2,0,1.24,1836,248,1566,245,1126,67,108,392,632,343,31,3400,419,0,-31,2100,5,5,4
gauntlet/20261005-024358-scrim-g4crumb-fill1791167942/replays/Gymhgy.v10official__Digging__s342341296__botB.bc24,Gymhgy.v10official,1,B,g4crumb,1,1821,CAPTURE,700,2200,329,0,0,541,35,3,29,618,240,8,287,254,708,413,44.5,32,21,11,0,23.6,46,4,7,9,2,2.90,2,5.83,27.5,46,2,,,,48,4,1,,23.0,0,0,205,0,300,2,16,31,3,26.9,29.7,9,5,0,2,1.71,616,245,1126,248,1566,108,67,632,392,31,343,2200,139,0,28,1500,6,4,5
gauntlet/20261005-024358-scrim-g4crumb-fill1791167942/replays/Gymhgy.v10official__EndAround__s1645044119__botA.bc24,Gymhgy.v10official,1,A,g4crumb,1,2000,LEVEL_SUM,2500,5800,211,1,15,362,48,0,44,764,307,36,289,257,387,413,45.0,45,42,3,0,23.4,47,12,26,2,0,3.66,0,2.46,17.1,68,0,1,0,0.000,114,6,1,,23.0,0,0,36,0,810,10,10,44,10,30.0,35.5,44,26,0,0,2.04,0,236,829,271,1243,24,84,375,497,104,93,6100,1222,0,29,3300,3,3,4
gauntlet/20261005-024358-scrim-g4crumb-fill1791167942/replays/Gymhgy.v10official__EndAround__s1645044119__botA.bc24,Gymhgy.v10official,0,B,v10official,0,2000,LEVEL_SUM,2200,5500,211,13,23,273,74,0,36,840,199,44,307,284,413,387,45.3,71,26,12,33,24.6,46,3,42,10,0,2.37,0,6.94,4.1,346,0,8,0,0.000,124,6,0,,25.1,99,0,,0,0,0,4,0,0,21.0,32.4,1,19,0,0,0.78,0,271,1243,236,829,84,24,497,375,93,104,5500,2277,0,13,3300,11,4,3
gauntlet/20261005-024358-scrim-g4crumb-fill1791167942/replays/Gymhgy.v10official__FloodGates__s1779462637__botA.bc24,Gymhgy.v10official,1,A,g4crumb,1,2000,MORE_FLAG_CAPTURES,500,1700,246,0,7,325,10,1,6,153,69,1,240,157,424,289,46.5,7,7,0,0,15.8,24,0,1,0,0,12.17,0,3.92,31.1,0,0,,,,16,0,1,,19.7,0,0,1,0,862,163,13,7,1,18.4,20.6,3,1,0,0,17.00,0,156,758,166,1176,0,10,355,591,34,25,1700,35,0,12,1200,2,8,4
gauntlet/20261005-024358-scrim-g4crumb-fill1791167942/replays/Gymhgy.v10official__FloodGates__s1779462637__botA.bc24,Gymhgy.v10official,0,B,v10official,0,2000,MORE_FLAG_CAPTURES,500,1700,208,16,37,261,6,0,1,597,4,6,216,172,289,424,44.8,3,1,0,2,16.0,25,0,7,0,0,1.33,1,11.33,6.6,54,1,2,1,0.500,36,14,0,,25.1,120,0,,0,0,0,2,0,0,11.2,19.6,0,0,0,0,1.14,3,166,1176,156,758,10,0,591,355,25,34,1700,148,0,17,1200,2,4,8
gauntlet/20261005-024358-scrim-g4crumb-fill1791167942/replays/Gymhgy.v10official__Gauntlet__s1824996807__botB.bc24,Gymhgy.v10official,0,A,v10official,0,1966,CAPTURE,2100,3500,204,27,41,235,68,2,16,785,75,45,342,325,531,597,42.7,65,12,7,46,22.4,37,6,42,2,0,1.48,3,9.56,6.2,698,1,17,2,0.118,131,77,0,,25.1,116,0,,0,0,0,4,0,0,36.0,36.7,0,15,2,0,0.86,415,304,1535,231,1233,50,82,377,483,263,173,3500,937,0,10,1400,6,6,5
gauntlet/20261005-024358-scrim-g4crumb-fill1791167942/replays/Gymhgy.v10official__Gauntlet__s1824996807__botB.bc24,Gymhgy.v10official,1,B,g4crumb,1,1966,CAPTURE,2100,2100,206,0,0,466,51,3,45,1246,561,16,266,246,597,531,43.4,48,42,6,0,27.0,35,7,12,6,2,3.05,2,4.19,22.6,88,2,,,,112,25,0,,23.0,0,0,408,0,632,18,17,47,5,32.0,34.8,20,5,0,2,4.08,698,231,1233,304,1535,82,50,483,377,173,263,2100,344,0,19,0,6,5,6
gauntlet/20261005-024358-scrim-g4crumb-fill1791167942/replays/Gymhgy.v10official__MIT__s339392329__botA.bc24,Gymhgy.v10official,1,A,g4crumb,1,727,CAPTURE,7200,30400,202,25,28,212,13,3,7,649,316,13,346,294,130,65,47.8,10,10,0,0,27.4,49,6,8,0,0,1.23,1,2.98,22.3,322,1,4,0,0.000,19,1,1,,18.6,0,0,1,0,280,12,10,10,3,29.0,45.8,12,12,1,1,2.13,12,279,868,103,540,41,89,168,356,3,25,30400,175,0,,23200,42,11,0
gauntlet/20261005-024358-scrim-g4crumb-fill1791167942/replays/Gymhgy.v10official__MIT__s339392329__botA.bc24,Gymhgy.v10official,0,B,v10official,0,727,CAPTURE,7200,26800,214,0,28,288,39,1,13,1038,201,7,146,108,65,130,45.8,36,8,6,22,24.8,47,0,10,0,0,0.85,3,4.08,10.0,432,2,6,3,0.500,43,22,0,,25.0,7,0,,0,0,0,2,0,0,23.1,41.4,0,4,1,1,0.50,0,103,540,279,868,89,41,356,168,25,3,26800,140,0,,19600,16,0,11
gauntlet/20261005-024358-scrim-g4crumb-fill1791167942/replays/Gymhgy.v10official__Starfish__s229641017__botA.bc24,Gymhgy.v10official,1,A,g4crumb,1,946,CAPTURE,4100,4100,201,18,20,201,21,3,15,491,226,13,96,69,362,134,46.6,18,14,4,0,11.9,37,8,7,0,0,8.77,2,2.92,26.8,0,2,,,,29,5,1,,23.1,0,0,7,0,343,5,11,16,1,9.0,10.0,9,1,1,2,8.43,2188,61,226,56,291,11,0,71,138,33,136,4100,236,0,,0,1,20,2
gauntlet/20261005-024358-scrim-g4crumb-fill1791167942/replays/Gymhgy.v10official__Starfish__s229641017__botA.bc24,Gymhgy.v10official,0,B,v10official,0,946,CAPTURE,4100,4200,201,15,21,201,27,2,13,626,212,15,61,59,134,362,40.8,24,7,8,9,8.2,41,4,14,0,0,2.00,3,9.00,7.8,155,2,2,0,0.000,46,26,0,,25.1,24,0,,0,0,0,4,0,0,7.8,14.0,0,0,2,1,2.57,2523,56,291,61,226,0,11,138,71,136,33,4200,236,0,,100,2,2,20
gauntlet/20261005-024358-scrim-g4crumb-fill1791167942/replays/Gymhgy.v10official__Yinyang__s828974882__botB.bc24,Gymhgy.v10official,0,A,v10official,0,534,CAPTURE,2900,3200,201,19,29,208,29,2,5,655,21,3,71,62,75,82,46.3,26,6,3,17,14.8,47,0,6,0,0,1.36,3,12.02,9.4,104,2,2,1,0.500,17,7,1,,25.0,35,0,,0,0,0,3,0,0,15.0,19.1,0,1,2,3,1.33,157,55,299,57,295,28,1,118,94,18,32,3200,102,0,,300,13,5,11
gauntlet/20261005-024358-scrim-g4crumb-fill1791167942/replays/Gymhgy.v10official__Yinyang__s828974882__botB.bc24,Gymhgy.v10official,1,B,g4crumb,1,534,CAPTURE,2900,3200,201,17,19,237,9,3,3,252,119,5,77,66,82,75,46.9,6,6,0,0,20.0,47,3,6,0,0,3.22,2,3.74,28.3,17,2,,,,18,8,1,,18.3,0,0,1,0,324,3,11,6,0,11.0,18.2,7,7,3,2,5.67,1104,57,295,55,299,1,28,94,118,32,18,3200,112,0,,300,5,11,5
gauntlet/20261005-024358-scrim-g4crumb-fill1791167942/replays/Gymhgy.v10official__Hurricane__s154936280__botB.bc24,Gymhgy.v10official,0,A,v10official,0,2000,MORE_FLAG_CAPTURES,4500,4500,201,5,5,209,12,0,4,633,118,89,304,247,330,245,47.0,9,4,0,5,19.0,46,15,76,0,0,1.44,1,4.38,3.0,1168,1,33,1,0.030,79,16,1,,25.1,68,0,,0,0,0,2,0,0,22.5,33.0,0,47,0,0,0.56,0,222,849,153,558,0,33,310,260,83,77,4500,2746,0,45,0,0,8,9
gauntlet/20261005-024358-scrim-g4crumb-fill1791167942/replays/Gymhgy.v10official__Hurricane__s154936280__botB.bc24,Gymhgy.v10official,1,B,g4crumb,1,2000,MORE_FLAG_CAPTURES,4500,4500,201,34,42,213,94,1,89,1957,903,4,251,161,245,330,46.0,91,76,15,0,21.8,47,0,4,6,1,1.98,0,2.78,15.6,25,0,,,,133,1,1,,20.7,0,0,1,0,557,51,20,88,29,19.8,31.7,8,3,0,0,4.25,0,153,558,222,849,33,0,260,310,77,83,4500,122,0,42,0,4,9,8
gauntlet/20261005-024358-scrim-g4crumb-fill1791167942/replays/Gymhgy.v10official__ORV__s345319997__botB.bc24,Gymhgy.v10official,0,A,v10official,0,2000,LEVEL_SUM,3200,6200,204,24,37,240,35,2,6,660,120,27,325,324,441,738,41.1,32,6,3,23,17.5,46,3,26,2,0,1.82,2,10.81,6.1,210,1,6,2,0.333,170,144,0,,25.1,39,0,,0,0,0,1,0,0,21.2,26.3,0,7,2,1,0.88,998,315,1726,318,1634,19,5,737,760,370,109,6200,817,0,-10,3000,15,5,7
gauntlet/20261005-024358-scrim-g4crumb-fill1791167942/replays/Gymhgy.v10official__ORV__s345319997__botB.bc24,Gymhgy.v10official,1,B,g4crumb,1,2000,LEVEL_SUM,3200,5000,210,9,1,235,32,2,27,656,257,6,359,331,738,441,44.6,29,26,3,0,23.3,47,3,6,1,0,2.03,2,3.33,25.0,30,2,,,,93,7,1,,23.0,0,0,74,0,731,14,11,29,3,18.0,23.6,12,6,1,2,8.83,3126,318,1634,315,1726,5,19,760,737,109,370,5000,62,0,27,1800,19,7,5
gauntlet/20261005-024358-scrim-g4crumb-fill1791167942/replays/Gymhgy.v10official__Tunnels__s1859206450__botB.bc24,Gymhgy.v10official,0,A,v10official,0,2000,LEVEL_SUM,2400,3300,215,1,2,330,3,0,0,591,102,0,240,182,211,421,44.9,0,0,0,0,,20,0,0,0,0,0.00,0,0.00,9.2,,,,,,1,0,0,,25.1,390,0,,0,0,0,4,0,0,13.6,18.1,0,0,0,0,,0,182,1009,131,665,0,0,555,422,27,3,3300,0,0,32,900,10,3,3
gauntlet/20261005-024358-scrim-g4crumb-fill1791167942/replays/Gymhgy.v10official__Tunnels__s1859206450__botB.bc24,Gymhgy.v10official,1,B,g4crumb,1,2000,LEVEL_SUM,2400,3300,216,0,0,0,3,0,0,138,8,0,205,131,421,211,47.4,0,0,0,0,,31,0,0,0,0,0.00,0,0.00,31.1,,,,,,1,0,1,,23.0,0,0,203,0,48,7,2,0,0,17.3,18.4,0,0,0,0,,0,131,665,182,1009,0,0,422,555,3,27,3300,0,0,32,900,4,3,3
