file,opp,us,team,name,won,rounds,wintype,gathered200,gathered400,firstEnemySide,inEnemy250,inEnemy300,firstFlagSight,pickups,captured,carrierDeaths,carrierRounds,carrierMoves,enemyCarrierKills,trapsBuilt,trapsHit,kills,deaths,meanAlive,postPickups,firstGrabs,regrabs,relayPickups,carrierDeathDist,damStage199,enemyRegrabs,enemyFirstGrabs,regrabsLate,capturedLate,chasers20,enemyCaptured,escorts20,stillPost,enemyUnseenRounds,unopposedCaps,longTrips25,longCaps25,longCapRate,loneDeaths,trickleDeaths,symOk,psymOk,maxBcK,overruns,exceptions,symDecidedRound,symWrong,alertWrites,alertNoThreat,maxParkOnHome,efStaleCarry,efStaleLoc,flagDistMin,flagDistMean,carrierStunBuilds,carrierStunned,captured600,enemyCaptured600,defNearAtGrab20,capturedHomeRounds
gauntlet/20261003-233321-scrim-g3lost-fill1791069953/losses/CyrilSharma.finalBot__Capacitance__botA.bc24,CyrilSharma.finalBot,1,A,g3lost,0,455,CAPTURE,3600,5000,201,13,6,205,4,0,1,178,84,15,84,66,90,78,46.0,1,1,0,0,8.0,48,13,5,0,0,2.48,3,4.50,42.5,99,0,3,2,0.667,9,3,1,,23.2,0,0,1,0,231,3,15,1,0,10.0,18.2,7,6,0,3,7.60,940
gauntlet/20261003-233321-scrim-g3lost-fill1791069953/losses/CyrilSharma.finalBot__Capacitance__botA.bc24,CyrilSharma.finalBot,0,B,finalBot,1,455,CAPTURE,3600,5000,201,18,22,210,18,3,15,219,105,1,148,123,78,90,45.3,18,5,13,0,13.5,42,0,1,0,0,11.00,0,5.72,41.2,0,0,,,,11,1,1,,25.0,3,0,303,1,0,0,4,0,0,10.0,18.1,0,0,3,0,9.00,0
gauntlet/20261003-233321-scrim-g3lost-fill1791069953/losses/CyrilSharma.finalBot__Decision__botA.bc24,CyrilSharma.finalBot,1,A,g3lost,0,718,CAPTURE,1900,2400,202,23,26,244,11,0,8,352,133,14,64,58,67,73,47.5,8,6,2,0,41.1,39,10,7,0,0,0.94,3,1.61,59.3,341,2,3,3,1.000,26,2,1,,23.0,0,0,24,0,417,7,74,8,0,51.0,53.0,9,8,0,1,4.71,2
gauntlet/20261003-233321-scrim-g3lost-fill1791069953/losses/CyrilSharma.finalBot__Decision__botA.bc24,CyrilSharma.finalBot,0,B,finalBot,1,718,CAPTURE,1100,1200,202,35,31,246,17,3,14,423,199,8,113,93,73,67,47.7,17,7,10,0,51.7,24,2,6,0,0,1.04,0,5.93,45.6,117,0,2,0,0.000,22,2,0,,25.0,2,0,261,1,0,0,5,0,0,51.0,51.0,1,1,1,0,3.00,0
gauntlet/20261003-233321-scrim-g3lost-fill1791069953/losses/CyrilSharma.finalBot__Asteroids__botB.bc24,CyrilSharma.finalBot,0,A,finalBot,1,950,CAPTURE,800,4400,210,32,22,250,18,3,15,320,148,12,225,217,178,193,45.1,18,9,9,0,35.7,36,2,11,0,0,0.87,1,4.65,45.5,156,1,3,1,0.333,55,4,0,,25.1,6,0,533,1,0,0,7,0,0,32.0,35.7,3,13,1,0,2.18,80
gauntlet/20261003-233321-scrim-g3lost-fill1791069953/losses/CyrilSharma.finalBot__Asteroids__botB.bc24,CyrilSharma.finalBot,1,B,g3lost,0,950,CAPTURE,800,1900,210,20,19,224,16,1,12,376,111,15,108,90,193,178,45.4,13,11,2,0,27.2,40,9,9,0,0,1.63,3,2.24,47.5,191,1,4,3,0.750,47,2,1,,23.0,0,0,210,0,402,4,21,13,1,37.5,38.8,14,16,0,1,4.89,157
gauntlet/20261003-233321-scrim-g3lost-fill1791069953/losses/CyrilSharma.finalBot__DefaultLarge__botA.bc24,CyrilSharma.finalBot,1,A,g3lost,0,2000,MORE_FLAG_CAPTURES,1800,3200,202,0,1,388,3,0,0,22,8,23,245,184,584,651,42.0,0,0,0,0,,44,15,9,0,0,4.02,1,0.00,42.7,100,0,2,1,0.500,43,10,1,,19.3,0,0,1,0,390,7,10,0,0,49.2,50.2,11,6,0,1,7.78,18
gauntlet/20261003-233321-scrim-g3lost-fill1791069953/losses/CyrilSharma.finalBot__DefaultLarge__botA.bc24,CyrilSharma.finalBot,0,B,finalBot,1,2000,MORE_FLAG_CAPTURES,1800,5900,202,28,29,268,24,1,23,211,91,0,614,606,651,584,42.9,24,9,15,0,47.4,41,0,0,7,0,0.00,0,4.47,37.5,,,,,,60,3,1,,25.1,90,0,468,1,0,0,3,0,0,44.0,47.7,0,0,1,0,,0
gauntlet/20261003-233321-scrim-g3lost-fill1791069953/losses/CyrilSharma.finalBot__Alien__botA.bc24,CyrilSharma.finalBot,1,A,g3lost,0,1668,CAPTURE,3300,3300,202,0,4,386,6,0,3,127,48,50,218,210,539,819,38.2,3,3,0,0,12.7,42,30,23,0,0,2.50,3,2.55,45.1,273,1,9,3,0.333,137,119,1,,23.0,0,0,8,0,908,11,17,3,0,25.6,27.7,50,37,0,0,3.65,97
gauntlet/20261003-233321-scrim-g3lost-fill1791069953/losses/CyrilSharma.finalBot__Alien__botA.bc24,CyrilSharma.finalBot,0,B,finalBot,1,1668,CAPTURE,3300,3300,204,36,31,278,53,3,50,747,321,3,644,602,819,539,42.1,53,23,30,0,23.4,40,0,3,4,2,3.05,0,5.35,42.4,4,0,,,,52,1,0,,25.0,3,0,540,1,0,0,5,0,0,13.0,17.0,0,0,0,0,2.67,0
gauntlet/20261003-233321-scrim-g3lost-fill1791069953/losses/CyrilSharma.finalBot__DefaultSmall__botB.bc24,CyrilSharma.finalBot,0,A,finalBot,1,2000,MORE_FLAG_CAPTURES,4100,4100,202,38,42,229,6,2,4,122,54,0,696,687,786,819,40.1,6,2,4,0,21.0,41,0,0,0,0,0.00,0,5.97,39.2,,,,,,23,1,1,,25.0,55,0,436,1,0,0,7,0,0,21.2,23.6,0,0,2,0,,0
gauntlet/20261003-233321-scrim-g3lost-fill1791069953/losses/CyrilSharma.finalBot__DefaultSmall__botB.bc24,CyrilSharma.finalBot,1,B,g3lost,0,2000,MORE_FLAG_CAPTURES,4100,4100,201,0,0,1906,3,0,0,11,2,4,246,224,819,786,40.5,0,0,0,0,,47,4,2,0,0,2.41,2,0.00,46.6,68,0,2,2,1.000,33,8,1,,19.7,0,0,1,0,430,0,25,0,0,21.2,24.0,5,3,0,2,12.50,22272
gauntlet/20261003-233321-scrim-g3lost-fill1791069953/losses/CyrilSharma.finalBot__Duck__botB.bc24,CyrilSharma.finalBot,0,A,finalBot,1,1551,CAPTURE,2800,2800,203,38,30,247,36,3,33,758,329,15,369,282,222,237,46.2,36,11,25,0,49.4,43,4,14,2,2,0.35,1,5.95,45.2,601,1,8,1,0.125,77,20,1,,25.1,3,0,748,1,0,0,8,0,0,51.2,51.6,1,1,0,0,1.25,204
gauntlet/20261003-233321-scrim-g3lost-fill1791069953/losses/CyrilSharma.finalBot__Duck__botB.bc24,CyrilSharma.finalBot,1,B,g3lost,0,1551,CAPTURE,2900,2900,201,14,14,241,21,1,15,763,367,33,175,159,237,222,46.6,18,14,4,0,32.1,47,25,11,2,1,1.58,3,4.57,54.5,464,3,9,3,0.333,76,23,1,,17.1,0,0,1,0,701,16,41,17,1,54.5,55.3,26,23,0,0,2.91,240
gauntlet/20261003-233321-scrim-g3lost-fill1791069953/losses/CyrilSharma.finalBot__Battlecode24__botA.bc24,CyrilSharma.finalBot,1,A,g3lost,0,2000,MORE_FLAG_CAPTURES,12400,17100,203,9,6,233,11,1,6,415,184,2,396,342,476,421,44.9,8,6,2,0,20.8,25,1,3,0,0,1.45,2,2.84,52.0,68,0,2,2,1.000,59,6,1,,23.0,0,0,56,0,565,29,38,7,1,19.0,26.7,7,3,0,0,9.33,1507
gauntlet/20261003-233321-scrim-g3lost-fill1791069953/losses/CyrilSharma.finalBot__Battlecode24__botA.bc24,CyrilSharma.finalBot,0,B,finalBot,1,2000,MORE_FLAG_CAPTURES,11200,25200,202,9,25,322,4,2,2,117,55,6,903,850,421,476,44.2,4,3,1,0,29.0,29,2,6,0,0,0.53,1,4.62,51.9,123,1,1,0,0.000,101,8,0,,25.0,5,0,679,1,0,0,9,0,0,18.0,26.2,3,2,0,0,3.60,97
gauntlet/20261003-233321-scrim-g3lost-fill1791069953/losses/CyrilSharma.finalBot__EvilGrin__botA.bc24,CyrilSharma.finalBot,1,A,g3lost,0,1650,CAPTURE,2000,2600,205,7,1,231,14,0,11,418,179,21,204,175,611,546,42.0,11,10,1,0,18.3,47,16,8,0,0,2.75,3,3.01,45.0,222,2,7,3,0.429,33,13,1,,23.0,0,0,15,0,727,6,471,11,2,29.1,30.7,23,12,0,2,6.38,508
gauntlet/20261003-233321-scrim-g3lost-fill1791069953/losses/CyrilSharma.finalBot__EvilGrin__botA.bc24,CyrilSharma.finalBot,0,B,finalBot,1,1650,CAPTURE,2000,8800,204,30,43,237,24,3,21,506,220,11,524,519,546,611,41.0,24,8,16,0,28.0,46,1,10,5,1,1.84,0,6.16,43.7,88,0,,,,41,1,0,,25.0,18,0,318,1,0,0,12,0,0,21.0,26.2,0,1,2,0,0.90,0
gauntlet/20261003-233321-scrim-g3lost-fill1791069953/losses/CyrilSharma.finalBot__EvilGrin__botB.bc24,CyrilSharma.finalBot,0,A,finalBot,1,2000,MORE_FLAG_CAPTURES,2000,7500,205,23,28,245,40,2,38,266,116,3,770,748,1033,762,40.7,40,11,29,0,29.2,42,1,2,0,0,3.57,0,5.92,35.0,1,0,,,,67,1,0,,25.0,19,0,308,1,0,0,5,0,0,21.0,26.2,0,0,1,0,2.50,0
gauntlet/20261003-233321-scrim-g3lost-fill1791069953/losses/CyrilSharma.finalBot__EvilGrin__botB.bc24,CyrilSharma.finalBot,1,B,g3lost,0,2000,MORE_FLAG_CAPTURES,2000,2500,204,8,8,323,6,0,3,267,100,38,244,217,762,1033,37.4,3,2,1,0,19.7,49,29,11,1,0,5.41,2,6.86,43.7,71,0,2,2,1.000,86,64,1,,23.0,0,0,20,0,524,14,13,2,0,29.1,32.1,20,18,0,1,4.55,1102
gauntlet/20261003-233321-scrim-g3lost-fill1791069953/losses/CyrilSharma.finalBot__Foxes__botB.bc24,CyrilSharma.finalBot,0,A,finalBot,1,2000,LEVEL_SUM,7500,7500,204,34,38,331,24,0,24,98,32,0,609,547,525,464,44.4,24,9,15,0,40.3,41,0,0,5,0,0.00,0,4.85,44.6,,,,,,63,2,0,,25.0,13,0,,0,0,0,2,0,0,29.0,33.7,0,0,0,0,,0
gauntlet/20261003-233321-scrim-g3lost-fill1791069953/losses/CyrilSharma.finalBot__Foxes__botB.bc24,CyrilSharma.finalBot,1,B,g3lost,0,2000,LEVEL_SUM,7500,7500,203,1,0,737,3,0,0,106,32,24,325,257,464,525,43.6,0,0,0,0,,40,15,9,0,0,4.86,0,0.00,42.6,0,0,,,,53,22,1,,23.0,0,0,13,0,456,17,61,0,0,40.0,42.9,19,13,0,0,2.56,0
gauntlet/20261003-233321-scrim-g3lost-fill1791069953/losses/CyrilSharma.finalBot__Pancakes__botA.bc24,CyrilSharma.finalBot,1,A,g3lost,0,586,CAPTURE,0,1900,202,14,11,225,7,1,3,177,80,8,70,60,98,110,45.4,4,4,0,0,18.3,48,7,4,0,0,2.34,3,2.56,48.3,158,1,3,3,1.000,32,14,1,,16.5,0,0,1,0,353,6,19,4,0,25.0,27.1,11,8,1,3,5.25,531
gauntlet/20261003-233321-scrim-g3lost-fill1791069953/losses/CyrilSharma.finalBot__Pancakes__botA.bc24,CyrilSharma.finalBot,0,B,finalBot,1,586,CAPTURE,0,7200,207,26,19,228,11,3,8,263,118,3,227,200,110,98,46.1,11,4,7,0,26.1,48,0,4,0,0,2.06,1,6.53,34.3,46,1,3,1,0.333,23,5,0,,25.0,2,0,257,1,0,0,7,0,0,26.0,26.0,0,4,3,1,1.25,6
gauntlet/20261003-233321-scrim-g3lost-fill1791069953/losses/CyrilSharma.finalBot__MIT__botB.bc24,CyrilSharma.finalBot,0,A,finalBot,1,988,CAPTURE,7200,33700,209,14,14,315,9,3,6,368,168,12,516,455,186,194,45.2,9,7,2,0,47.3,50,4,11,0,0,0.77,2,4.66,48.6,336,2,6,2,0.333,37,7,0,,25.0,23,0,610,1,0,0,12,0,0,15.0,37.8,4,7,1,1,2.90,623
gauntlet/20261003-233321-scrim-g3lost-fill1791069953/losses/CyrilSharma.finalBot__MIT__botB.bc24,CyrilSharma.finalBot,1,B,g3lost,0,988,CAPTURE,7200,21000,202,30,14,211,18,2,12,507,239,6,301,280,194,186,45.4,15,11,4,0,17.6,49,2,7,0,0,0.82,3,3.39,44.2,282,2,3,3,1.000,54,36,1,,19.1,0,0,1,0,399,2,12,15,0,16.0,41.1,9,15,1,1,6.43,734
gauntlet/20261003-233321-scrim-g3lost-fill1791069953/losses/CyrilSharma.finalBot__Funnel__botA.bc24,CyrilSharma.finalBot,1,A,g3lost,0,2000,MORE_FLAG_CAPTURES,2200,3400,204,3,8,349,15,1,11,506,245,16,250,216,594,566,43.1,12,6,6,0,44.2,39,12,6,0,0,1.35,2,3.30,39.5,223,1,3,2,0.667,72,12,1,,19.3,0,0,1,0,515,6,17,12,0,54.0,54.7,13,17,0,0,5.83,1244
gauntlet/20261003-233321-scrim-g3lost-fill1791069953/losses/CyrilSharma.finalBot__Funnel__botA.bc24,CyrilSharma.finalBot,0,B,finalBot,1,2000,MORE_FLAG_CAPTURES,2200,4500,201,31,26,279,18,2,16,360,156,11,512,512,566,594,42.8,18,6,12,0,51.2,43,6,6,0,0,0.65,1,6.52,34.6,378,1,6,1,0.167,102,32,1,,25.1,47,0,619,1,0,0,5,0,0,54.0,54.0,0,0,0,0,0.50,332
gauntlet/20261003-233321-scrim-g3lost-fill1791069953/losses/CyrilSharma.finalBot__Hurricane__botA.bc24,CyrilSharma.finalBot,1,A,g3lost,0,2000,LEVEL_SUM,4500,4500,201,23,34,214,32,1,28,581,290,59,249,197,331,357,45.7,29,21,8,0,17.1,44,36,24,7,1,1.91,1,3.09,45.0,480,1,12,1,0.083,81,20,1,,21.7,0,0,1,0,1407,16,11,29,4,19.8,31.7,48,36,0,0,3.08,206
gauntlet/20261003-233321-scrim-g3lost-fill1791069953/losses/CyrilSharma.finalBot__Hurricane__botA.bc24,CyrilSharma.finalBot,0,B,finalBot,1,2000,LEVEL_SUM,4500,4500,201,39,35,206,60,1,59,1021,453,28,480,470,357,331,46.0,60,24,36,0,27.0,37,8,21,10,1,1.07,1,5.02,38.6,266,1,6,1,0.167,104,11,1,,25.0,4,0,302,1,0,0,7,0,0,19.2,25.1,1,2,0,0,2.38,685
gauntlet/20261003-233321-scrim-g3lost-fill1791069953/losses/CyrilSharma.finalBot__StarryNight__botA.bc24,CyrilSharma.finalBot,1,A,g3lost,0,664,CAPTURE,13600,13700,201,22,11,235,5,2,0,273,127,8,162,135,152,171,43.9,2,2,0,0,,45,8,3,0,0,2.02,3,8.52,48.5,89,1,3,2,0.667,35,21,1,,19.2,0,0,1,0,296,5,12,2,0,18.0,21.3,7,3,1,2,12.00,475
gauntlet/20261003-233321-scrim-g3lost-fill1791069953/losses/CyrilSharma.finalBot__StarryNight__botA.bc24,CyrilSharma.finalBot,0,B,finalBot,1,664,CAPTURE,13600,18900,201,20,13,201,11,3,8,210,94,0,367,324,171,152,44.6,11,3,8,0,16.6,47,0,2,0,0,0.50,2,5.78,48.6,86,1,2,2,1.000,26,9,1,,25.0,10,0,293,1,0,0,5,0,0,19.0,21.5,0,1,2,1,0.50,524
gauntlet/20261003-233321-scrim-g3lost-fill1791069953/losses/CyrilSharma.finalBot__Puzzle__botA.bc24,CyrilSharma.finalBot,1,A,g3lost,0,2000,MORE_FLAG_CAPTURES,0,6100,207,19,12,238,17,1,13,235,102,4,236,188,499,447,44.5,14,13,1,0,28.0,42,2,4,1,0,1.36,2,3.27,51.4,119,0,2,2,1.000,110,29,1,,18.6,0,0,1,0,1003,3,34,14,1,28.0,34.9,4,4,0,2,5.75,1831
gauntlet/20261003-233321-scrim-g3lost-fill1791069953/losses/CyrilSharma.finalBot__Puzzle__botA.bc24,CyrilSharma.finalBot,0,B,finalBot,1,2000,MORE_FLAG_CAPTURES,0,16900,207,31,24,251,6,2,4,175,84,13,624,600,447,499,43.9,6,4,2,0,34.8,43,1,13,0,0,1.31,1,5.31,46.0,100,1,2,1,0.500,92,15,0,,25.0,3,0,305,1,0,0,5,0,0,28.0,32.7,0,8,2,0,2.38,470
gauntlet/20261003-233321-scrim-g3lost-fill1791069953/losses/CyrilSharma.finalBot__Mountain__botA.bc24,CyrilSharma.finalBot,1,A,g3lost,0,2000,MORE_FLAG_CAPTURES,4100,4700,319,0,0,416,4,0,1,80,33,7,255,206,625,368,45.5,1,1,0,0,10.0,47,5,3,0,0,9.09,1,7.00,52.8,6,0,,,,11,0,1,,23.0,0,0,3,0,406,11,118,1,0,10.0,24.0,1,2,0,1,7.33,8257
gauntlet/20261003-233321-scrim-g3lost-fill1791069953/losses/CyrilSharma.finalBot__Mountain__botA.bc24,CyrilSharma.finalBot,0,B,finalBot,1,2000,MORE_FLAG_CAPTURES,3800,6500,201,22,28,260,8,1,7,33,9,1,346,329,368,625,42.4,8,3,5,0,23.6,42,0,1,2,0,4.50,0,10.85,63.4,0,0,,,,32,2,0,,25.0,18,0,,1,0,0,4,0,0,10.0,22.1,0,0,1,0,5.00,0
gauntlet/20261003-233321-scrim-g3lost-fill1791069953/losses/CyrilSharma.finalBot__Soccer__botB.bc24,CyrilSharma.finalBot,0,A,finalBot,1,1840,CAPTURE,3000,3200,202,26,40,309,57,3,54,490,228,4,709,677,1079,621,41.8,57,19,38,0,34.2,33,0,4,17,2,1.48,0,8.36,30.3,11,0,1,0,0.000,63,7,0,,25.1,91,0,417,1,0,0,8,0,0,30.0,32.2,0,0,1,0,2.25,0
gauntlet/20261003-233321-scrim-g3lost-fill1791069953/losses/CyrilSharma.finalBot__Soccer__botB.bc24,CyrilSharma.finalBot,1,B,g3lost,0,1840,CAPTURE,3000,3000,205,0,1,492,7,0,4,240,58,54,238,236,621,1079,35.8,4,4,0,0,22.8,33,38,19,0,0,3.34,3,4.26,37.9,230,1,6,3,0.500,232,239,0,,23.0,0,0,458,0,857,12,14,4,1,36.4,37.5,38,26,0,1,6.47,1358
gauntlet/20261003-233321-scrim-g3lost-fill1791069953/replays/CyrilSharma.finalBot__Alien__botB.bc24,CyrilSharma.finalBot,0,A,finalBot,0,2000,LEVEL_SUM,3300,3300,203,38,31,262,21,1,20,139,59,4,529,514,481,621,42.4,21,11,10,0,26.1,37,1,4,3,0,1.36,1,3.40,54.6,29,0,1,1,1.000,46,2,0,,25.0,13,0,383,1,0,0,88,0,0,13.0,17.0,0,1,1,0,2.00,415
gauntlet/20261003-233321-scrim-g3lost-fill1791069953/replays/CyrilSharma.finalBot__Alien__botB.bc24,CyrilSharma.finalBot,1,B,g3lost,1,2000,LEVEL_SUM,3300,3300,202,19,8,278,8,1,4,140,57,20,283,232,621,481,44.2,5,4,1,0,15.3,40,10,11,0,0,3.04,1,6.57,54.0,43,1,1,1,1.000,28,12,1,,22.9,0,0,6,0,881,3,12,4,1,25.6,27.7,15,9,0,1,3.45,1
gauntlet/20261003-233321-scrim-g3lost-fill1791069953/replays/CyrilSharma.finalBot__DefaultHuge__botB.bc24,CyrilSharma.finalBot,0,A,finalBot,0,982,CAPTURE,3700,3700,201,33,29,219,15,1,13,311,148,20,276,262,164,166,45.9,15,10,5,0,25.2,47,6,17,0,0,0.87,3,5.53,43.4,275,3,5,3,0.600,41,11,1,,25.0,11,0,235,1,0,0,5,0,0,22.4,22.7,7,12,0,0,1.06,55
gauntlet/20261003-233321-scrim-g3lost-fill1791069953/replays/CyrilSharma.finalBot__DefaultHuge__botB.bc24,CyrilSharma.finalBot,1,B,g3lost,1,982,CAPTURE,3700,3700,201,5,5,225,26,3,20,498,225,13,147,115,166,164,46.0,23,17,6,0,15.5,47,5,10,0,0,0.80,1,1.94,56.3,232,1,4,1,0.250,43,3,1,,20.8,0,0,1,0,258,7,11,22,1,25.6,31.4,10,8,0,0,2.11,0
gauntlet/20261003-233321-scrim-g3lost-fill1791069953/losses/CyrilSharma.finalBot__TwistedTreeline__botA.bc24,CyrilSharma.finalBot,1,A,g3lost,0,2000,MORE_FLAG_CAPTURES,2400,2400,202,26,30,344,7,1,3,261,69,55,241,193,424,509,43.8,4,4,0,0,24.0,45,40,17,0,1,2.95,2,2.36,59.4,164,1,5,2,0.400,78,37,1,,23.0,0,0,43,0,710,13,9,4,0,34.2,40.6,46,29,0,0,4.65,415
gauntlet/20261003-233321-scrim-g3lost-fill1791069953/losses/CyrilSharma.finalBot__TwistedTreeline__botA.bc24,CyrilSharma.finalBot,0,B,finalBot,1,2000,MORE_FLAG_CAPTURES,2400,2400,203,31,23,298,57,2,55,463,202,3,468,450,509,424,44.9,57,17,40,0,35.6,21,0,4,17,2,1.13,1,5.18,48.4,51,1,2,1,0.500,75,7,0,,25.1,14,0,1240,1,0,0,7,0,0,23.0,35.0,0,0,0,0,2.75,349
gauntlet/20261003-233321-scrim-g3lost-fill1791069953/replays/CyrilSharma.finalBot__BedWars__botB.bc24,CyrilSharma.finalBot,0,A,finalBot,0,2000,MORE_FLAG_CAPTURES,2400,8100,205,14,11,222,25,1,24,222,98,14,258,257,442,568,43.1,25,7,18,0,14.1,47,5,11,5,0,2.34,2,5.80,57.7,47,1,1,1,1.000,57,4,1,,25.0,8,0,763,1,0,0,11,0,0,16.6,17.6,0,1,0,0,2.55,289
gauntlet/20261003-233321-scrim-g3lost-fill1791069953/replays/CyrilSharma.finalBot__BedWars__botB.bc24,CyrilSharma.finalBot,1,B,g3lost,1,2000,MORE_FLAG_CAPTURES,2400,2500,240,0,6,329,19,2,14,260,118,24,175,130,568,442,44.6,16,11,5,0,15.2,48,18,7,3,0,2.84,1,3.09,49.9,59,0,2,1,0.500,55,6,1,,21.7,0,0,1,0,538,33,17,16,1,17.0,17.8,8,3,0,0,9.14,615
gauntlet/20261003-233321-scrim-g3lost-fill1791069953/replays/CyrilSharma.finalBot__BreadPudding__botB.bc24,CyrilSharma.finalBot,0,A,finalBot,0,2000,LEVEL_SUM,2600,3100,203,18,23,201,2,1,1,35,17,2,308,306,389,723,41.2,2,1,1,0,8.0,38,1,2,0,0,1.78,1,13.11,61.0,38,0,1,1,1.000,17,3,0,,25.1,2028,0,246,1,0,0,10,0,0,13.0,18.7,0,0,1,0,4.50,1646
gauntlet/20261003-233321-scrim-g3lost-fill1791069953/replays/CyrilSharma.finalBot__BreadPudding__botB.bc24,CyrilSharma.finalBot,1,B,g3lost,1,2000,LEVEL_SUM,2600,2700,202,9,8,654,6,1,2,134,61,1,318,260,723,389,45.3,3,2,1,0,19.5,41,1,1,0,0,6.17,1,5.69,36.9,20,0,1,1,1.000,15,0,1,,18.7,0,0,1,0,115,0,21,3,0,10.3,17.8,1,0,0,1,23.00,4611
gauntlet/20261003-233321-scrim-g3lost-fill1791069953/replays/CyrilSharma.finalBot__Digging__botA.bc24,CyrilSharma.finalBot,1,A,g3lost,1,2000,LEVEL_SUM,700,1900,205,4,5,305,10,1,6,221,45,4,405,348,1078,563,43.1,7,3,4,0,10.8,45,1,4,1,1,1.50,1,8.71,46.7,51,0,2,1,0.500,44,31,1,,23.0,0,0,205,0,320,5,9,7,0,26.6,30.1,5,2,0,1,4.75,383
gauntlet/20261003-233321-scrim-g3lost-fill1791069953/replays/CyrilSharma.finalBot__Digging__botA.bc24,CyrilSharma.finalBot,0,B,finalBot,0,2000,LEVEL_SUM,600,3300,207,37,43,313,5,1,4,92,44,6,384,379,563,1078,36.8,5,4,1,0,29.8,34,4,3,0,0,1.98,1,5.60,57.9,24,1,,,,20,2,0,,25.1,258,0,368,1,0,0,38,0,0,15.0,22.7,2,3,1,0,9.33,3867
gauntlet/20261003-233321-scrim-g3lost-fill1791069953/replays/CyrilSharma.finalBot__Fusbol__botB.bc24,CyrilSharma.finalBot,0,A,finalBot,0,2000,LEVEL_SUM,1800,1800,231,18,22,287,3,0,3,8,4,0,324,319,366,643,40.2,3,2,1,0,49.7,4,0,0,0,0,0.00,0,3.88,42.0,,,,,,46,1,1,,25.0,3,0,,0,0,0,16,0,0,41.0,45.3,0,0,0,0,,0
gauntlet/20261003-233321-scrim-g3lost-fill1791069953/replays/CyrilSharma.finalBot__Fusbol__botB.bc24,CyrilSharma.finalBot,1,B,g3lost,1,2000,LEVEL_SUM,7200,16200,202,12,28,295,3,0,0,197,32,3,439,358,643,366,45.4,0,0,0,0,,34,1,2,0,0,5.75,0,0.00,37.6,0,0,,,,24,1,1,,23.0,0,0,220,0,618,5,220,0,0,46.1,47.0,2,1,0,0,4.50,0
gauntlet/20261003-233321-scrim-g3lost-fill1791069953/replays/CyrilSharma.finalBot__Divergent__botA.bc24,CyrilSharma.finalBot,1,A,g3lost,1,2000,MORE_FLAG_CAPTURES,3700,3700,202,32,21,216,16,1,12,358,198,14,285,220,433,314,46.2,13,11,2,0,18.0,46,8,6,0,1,2.93,0,2.61,49.9,55,0,3,0,0.000,37,6,1,,21.7,0,0,1,0,420,17,24,13,0,27.0,33.6,13,12,0,0,5.33,0
gauntlet/20261003-233321-scrim-g3lost-fill1791069953/replays/CyrilSharma.finalBot__Divergent__botA.bc24,CyrilSharma.finalBot,0,B,finalBot,0,2000,MORE_FLAG_CAPTURES,2600,3000,215,0,11,427,14,0,14,149,64,12,408,405,314,433,44.8,14,6,8,0,32.7,40,2,11,3,0,1.17,1,3.68,50.9,157,1,4,1,0.250,53,2,0,,25.0,6,0,924,1,0,0,8,0,0,17.0,28.6,0,0,0,0,2.64,0
gauntlet/20261003-233321-scrim-g3lost-fill1791069953/replays/CyrilSharma.finalBot__Gated__botB.bc24,CyrilSharma.finalBot,0,A,finalBot,0,2000,LEVEL_SUM,1400,2900,208,26,34,249,41,2,39,383,187,12,380,379,529,621,42.4,41,15,26,0,21.6,33,4,10,12,1,0.76,2,5.31,41.4,213,1,4,1,0.250,70,8,0,,25.0,9,0,399,1,0,0,13,0,0,23.0,23.7,0,0,0,0,1.20,629
gauntlet/20261003-233321-scrim-g3lost-fill1791069953/replays/CyrilSharma.finalBot__Gated__botB.bc24,CyrilSharma.finalBot,1,B,g3lost,1,2000,LEVEL_SUM,1500,1900,204,16,21,278,17,2,12,358,169,39,234,208,621,529,43.6,14,10,4,0,16.3,41,26,15,1,1,3.44,2,2.17,40.5,125,0,5,2,0.400,63,15,1,,19.4,0,0,1,0,1241,27,303,13,1,24.4,24.8,33,16,0,0,4.93,709
gauntlet/20261003-233321-scrim-g3lost-fill1791069953/replays/CyrilSharma.finalBot__GravitationalWaves__botA.bc24,CyrilSharma.finalBot,1,A,g3lost,1,2000,MORE_FLAG_CAPTURES,3700,3700,201,16,15,227,14,1,10,407,193,1,253,155,736,201,47.6,11,7,4,0,26.3,11,0,1,2,1,3.00,0,6.28,29.3,0,0,,,,33,0,1,,19.3,0,0,1,0,1249,131,36,11,0,21.5,27.1,0,0,0,0,3.00,0
gauntlet/20261003-233321-scrim-g3lost-fill1791069953/replays/CyrilSharma.finalBot__GravitationalWaves__botA.bc24,CyrilSharma.finalBot,0,B,finalBot,0,2000,MORE_FLAG_CAPTURES,3400,3400,201,24,18,201,1,0,1,2,1,10,266,221,201,736,41.1,1,1,0,0,30.0,22,4,7,0,0,3.41,1,1.00,30.1,101,0,2,1,0.500,106,32,1,,25.1,25,0,,0,0,0,12,0,0,21.9,26.9,6,4,0,0,2.57,347
gauntlet/20261003-233321-scrim-g3lost-fill1791069953/replays/CyrilSharma.finalBot__Klein__botA.bc24,CyrilSharma.finalBot,1,A,g3lost,1,2000,MORE_BREAD,6300,6300,203,21,22,232,17,1,13,385,178,12,226,172,419,422,44.9,14,13,1,0,16.0,47,5,8,0,0,1.22,1,4.68,55.0,166,0,2,0,0.000,71,45,1,,22.2,0,0,1,0,431,2,9,14,0,10.0,27.3,20,19,1,1,2.50,1589
gauntlet/20261003-233321-scrim-g3lost-fill1791069953/replays/CyrilSharma.finalBot__Klein__botA.bc24,CyrilSharma.finalBot,0,B,finalBot,0,2000,MORE_BREAD,5100,9000,205,17,34,205,13,1,12,392,169,13,528,496,422,419,44.9,13,8,5,0,31.1,45,1,13,0,0,0.96,1,5.09,56.5,134,0,2,0,0.000,46,12,0,,25.0,6,0,246,1,0,0,14,0,0,11.0,21.1,0,6,1,1,2.85,237
gauntlet/20261003-233321-scrim-g3lost-fill1791069953/replays/CyrilSharma.finalBot__MazeRunner__botA.bc24,CyrilSharma.finalBot,1,A,g3lost,1,2000,MORE_FLAG_CAPTURES,2600,4700,207,13,10,271,9,1,5,297,84,14,243,178,471,317,46.1,6,5,1,0,22.6,45,8,6,1,1,4.04,0,3.59,46.8,1,0,,,,50,4,1,,23.0,0,0,204,0,301,4,26,6,1,32.0,33.2,12,8,0,0,4.17,0
gauntlet/20261003-233321-scrim-g3lost-fill1791069953/replays/CyrilSharma.finalBot__MazeRunner__botA.bc24,CyrilSharma.finalBot,0,B,finalBot,0,2000,MORE_FLAG_CAPTURES,2600,5900,210,10,7,407,14,0,14,79,27,5,377,367,317,471,44.3,14,6,8,0,30.9,44,1,5,6,0,0.84,1,4.49,56.0,108,1,2,1,0.500,75,7,0,,24.7,0,0,,1,0,0,7,0,0,29.0,29.0,3,3,0,0,4.60,479
gauntlet/20261003-233321-scrim-g3lost-fill1791069953/replays/CyrilSharma.finalBot__Occulus__botA.bc24,CyrilSharma.finalBot,1,A,g3lost,1,2000,LEVEL_SUM,1800,1800,201,21,20,259,4,0,1,18,5,0,258,190,736,596,42.8,1,1,0,0,19.0,40,0,0,0,0,0.00,0,1.00,41.6,,,,,,27,4,1,,18.0,0,0,1,0,242,25,12,1,0,20.6,23.5,0,0,0,0,,0
gauntlet/20261003-233321-scrim-g3lost-fill1791069953/replays/CyrilSharma.finalBot__Occulus__botA.bc24,CyrilSharma.finalBot,0,B,finalBot,0,2000,LEVEL_SUM,1800,9600,201,25,22,277,0,0,0,0,0,1,551,541,596,736,41.1,0,0,0,0,,44,0,1,0,0,3.00,0,0.00,53.3,0,0,,,,25,4,1,,25.0,5,0,,0,0,0,8,0,0,20.6,22.0,0,0,0,0,1.00,0
gauntlet/20261003-233321-scrim-g3lost-fill1791069953/replays/CyrilSharma.finalBot__Mountain__botB.bc24,CyrilSharma.finalBot,0,A,finalBot,0,2000,LEVEL_SUM,4100,5600,202,6,8,464,0,0,0,0,0,0,340,337,448,636,42.3,0,0,0,0,,32,0,0,0,0,0.00,0,0.00,61.4,,,,,,18,0,0,,25.0,11,0,,0,0,0,9,0,0,10.0,22.1,0,0,0,0,,0
gauntlet/20261003-233321-scrim-g3lost-fill1791069953/replays/CyrilSharma.finalBot__Mountain__botB.bc24,CyrilSharma.finalBot,1,B,g3lost,1,2000,LEVEL_SUM,4100,5000,204,13,12,215,3,0,0,162,78,0,247,163,636,448,44.5,0,0,0,0,,47,0,0,0,0,0.00,0,0.00,55.2,,,,,,14,0,1,,22.7,0,0,1,0,218,9,29,0,0,10.0,23.6,0,0,0,0,,0
gauntlet/20261003-233321-scrim-g3lost-fill1791069953/replays/CyrilSharma.finalBot__Rivers__botB.bc24,CyrilSharma.finalBot,0,A,finalBot,0,2000,LEVEL_SUM,1500,2100,202,4,10,418,33,2,31,168,90,12,406,403,646,904,39.0,33,9,24,0,19.9,31,7,7,13,1,1.19,2,6.42,47.8,92,2,3,2,0.667,78,13,1,,25.0,10,0,1159,1,0,0,4,0,0,23.0,23.8,0,4,0,0,2.00,344
gauntlet/20261003-233321-scrim-g3lost-fill1791069953/replays/CyrilSharma.finalBot__Rivers__botB.bc24,CyrilSharma.finalBot,1,B,g3lost,1,2000,LEVEL_SUM,1500,2100,205,1,0,620,17,2,12,199,88,31,302,257,904,646,42.1,14,7,7,0,18.8,36,24,9,5,1,4.35,2,4.06,35.8,61,0,2,2,1.000,28,1,1,,23.0,0,0,9,0,620,28,18,14,1,23.1,23.9,20,7,0,0,10.67,610
gauntlet/20261003-233321-scrim-g3lost-fill1791069953/replays/CyrilSharma.finalBot__Racetrack__botA.bc24,CyrilSharma.finalBot,1,A,g3lost,1,2000,LEVEL_SUM,0,0,202,0,2,396,3,0,0,155,17,0,322,244,660,390,45.2,0,0,0,0,,23,0,0,0,0,0.00,0,0.00,46.5,,,,,,3,0,1,,23.0,0,0,111,0,32,3,12,0,0,31.0,33.1,0,0,0,0,,0
gauntlet/20261003-233321-scrim-g3lost-fill1791069953/replays/CyrilSharma.finalBot__Racetrack__botA.bc24,CyrilSharma.finalBot,0,B,finalBot,0,2000,LEVEL_SUM,0,0,209,39,20,1243,0,0,0,0,0,0,248,244,390,660,42.0,0,0,0,0,,24,0,0,0,0,0.00,0,0.00,72.9,,,,,,4,0,0,,25.1,93,0,,0,0,0,68,0,0,26.0,31.6,0,0,0,0,,0
gauntlet/20261003-233321-scrim-g3lost-fill1791069953/replays/CyrilSharma.finalBot__Tunnels__botA.bc24,CyrilSharma.finalBot,1,A,g3lost,1,2000,LEVEL_SUM,2400,3000,358,0,0,0,3,0,0,165,22,0,198,126,363,219,47.3,0,0,0,0,,30,0,0,0,0,0.00,0,0.00,52.4,,,,,,0,0,1,,23.0,0,0,203,0,0,0,0,0,0,17.3,19.7,0,0,0,0,,0
gauntlet/20261003-233321-scrim-g3lost-fill1791069953/replays/CyrilSharma.finalBot__Tunnels__botA.bc24,CyrilSharma.finalBot,0,B,finalBot,0,2000,LEVEL_SUM,2400,3600,203,1,0,0,0,0,0,0,0,0,250,244,219,363,45.6,0,0,0,0,,30,0,0,0,0,0.00,0,0.00,70.7,,,,,,0,0,0,,25.0,25,0,,0,0,0,1,0,0,9.0,15.6,0,0,0,0,,0
