file,opp,us,team,name,won,rounds,wintype,gathered200,gathered400,firstEnemySide,inEnemy250,inEnemy300,firstFlagSight,pickups,captured,carrierDeaths,carrierRounds,carrierMoves,enemyCarrierKills,trapsBuilt,trapsHit,kills,deaths,meanAlive,postPickups,firstGrabs,regrabs,relayPickups,carrierDeathDist,damStage199,enemyRegrabs,enemyFirstGrabs,regrabsLate,capturedLate,chasers20,enemyCaptured,escorts20,stillPost,enemyUnseenRounds,unopposedCaps,longTrips25,longCaps25,longCapRate,loneDeaths,trickleDeaths,symOk,psymOk,maxBcK,overruns,exceptions,symDecidedRound,symWrong,alertWrites,alertNoThreat,maxParkOnHome,efStaleCarry,efStaleLoc,flagDistMin,flagDistMean,carrierStunBuilds,carrierStunned,captured600,enemyCaptured600
gauntlet/20261003-143803-scrim-g3escrg2-fill1791037841/losses/CyrilSharma.finalBot__Ambush__botB.bc24,CyrilSharma.finalBot,0,A,finalBot,1,526,CAPTURE,1800,4200,201,29,9,203,8,3,5,170,72,24,151,150,123,100,45.7,8,5,3,0,11.0,46,21,5,0,0,6.99,1,7.15,42.9,2,0,,,,7,0,1,,25.1,7,0,271,1,0,0,8,0,0,12.0,12.0,10,12,3,1
gauntlet/20261003-143803-scrim-g3escrg2-fill1791037841/losses/CyrilSharma.finalBot__Ambush__botB.bc24,CyrilSharma.finalBot,1,B,g3escrg2,0,526,CAPTURE,2300,2300,201,11,16,201,29,1,24,228,81,5,65,42,100,123,44.5,26,5,21,0,9.2,47,3,5,0,0,2.86,3,12.82,53.4,77,2,4,3,0.750,22,9,1,,18.5,0,0,2,0,314,6,14,25,0,11.4,15.8,12,9,1,3
gauntlet/20261003-143803-scrim-g3escrg2-fill1791037841/losses/CyrilSharma.finalBot__Ambush__botA.bc24,CyrilSharma.finalBot,1,A,g3escrg2,0,519,CAPTURE,2300,2300,201,4,4,201,28,1,23,246,103,11,58,52,87,127,44.4,25,8,17,0,7.6,48,8,6,0,0,2.74,3,5.19,48.0,90,1,4,3,0.750,16,6,1,,18.3,0,0,1,0,490,1,13,25,0,12.1,15.2,18,13,1,3
gauntlet/20261003-143803-scrim-g3escrg2-fill1791037841/losses/CyrilSharma.finalBot__Ambush__botA.bc24,CyrilSharma.finalBot,0,B,finalBot,1,519,CAPTURE,1900,4500,201,20,31,201,14,3,11,234,101,23,167,159,127,87,46.2,14,6,8,0,11.0,48,17,8,0,0,3.98,1,5.36,39.4,10,0,2,0,0.000,17,7,1,,25.0,0,0,227,1,0,0,8,0,0,12.0,12.0,1,7,3,1
gauntlet/20261003-143803-scrim-g3escrg2-fill1791037841/losses/CyrilSharma.finalBot__DefaultSmall__botB.bc24,CyrilSharma.finalBot,0,A,finalBot,1,2000,MORE_FLAG_CAPTURES,4100,4100,204,28,26,217,5,1,4,64,28,2,686,666,760,733,41.1,5,3,2,0,21.5,43,1,1,0,0,7.63,0,8.67,39.8,0,0,,,,6,0,1,,25.0,63,0,296,1,0,0,5,0,0,21.2,23.6,0,0,1,0
gauntlet/20261003-143803-scrim-g3escrg2-fill1791037841/losses/CyrilSharma.finalBot__DefaultSmall__botB.bc24,CyrilSharma.finalBot,1,B,g3escrg2,0,2000,MORE_FLAG_CAPTURES,4100,4100,201,5,4,225,5,0,2,19,5,4,242,172,733,760,40.7,2,1,1,0,19.0,46,2,3,0,0,5.16,1,3.00,50.7,34,0,1,1,1.000,19,0,1,,21.3,0,0,1,0,2467,113,30,2,0,21.2,24.0,4,2,0,1
gauntlet/20261003-143803-scrim-g3escrg2-fill1791037841/losses/CyrilSharma.finalBot__Asteroids__botB.bc24,CyrilSharma.finalBot,0,A,finalBot,1,662,CAPTURE,800,4200,210,29,19,231,19,3,16,399,188,14,142,126,140,114,45.8,19,9,10,0,33.4,35,10,4,0,0,3.20,0,6.30,33.1,43,0,2,0,0.000,25,6,0,,25.0,6,0,256,1,0,0,5,0,0,32.0,35.7,7,7,2,0
gauntlet/20261003-143803-scrim-g3escrg2-fill1791037841/losses/CyrilSharma.finalBot__Asteroids__botB.bc24,CyrilSharma.finalBot,1,B,g3escrg2,0,662,CAPTURE,800,2100,210,33,22,225,17,0,14,280,68,16,82,60,114,140,44.9,14,4,10,0,29.8,35,10,9,0,0,1.39,3,7.13,43.1,267,3,4,3,0.750,42,19,1,,23.0,0,0,214,0,399,7,10,14,0,37.5,39.5,15,7,0,2
gauntlet/20261003-143803-scrim-g3escrg2-fill1791037841/losses/CyrilSharma.finalBot__DefaultMedium__botB.bc24,CyrilSharma.finalBot,0,A,finalBot,1,2000,MORE_FLAG_CAPTURES,2900,4400,201,21,21,259,17,1,16,139,60,3,575,569,731,698,41.6,17,7,10,0,29.4,32,1,2,0,0,2.88,0,7.71,33.8,0,0,,,,47,1,1,,25.0,41,0,279,1,0,0,4,0,0,32.0,33.9,0,0,1,0
gauntlet/20261003-143803-scrim-g3escrg2-fill1791037841/losses/CyrilSharma.finalBot__DefaultMedium__botB.bc24,CyrilSharma.finalBot,1,B,g3escrg2,0,2000,MORE_FLAG_CAPTURES,2900,3500,201,21,8,251,6,0,3,84,24,16,240,186,698,731,41.1,3,2,1,0,30.3,45,10,7,1,0,3.19,1,3.50,44.2,71,0,2,1,0.500,41,2,1,,23.0,0,0,11,0,1801,43,59,3,0,32.1,34.8,8,2,0,1
gauntlet/20261003-143803-scrim-g3escrg2-fill1791037841/losses/CyrilSharma.finalBot__DefaultLarge__botB.bc24,CyrilSharma.finalBot,0,A,finalBot,1,2000,MORE_FLAG_CAPTURES,1800,6200,202,41,44,288,18,1,17,151,67,15,648,644,671,610,42.5,18,4,14,0,45.9,44,12,3,4,0,4.56,0,7.39,33.9,0,0,,,,43,3,1,,25.1,129,0,472,1,0,0,4,0,0,44.0,47.7,4,1,1,0
gauntlet/20261003-143803-scrim-g3escrg2-fill1791037841/losses/CyrilSharma.finalBot__DefaultLarge__botB.bc24,CyrilSharma.finalBot,1,B,g3escrg2,0,2000,MORE_FLAG_CAPTURES,1800,2900,202,0,0,874,18,0,15,57,20,17,235,170,610,671,41.8,15,3,12,0,42.3,42,14,4,0,0,3.07,1,6.11,48.5,77,0,1,1,1.000,41,1,1,,19.8,0,0,1,0,997,71,34,14,1,48.8,49.1,10,2,0,1
gauntlet/20261003-143803-scrim-g3escrg2-fill1791037841/losses/CyrilSharma.finalBot__Fusbol__botA.bc24,CyrilSharma.finalBot,1,A,g3escrg2,0,2000,MORE_FLAG_CAPTURES,7200,14100,202,33,28,225,20,0,17,421,126,3,345,277,517,492,43.9,17,8,9,0,43.5,38,2,2,0,0,1.04,1,5.19,41.9,196,0,2,1,0.500,56,3,1,,22.9,0,0,216,0,687,17,115,17,5,48.1,48.7,7,3,0,1
gauntlet/20261003-143803-scrim-g3escrg2-fill1791037841/losses/CyrilSharma.finalBot__Fusbol__botA.bc24,CyrilSharma.finalBot,0,B,finalBot,1,2000,MORE_FLAG_CAPTURES,1800,3900,214,37,30,274,4,1,3,303,137,17,414,409,492,517,41.7,4,2,2,0,44.0,6,9,8,0,0,3.06,0,7.57,38.9,44,0,3,0,0.000,84,12,1,,25.1,24,0,352,1,0,0,15,0,0,41.0,45.3,6,11,1,0
gauntlet/20261003-143803-scrim-g3escrg2-fill1791037841/losses/CyrilSharma.finalBot__GaltonBoard__botB.bc24,CyrilSharma.finalBot,0,A,finalBot,1,510,CAPTURE,0,37700,201,27,26,242,8,3,5,196,86,0,426,287,218,100,45.6,8,3,5,0,20.2,41,0,0,0,0,0.00,0,10.65,43.7,,,,,,0,0,0,,25.0,43,0,273,1,0,0,5,0,0,14.0,19.0,0,0,3,0
gauntlet/20261003-143803-scrim-g3escrg2-fill1791037841/losses/CyrilSharma.finalBot__GaltonBoard__botB.bc24,CyrilSharma.finalBot,1,B,g3escrg2,0,510,CAPTURE,0,100,203,1,0,220,3,0,0,101,47,5,44,39,100,218,39.9,0,0,0,0,,37,5,3,0,0,5.12,3,0.00,60.3,101,1,3,3,1.000,11,16,1,,18.7,0,0,1,0,469,0,22,0,0,19.8,21.1,8,6,0,3
gauntlet/20261003-143803-scrim-g3escrg2-fill1791037841/losses/CyrilSharma.finalBot__BreadPudding__botA.bc24,CyrilSharma.finalBot,1,A,g3escrg2,0,2000,MORE_FLAG_CAPTURES,2600,2600,203,4,7,307,24,0,21,165,68,14,290,227,804,569,43.0,21,5,16,0,17.4,47,10,6,6,0,3.32,2,5.83,36.1,47,0,2,2,1.000,23,2,1,,19.0,0,0,1,0,635,24,12,20,5,20.9,21.8,8,4,0,2
gauntlet/20261003-143803-scrim-g3escrg2-fill1791037841/losses/CyrilSharma.finalBot__BreadPudding__botA.bc24,CyrilSharma.finalBot,0,B,finalBot,1,2000,MORE_FLAG_CAPTURES,2600,3200,202,36,24,222,16,2,14,138,65,21,439,432,569,804,40.2,16,6,10,0,19.4,45,16,5,0,0,6.29,0,5.91,45.6,0,0,,,,30,2,0,,25.0,17,0,310,1,0,0,14,0,0,13.0,18.7,7,3,2,0
gauntlet/20261003-143803-scrim-g3escrg2-fill1791037841/losses/CyrilSharma.finalBot__Gated__botA.bc24,CyrilSharma.finalBot,1,A,g3escrg2,0,465,CAPTURE,1500,1900,209,1,3,294,3,0,0,50,22,6,50,31,59,62,46.8,0,0,0,0,,43,6,3,0,0,1.28,3,0.00,37.1,130,1,3,3,1.000,11,1,1,,17.2,0,0,1,0,230,1,10,0,0,26.2,26.4,7,6,0,3
gauntlet/20261003-143803-scrim-g3escrg2-fill1791037841/losses/CyrilSharma.finalBot__Gated__botA.bc24,CyrilSharma.finalBot,0,B,finalBot,1,465,CAPTURE,1500,2900,208,33,38,259,9,3,6,221,102,0,90,78,62,59,47.1,9,3,6,0,23.8,39,0,0,0,0,0.00,0,5.53,46.8,,,,,,9,1,0,,25.0,2,0,300,1,0,0,6,0,0,23.0,23.7,0,0,3,0
gauntlet/20261003-143803-scrim-g3escrg2-fill1791037841/losses/CyrilSharma.finalBot__Islands__botB.bc24,CyrilSharma.finalBot,0,A,finalBot,1,1168,CAPTURE,5800,5800,201,24,33,213,44,3,41,489,216,6,468,443,438,283,44.1,44,16,28,0,26.6,42,3,3,0,0,3.06,0,5.54,39.1,0,0,,,,35,1,1,,25.0,7,0,313,1,0,0,9,0,0,19.8,21.2,7,8,1,0
gauntlet/20261003-143803-scrim-g3escrg2-fill1791037841/losses/CyrilSharma.finalBot__Islands__botB.bc24,CyrilSharma.finalBot,1,B,g3escrg2,0,1168,CAPTURE,5800,5800,201,14,4,213,9,0,6,107,42,41,140,125,283,438,40.9,6,3,3,0,18.3,47,28,16,0,0,2.26,3,3.88,58.8,227,1,5,3,0.600,77,63,1,,21.9,0,0,1,0,1410,8,19,6,0,19.1,27.9,31,21,0,1
gauntlet/20261003-143803-scrim-g3escrg2-fill1791037841/losses/CyrilSharma.finalBot__KingQuacksCastle__botA.bc24,CyrilSharma.finalBot,1,A,g3escrg2,0,1045,CAPTURE,1600,1900,204,14,2,225,11,2,6,387,162,39,114,109,318,360,41.6,8,4,4,0,15.8,48,25,17,0,0,2.23,3,9.16,40.5,225,1,6,2,0.333,61,45,1,,23.0,0,0,14,0,1103,7,15,8,0,24.0,29.1,28,25,1,1
gauntlet/20261003-143803-scrim-g3escrg2-fill1791037841/losses/CyrilSharma.finalBot__KingQuacksCastle__botA.bc24,CyrilSharma.finalBot,0,B,finalBot,1,1045,CAPTURE,1600,12900,204,18,35,240,42,3,39,482,214,6,417,395,360,318,42.6,42,17,25,0,27.4,47,4,4,0,0,1.28,2,6.93,33.4,128,0,5,1,0.200,64,16,0,,25.0,17,0,335,1,0,0,9,0,0,23.0,25.4,0,7,1,1
gauntlet/20261003-143803-scrim-g3escrg2-fill1791037841/losses/CyrilSharma.finalBot__MIT__botA.bc24,CyrilSharma.finalBot,1,A,g3escrg2,0,894,CAPTURE,7200,18700,202,31,26,205,10,1,6,175,80,25,287,254,190,157,45.8,7,2,5,0,16.8,49,15,13,0,0,1.37,3,8.78,48.5,260,2,4,3,0.750,47,23,1,,19.0,0,0,1,0,511,19,43,7,1,29.0,45.5,11,6,1,0
gauntlet/20261003-143803-scrim-g3escrg2-fill1791037841/losses/CyrilSharma.finalBot__MIT__botA.bc24,CyrilSharma.finalBot,0,B,finalBot,1,894,CAPTURE,7200,34300,208,26,22,270,28,3,25,397,188,6,421,358,157,190,44.8,28,13,15,0,39.5,49,5,2,0,0,1.98,1,4.64,39.2,52,0,2,1,0.500,35,2,0,,25.0,0,0,576,1,0,0,8,0,0,15.0,37.8,2,6,0,1
gauntlet/20261003-143803-scrim-g3escrg2-fill1791037841/losses/CyrilSharma.finalBot__Puzzle__botA.bc24,CyrilSharma.finalBot,1,A,g3escrg2,0,763,CAPTURE,0,3300,210,8,3,230,8,1,4,290,132,6,89,74,114,163,44.9,5,2,3,0,22.3,43,4,5,0,0,1.38,3,8.92,46.6,201,2,4,3,0.750,47,20,1,,18.6,0,0,1,0,589,8,38,5,0,27.0,34.6,5,7,0,2
gauntlet/20261003-143803-scrim-g3escrg2-fill1791037841/losses/CyrilSharma.finalBot__Puzzle__botA.bc24,CyrilSharma.finalBot,0,B,finalBot,1,763,CAPTURE,0,19800,207,32,33,231,9,3,6,313,143,4,403,376,163,114,46.5,9,5,4,0,39.0,43,3,2,0,0,0.66,1,4.96,34.3,150,0,2,1,0.500,32,10,0,,25.0,1,0,360,1,0,0,8,0,0,28.0,32.7,2,7,2,0
gauntlet/20261003-143803-scrim-g3escrg2-fill1791037841/losses/CyrilSharma.finalBot__Skyline__botB.bc24,CyrilSharma.finalBot,0,A,finalBot,1,1182,CAPTURE,21600,21600,205,10,8,336,24,3,21,457,195,25,629,606,426,341,43.0,24,8,16,0,21.7,39,18,8,0,0,2.42,1,8.40,46.6,100,0,3,1,0.333,49,4,0,,25.1,13,0,603,1,0,0,10,0,0,16.0,18.7,14,27,0,0
gauntlet/20261003-143803-scrim-g3escrg2-fill1791037841/losses/CyrilSharma.finalBot__Skyline__botB.bc24,CyrilSharma.finalBot,1,B,g3escrg2,0,1182,CAPTURE,21600,21600,201,26,32,228,29,1,25,330,129,21,304,269,341,426,41.3,26,8,18,0,12.9,45,16,8,0,0,1.80,3,10.15,47.9,211,1,7,3,0.429,120,101,1,,21.5,0,0,1,0,847,6,21,25,0,22.0,25.0,21,16,0,0
gauntlet/20261003-143803-scrim-g3escrg2-fill1791037841/losses/CyrilSharma.finalBot__MIT__botB.bc24,CyrilSharma.finalBot,0,A,finalBot,1,1225,CAPTURE,7200,41600,204,12,8,268,20,3,17,558,255,11,463,427,203,181,46.4,20,13,7,0,49.1,47,7,6,0,2,1.18,2,4.54,48.4,194,2,3,2,0.667,64,16,0,,25.1,8,0,429,1,0,0,19,0,0,15.0,37.8,13,29,0,0
gauntlet/20261003-143803-scrim-g3escrg2-fill1791037841/losses/CyrilSharma.finalBot__MIT__botB.bc24,CyrilSharma.finalBot,1,B,g3escrg2,0,1225,CAPTURE,7200,15600,202,24,10,217,16,2,11,360,147,17,262,253,181,203,46.0,13,6,7,0,18.4,49,7,13,0,0,0.76,3,7.53,53.3,407,3,4,3,0.750,61,10,1,,19.1,0,0,1,0,1103,3,29,13,0,29.0,45.5,25,12,0,0
gauntlet/20261003-143803-scrim-g3escrg2-fill1791037841/losses/CyrilSharma.finalBot__Klein__botA.bc24,CyrilSharma.finalBot,1,A,g3escrg2,0,2000,MORE_FLAG_CAPTURES,6300,6300,203,6,7,214,18,1,14,253,119,20,262,219,496,541,43.4,15,8,7,0,15.6,47,10,12,6,1,3.42,2,2.69,44.4,173,1,4,2,0.500,73,27,1,,22.1,0,0,1,0,1837,32,39,15,1,10.0,27.3,30,25,0,2
gauntlet/20261003-143803-scrim-g3escrg2-fill1791037841/losses/CyrilSharma.finalBot__Klein__botA.bc24,CyrilSharma.finalBot,0,B,finalBot,1,2000,MORE_FLAG_CAPTURES,5300,8000,217,12,26,253,22,2,20,423,154,14,448,442,541,496,44.0,22,12,10,0,32.4,41,7,8,4,0,1.86,1,8.26,46.1,54,0,1,0,0.000,84,9,0,,25.0,8,0,564,1,0,0,5,0,0,11.0,21.1,3,10,2,0
gauntlet/20261003-143803-scrim-g3escrg2-fill1791037841/losses/CyrilSharma.finalBot__MazeRunner__botB.bc24,CyrilSharma.finalBot,0,A,finalBot,1,2000,MORE_FLAG_CAPTURES,2600,5300,207,11,8,526,4,1,3,130,59,13,351,321,342,492,44.0,4,2,2,0,29.0,36,11,2,0,0,4.85,0,6.60,51.0,13,0,1,0,0.000,27,3,0,,25.0,1,0,570,1,0,0,11,0,0,29.0,29.0,4,3,0,0
gauntlet/20261003-143803-scrim-g3escrg2-fill1791037841/losses/CyrilSharma.finalBot__MazeRunner__botB.bc24,CyrilSharma.finalBot,1,B,g3escrg2,0,2000,MORE_FLAG_CAPTURES,2600,5000,207,19,13,221,16,0,13,235,57,3,218,145,492,342,45.8,13,2,11,0,19.6,45,2,2,3,0,0.78,1,5.23,41.5,106,1,1,1,1.000,26,1,1,,23.0,0,0,204,0,152,7,18,11,1,29.0,30.3,3,7,0,0
gauntlet/20261003-143803-scrim-g3escrg2-fill1791037841/losses/CyrilSharma.finalBot__Soccer__botA.bc24,CyrilSharma.finalBot,1,A,g3escrg2,0,2000,LEVEL_SUM,3000,3000,204,0,9,582,5,0,2,204,41,12,249,205,733,764,40.7,2,1,1,0,26.0,33,8,4,0,0,3.16,0,1.33,40.3,27,0,1,0,0.000,33,16,0,,23.0,0,0,521,0,486,31,18,1,0,36.4,38.2,13,8,0,0
gauntlet/20261003-143803-scrim-g3escrg2-fill1791037841/losses/CyrilSharma.finalBot__Soccer__botA.bc24,CyrilSharma.finalBot,0,B,finalBot,1,2000,LEVEL_SUM,3000,3200,205,20,25,304,12,0,12,88,37,2,669,660,764,733,41.1,12,4,8,0,34.9,35,1,1,2,0,6.50,0,6.94,35.2,0,0,,,,44,1,0,,25.0,26,0,580,1,0,0,2,0,0,30.0,32.2,0,0,0,0
gauntlet/20261003-143803-scrim-g3escrg2-fill1791037841/losses/CyrilSharma.finalBot__Swoop__botB.bc24,CyrilSharma.finalBot,0,A,finalBot,1,1248,CAPTURE,4300,4300,201,29,29,247,27,3,24,531,237,20,394,380,364,271,44.7,27,13,14,0,34.1,44,13,8,0,1,1.87,1,5.96,52.7,105,1,4,1,0.250,54,11,1,,25.0,1,0,274,1,0,0,2,0,0,30.0,30.7,5,14,2,1
gauntlet/20261003-143803-scrim-g3escrg2-fill1791037841/losses/CyrilSharma.finalBot__Swoop__botB.bc24,CyrilSharma.finalBot,1,B,g3escrg2,0,1248,CAPTURE,4300,4300,201,22,21,240,24,1,20,301,129,24,168,123,271,364,43.0,21,8,13,0,26.3,47,14,13,0,0,1.68,3,5.70,61.9,275,2,6,3,0.500,74,54,1,,18.4,0,0,1,0,748,25,37,18,2,33.4,36.1,22,24,1,2
gauntlet/20261003-143803-scrim-g3escrg2-fill1791037841/losses/CyrilSharma.finalBot__TreeSearch__botB.bc24,CyrilSharma.finalBot,0,A,finalBot,1,2000,LEVEL_SUM,3200,5600,204,24,30,271,60,2,58,915,377,23,468,460,622,634,41.8,60,14,46,0,23.7,31,18,7,6,2,1.84,2,5.68,49.1,92,1,3,2,0.667,90,23,0,,25.0,22,0,1326,1,0,0,12,0,0,21.0,27.0,8,16,0,2
gauntlet/20261003-143803-scrim-g3escrg2-fill1791037841/losses/CyrilSharma.finalBot__TreeSearch__botB.bc24,CyrilSharma.finalBot,1,B,g3escrg2,0,2000,LEVEL_SUM,3200,4400,207,5,9,275,28,2,23,315,111,58,276,214,634,622,42.4,25,7,18,0,23.4,36,46,14,16,0,1.96,2,10.07,45.0,643,2,5,2,0.400,61,16,1,,23.0,0,0,18,0,869,26,23,22,2,28.2,29.4,28,13,2,0
gauntlet/20261003-143803-scrim-g3escrg2-fill1791037841/replays/CyrilSharma.finalBot__Anchor__botB.bc24,CyrilSharma.finalBot,0,A,finalBot,0,2000,LEVEL_SUM,6300,10800,202,8,29,244,20,1,19,133,51,20,616,609,677,867,39.4,20,5,15,0,24.0,45,13,8,7,0,3.73,1,5.60,43.9,21,0,,,,55,7,0,,25.1,27,0,,1,0,0,5,0,0,16.0,22.5,3,4,1,0
gauntlet/20261003-143803-scrim-g3escrg2-fill1791037841/replays/CyrilSharma.finalBot__Anchor__botB.bc24,CyrilSharma.finalBot,1,B,g3escrg2,1,2000,LEVEL_SUM,6300,9300,203,0,11,298,24,1,20,178,73,19,352,275,867,677,41.7,21,8,13,0,17.2,45,15,5,10,1,5.05,1,5.05,42.2,15,0,2,1,0.500,45,2,1,,22.9,0,0,6,0,752,39,22,19,3,15.0,24.5,15,8,0,1
gauntlet/20261003-143803-scrim-g3escrg2-fill1791037841/losses/CyrilSharma.finalBot__Whirlpool__botA.bc24,CyrilSharma.finalBot,1,A,g3escrg2,0,2000,MORE_FLAG_CAPTURES,2800,2800,201,10,17,312,20,1,16,298,93,17,248,179,845,634,42.3,17,5,12,0,14.7,47,12,7,6,0,4.47,2,8.27,38.7,34,0,2,2,1.000,34,7,1,,23.0,0,0,16,0,641,37,19,17,0,20.4,22.7,9,4,1,0
gauntlet/20261003-143803-scrim-g3escrg2-fill1791037841/losses/CyrilSharma.finalBot__Whirlpool__botA.bc24,CyrilSharma.finalBot,0,B,finalBot,1,2000,MORE_FLAG_CAPTURES,2800,7200,201,19,9,250,19,2,17,118,51,16,445,442,634,845,39.7,19,7,12,0,18.9,39,12,5,10,1,1.97,1,6.85,45.7,108,0,2,1,0.500,53,9,1,,25.0,22,0,653,1,0,0,5,0,0,20.0,21.9,3,9,0,1
gauntlet/20261003-143803-scrim-g3escrg2-fill1791037841/replays/CyrilSharma.finalBot__Backslash__botA.bc24,CyrilSharma.finalBot,1,A,g3escrg2,1,2000,LEVEL_SUM,4700,9400,201,15,13,236,60,2,54,519,211,13,240,208,628,659,42.0,57,10,47,0,11.6,47,7,8,38,1,1.44,2,7.23,51.0,264,2,6,2,0.333,77,29,1,,23.0,0,0,6,0,814,10,22,55,9,35.4,38.9,21,12,1,0
gauntlet/20261003-143803-scrim-g3escrg2-fill1791037841/replays/CyrilSharma.finalBot__Backslash__botA.bc24,CyrilSharma.finalBot,0,B,finalBot,0,2000,LEVEL_SUM,4700,21800,201,29,23,245,15,2,13,468,218,54,820,791,659,628,41.7,15,8,7,0,30.3,43,47,10,0,0,2.39,2,4.80,49.8,196,0,5,1,0.200,92,15,1,,25.0,14,0,380,1,0,0,8,0,0,21.4,29.0,25,44,0,1
gauntlet/20261003-143803-scrim-g3escrg2-fill1791037841/replays/CyrilSharma.finalBot__English__botA.bc24,CyrilSharma.finalBot,1,A,g3escrg2,1,2000,LEVEL_SUM,10900,10900,201,23,19,241,32,1,28,358,153,16,274,205,515,474,44.2,29,12,17,0,24.3,46,6,11,1,0,1.39,1,4.31,51.3,166,0,3,1,0.333,69,5,1,,23.8,0,0,1,0,766,18,17,28,0,39.8,44.2,18,7,0,1
gauntlet/20261003-143803-scrim-g3escrg2-fill1791037841/replays/CyrilSharma.finalBot__English__botA.bc24,CyrilSharma.finalBot,0,B,finalBot,0,2000,LEVEL_SUM,10900,10900,201,38,32,277,17,1,16,361,162,28,595,582,474,515,43.8,17,11,6,0,41.7,44,17,12,0,0,1.72,1,5.43,48.0,125,1,3,1,0.333,96,8,1,,25.0,7,0,490,1,0,0,4,0,0,26.6,35.0,1,37,1,0
gauntlet/20261003-143803-scrim-g3escrg2-fill1791037841/replays/CyrilSharma.finalBot__Gauntlet__botA.bc24,CyrilSharma.finalBot,1,A,g3escrg2,1,2000,MORE_FLAG_CAPTURES,2100,2100,207,6,8,534,12,1,8,225,48,9,324,237,707,485,44.1,9,3,6,0,28.0,41,6,3,2,1,4.77,0,7.28,42.7,0,0,,,,22,1,1,,23.0,0,0,231,0,199,10,14,9,1,34.0,35.5,3,1,0,0
gauntlet/20261003-143803-scrim-g3escrg2-fill1791037841/replays/CyrilSharma.finalBot__Gauntlet__botA.bc24,CyrilSharma.finalBot,0,B,finalBot,0,2000,MORE_FLAG_CAPTURES,2100,3500,203,12,12,282,9,0,9,13,7,8,384,381,485,707,41.4,9,3,6,0,33.7,31,6,3,3,0,1.84,1,1.85,55.7,55,1,1,1,1.000,51,6,0,,25.0,49,0,,0,0,0,4,0,0,28.0,31.6,1,1,0,0
gauntlet/20261003-143803-scrim-g3escrg2-fill1791037841/replays/CyrilSharma.finalBot__FloodGates__botB.bc24,CyrilSharma.finalBot,0,A,finalBot,0,2000,MORE_FLAG_CAPTURES,500,1700,209,2,2,956,2,0,2,9,5,17,302,292,350,592,42.8,2,1,1,0,23.5,26,15,3,0,0,4.13,1,2.44,64.7,16,0,,,,12,0,0,,25.0,18,0,,0,0,0,24,0,0,9.0,17.5,0,1,0,0
gauntlet/20261003-143803-scrim-g3escrg2-fill1791037841/replays/CyrilSharma.finalBot__FloodGates__botB.bc24,CyrilSharma.finalBot,1,B,g3escrg2,1,2000,MORE_FLAG_CAPTURES,500,1700,238,1,1,1118,21,1,17,223,58,2,294,233,592,350,45.8,18,3,15,0,13.4,25,1,1,13,1,3.22,0,7.10,43.2,0,0,,,,14,7,1,,23.0,0,0,203,0,97,2,10,17,2,17.0,20.5,2,0,0,0
gauntlet/20261003-143803-scrim-g3escrg2-fill1791037841/replays/CyrilSharma.finalBot__Hockey__botA.bc24,CyrilSharma.finalBot,1,A,g3escrg2,1,2000,LEVEL_SUM,3300,3300,582,0,0,1042,4,0,1,84,39,17,238,162,723,570,43.1,1,1,0,0,25.0,35,11,6,0,0,6.18,0,0.00,42.8,24,0,1,0,0.000,26,5,1,,19.3,0,0,1,0,171,5,17,1,0,37.0,40.6,15,7,0,0
gauntlet/20261003-143803-scrim-g3escrg2-fill1791037841/replays/CyrilSharma.finalBot__Hockey__botA.bc24,CyrilSharma.finalBot,0,B,finalBot,0,2000,LEVEL_SUM,3300,3600,202,20,36,310,17,0,17,147,64,1,524,516,570,723,41.2,17,6,11,0,33.1,33,0,1,0,0,0.00,0,5.90,43.3,,0,,,,43,0,1,,25.1,170,0,454,1,0,0,1,0,0,26.0,30.5,0,0,0,0
gauntlet/20261003-143803-scrim-g3escrg2-fill1791037841/replays/CyrilSharma.finalBot__MIT__botA.bc24,CyrilSharma.finalBot,1,A,g3escrg2,1,2000,MORE_FLAG_CAPTURES,7200,16500,202,18,9,205,26,2,21,388,204,42,371,343,473,670,41.9,23,9,14,0,16.5,49,24,21,10,2,1.06,1,3.76,55.8,580,1,6,1,0.167,163,129,1,,19.0,0,0,1,0,1063,22,35,22,2,29.0,45.8,51,28,0,0
gauntlet/20261003-143803-scrim-g3escrg2-fill1791037841/replays/CyrilSharma.finalBot__MIT__botA.bc24,CyrilSharma.finalBot,0,B,finalBot,0,2000,MORE_FLAG_CAPTURES,7200,40700,209,17,20,242,45,1,42,1067,545,21,892,846,670,473,44.2,45,21,24,0,35.1,48,14,9,6,1,1.13,2,4.63,47.9,210,2,4,1,0.250,81,8,0,,25.0,11,0,651,1,0,0,24,0,0,15.0,37.8,8,15,0,0
gauntlet/20261003-143803-scrim-g3escrg2-fill1791037841/replays/CyrilSharma.finalBot__Hurricane__botB.bc24,CyrilSharma.finalBot,0,A,finalBot,0,2000,MORE_FLAG_CAPTURES,4500,4500,201,26,29,202,16,0,15,1396,650,106,383,358,379,262,46.8,16,9,7,0,25.1,37,62,45,0,0,2.79,1,5.38,38.7,261,1,3,1,0.333,91,18,1,,25.0,8,0,225,1,0,0,11,0,0,19.2,25.1,28,61,0,0
gauntlet/20261003-143803-scrim-g3escrg2-fill1791037841/replays/CyrilSharma.finalBot__Hurricane__botB.bc24,CyrilSharma.finalBot,1,B,g3escrg2,1,2000,MORE_FLAG_CAPTURES,4500,4500,201,28,10,208,110,1,106,770,323,15,236,147,262,379,45.5,107,45,62,0,14.7,46,7,9,39,0,0.34,0,4.50,40.4,1234,0,2,0,0.000,102,3,1,,21.1,0,0,1,0,379,11,8,101,5,19.8,30.9,16,17,0,0
gauntlet/20261003-143803-scrim-g3escrg2-fill1791037841/replays/CyrilSharma.finalBot__Islands__botA.bc24,CyrilSharma.finalBot,1,A,g3escrg2,1,2000,MORE_FLAG_CAPTURES,5800,5800,201,12,8,241,7,2,2,197,96,19,289,237,511,496,44.0,4,2,2,0,19.0,47,10,10,0,0,4.68,1,7.23,58.3,48,0,2,1,0.500,50,8,1,,21.8,0,0,1,0,1541,46,28,4,0,19.1,24.7,14,6,0,0
gauntlet/20261003-143803-scrim-g3escrg2-fill1791037841/replays/CyrilSharma.finalBot__Islands__botA.bc24,CyrilSharma.finalBot,0,B,finalBot,0,2000,MORE_FLAG_CAPTURES,5100,5100,201,20,21,218,20,1,19,157,64,2,551,538,496,511,43.8,20,10,10,0,22.2,45,2,2,0,0,0.77,2,3.85,50.1,46,1,2,2,1.000,90,5,1,,25.0,6,0,608,1,0,0,53,0,0,19.8,21.2,0,0,0,0
gauntlet/20261003-143803-scrim-g3escrg2-fill1791037841/replays/CyrilSharma.finalBot__Swoop__botA.bc24,CyrilSharma.finalBot,1,A,g3escrg2,1,1953,CAPTURE,4300,4300,201,3,8,222,37,3,31,234,133,14,259,208,555,617,42.3,34,9,25,0,17.0,47,9,6,9,2,3.17,1,4.83,55.7,61,1,1,1,1.000,47,9,1,,19.4,0,0,1,0,468,25,15,30,2,33.6,36.8,9,3,0,0
gauntlet/20261003-143803-scrim-g3escrg2-fill1791037841/replays/CyrilSharma.finalBot__Swoop__botA.bc24,CyrilSharma.finalBot,0,B,finalBot,0,1953,CAPTURE,4300,4300,201,39,37,268,15,1,14,125,63,31,606,603,617,555,43.1,15,6,9,0,30.1,41,25,9,0,0,2.34,3,2.95,47.4,73,3,2,0,0.000,66,6,1,,25.0,17,0,733,1,0,0,5,0,0,30.0,30.7,4,5,0,0
gauntlet/20261003-143803-scrim-g3escrg2-fill1791037841/replays/CyrilSharma.finalBot__Puzzle__botB.bc24,CyrilSharma.finalBot,0,A,finalBot,0,1957,CAPTURE,0,18700,202,35,36,258,43,1,42,440,193,24,667,666,604,544,43.3,43,13,30,0,33.9,40,18,9,14,0,1.04,3,5.34,42.5,225,3,3,2,0.667,111,19,0,,25.0,10,0,339,1,0,0,5,0,0,28.0,32.7,2,4,1,0
gauntlet/20261003-143803-scrim-g3escrg2-fill1791037841/replays/CyrilSharma.finalBot__Puzzle__botB.bc24,CyrilSharma.finalBot,1,B,g3escrg2,1,1957,CAPTURE,0,4400,207,7,2,241,30,3,24,404,198,42,235,185,544,604,42.5,27,9,18,0,23.7,40,30,13,14,2,3.63,1,5.58,45.9,115,0,6,1,0.167,107,55,1,,18.6,0,0,1,0,1056,24,21,26,3,28.0,34.9,28,12,0,1
gauntlet/20261003-143803-scrim-g3escrg2-fill1791037841/replays/CyrilSharma.finalBot__WheresMyWater__botA.bc24,CyrilSharma.finalBot,1,A,g3escrg2,1,1220,CAPTURE,3000,3000,201,1,0,201,14,3,8,231,108,12,159,140,473,443,41.2,11,4,7,0,17.3,47,10,4,0,1,5.75,2,6.17,45.4,16,0,1,1,1.000,45,26,1,,18.1,0,0,1,0,1630,3,44,11,0,10.3,17.7,3,1,2,2
gauntlet/20261003-143803-scrim-g3escrg2-fill1791037841/replays/CyrilSharma.finalBot__WheresMyWater__botA.bc24,CyrilSharma.finalBot,0,B,finalBot,0,1220,CAPTURE,3000,5400,201,28,37,201,14,2,12,85,35,8,410,405,443,473,40.7,14,4,10,0,21.8,46,7,4,3,0,3.57,3,9.66,44.6,30,1,1,1,1.000,35,11,1,,25.0,43,0,,1,0,0,6,0,0,10.8,16.7,5,3,2,2
