file,opp,us,team,name,won,rounds,wintype,gathered200,gathered400,firstEnemySide,inEnemy250,inEnemy300,firstFlagSight,pickups,captured,carrierDeaths,carrierRounds,carrierMoves,enemyCarrierKills,trapsBuilt,trapsHit,kills,deaths,meanAlive,postPickups,firstGrabs,regrabs,relayPickups,carrierDeathDist,damStage199,enemyRegrabs,enemyFirstGrabs,regrabsLate,capturedLate,chasers20,enemyCaptured,escorts20,stillPost
gauntlet/20261002-121818-scrim-b1v2-fill1790943205/losses/IvanGeffner.kuma__Intercontinental__botB.bc24,IvanGeffner.kuma,0,A,kuma,1,376,CAPTURE,2400,5700,201,32,31,225,30,3,8,132,62,0,55,47,53,29,48.3,30,5,7,18,18.6,43,0,0,0,0,0.00,0,2.47,32.3
gauntlet/20261002-121818-scrim-b1v2-fill1790943205/losses/IvanGeffner.kuma__Intercontinental__botB.bc24,IvanGeffner.kuma,1,B,b1v2,0,376,CAPTURE,2400,3600,201,17,6,301,0,0,0,0,0,8,23,21,29,53,46.8,0,0,0,0,,48,7,5,0,0,2.11,3,0.00,41.1
gauntlet/20261002-121818-scrim-b1v2-fill1790943205/losses/Gymhgy.v10official__Islands__botB.bc24,Gymhgy.v10official,0,A,v10official,1,442,CAPTURE,5800,5800,201,24,11,223,34,3,4,668,130,4,82,57,35,47,47.4,31,9,0,22,17.0,47,0,6,0,0,0.95,1,9.51,9.5
gauntlet/20261002-121818-scrim-b1v2-fill1790943205/losses/Gymhgy.v10official__Islands__botB.bc24,Gymhgy.v10official,1,B,b1v2,0,442,CAPTURE,5800,5800,201,22,25,224,6,1,4,176,83,4,74,58,47,35,48.1,6,6,0,0,11.3,47,0,9,0,0,1.82,3,3.49,31.8
gauntlet/20261002-121818-scrim-b1v2-fill1790943205/losses/NotLLeon.v3__Decision__botA.bc24,NotLLeon.v3,1,A,b1v2,0,623,CAPTURE,1900,1900,202,17,24,223,6,1,5,180,87,19,47,45,77,59,47.7,6,6,0,0,43.8,40,13,9,0,0,1.81,3,2.43,22.0
gauntlet/20261002-121818-scrim-b1v2-fill1790943205/losses/NotLLeon.v3__Decision__botA.bc24,NotLLeon.v3,0,B,v3,1,623,CAPTURE,1900,1900,206,20,25,251,29,3,19,408,194,5,78,73,59,77,47.2,29,9,13,7,44.2,33,0,6,0,0,0.77,1,5.84,8.5
gauntlet/20261002-121818-scrim-b1v2-fill1790943205/losses/ColtG5.Goob_final__StackGame__botA.bc24,ColtG5.Goob_final,1,A,b1v2,0,2000,MORE_FLAG_CAPTURES,4600,4600,255,0,0,1007,0,0,0,0,0,16,252,241,1412,686,41.7,0,0,0,0,,43,6,11,0,0,6.42,1,0.00,37.1
gauntlet/20261002-121818-scrim-b1v2-fill1790943205/losses/ColtG5.Goob_final__StackGame__botA.bc24,ColtG5.Goob_final,0,B,Goob_final,1,2000,MORE_FLAG_CAPTURES,4600,4600,201,29,37,220,17,1,16,60,20,0,389,360,686,1412,32.8,17,11,6,0,18.4,40,0,0,1,0,0.00,0,5.75,17.0
gauntlet/20261002-121818-scrim-b1v2-fill1790943205/losses/SampleProvider.TSPAARKSPRINT1__EvilGrin__botB.bc24,SampleProvider.TSPAARKSPRINT1,0,A,TSPAARKSPRINT1,1,994,CAPTURE,2000,7300,205,2,32,291,42,3,36,678,211,19,92,80,117,255,43.7,39,11,28,0,18.4,45,2,19,0,0,2.06,0,13.17,17.0
gauntlet/20261002-121818-scrim-b1v2-fill1790943205/losses/SampleProvider.TSPAARKSPRINT1__EvilGrin__botB.bc24,SampleProvider.TSPAARKSPRINT1,1,B,b1v2,0,994,CAPTURE,2000,2100,205,30,29,227,21,0,19,401,190,36,119,114,255,117,47.1,21,19,2,0,21.2,44,28,11,0,0,2.70,3,4.32,35.8
gauntlet/20261002-121818-scrim-b1v2-fill1790943205/losses/NotLLeon.v3__Digging__botA.bc24,NotLLeon.v3,1,A,b1v2,0,1833,CAPTURE,700,1600,223,0,0,810,0,0,0,0,0,9,195,193,644,783,39.6,0,0,0,0,,45,5,7,0,0,3.93,3,0.00,35.3
gauntlet/20261002-121818-scrim-b1v2-fill1790943205/losses/NotLLeon.v3__Digging__botA.bc24,NotLLeon.v3,0,B,v3,1,1833,CAPTURE,700,3100,206,28,16,242,24,3,9,103,50,0,317,307,783,644,41.5,24,7,5,12,24.4,43,0,0,3,2,0.00,0,13.30,12.1
gauntlet/20261002-121818-scrim-b1v2-fill1790943205/losses/IvanGeffner.kuma__Fusbol__botB.bc24,IvanGeffner.kuma,0,A,kuma,1,2000,MORE_FLAG_CAPTURES,7200,9900,202,26,31,278,36,1,27,175,69,0,692,658,796,319,46.1,36,26,5,5,43.9,40,0,0,5,1,0.00,0,4.43,29.7
gauntlet/20261002-121818-scrim-b1v2-fill1790943205/losses/IvanGeffner.kuma__Fusbol__botB.bc24,IvanGeffner.kuma,1,B,b1v2,0,2000,MORE_FLAG_CAPTURES,7200,8100,208,11,9,494,0,0,0,0,0,27,244,232,319,796,39.9,0,0,0,0,,41,5,26,0,0,1.26,1,0.00,46.6
gauntlet/20261002-121818-scrim-b1v2-fill1790943205/losses/Gymhgy.v10official__QueenOfHearts__botB.bc24,Gymhgy.v10official,0,A,v10official,1,2000,MORE_FLAG_CAPTURES,3500,3500,201,33,32,246,28,2,3,716,165,11,317,255,363,451,44.5,25,5,0,20,22.3,41,2,9,0,0,1.27,0,8.05,5.2
gauntlet/20261002-121818-scrim-b1v2-fill1790943205/losses/Gymhgy.v10official__QueenOfHearts__botB.bc24,Gymhgy.v10official,1,B,b1v2,0,2000,MORE_FLAG_CAPTURES,3500,3500,201,19,21,290,11,0,11,266,124,3,209,196,451,363,45.6,11,9,2,0,32.4,43,0,5,0,0,1.06,2,2.44,35.7
gauntlet/20261002-121818-scrim-b1v2-fill1790943205/losses/Strequals.duck0127v5__Waterworld__botA.bc24,Strequals.duck0127v5,1,A,b1v2,0,640,CAPTURE,11200,16800,204,27,18,283,8,0,8,60,22,9,124,113,59,142,44.7,8,7,1,0,27.0,40,7,5,0,0,2.39,3,1.98,38.2
gauntlet/20261002-121818-scrim-b1v2-fill1790943205/losses/Strequals.duck0127v5__Waterworld__botA.bc24,Strequals.duck0127v5,0,B,duck0127v5,1,640,CAPTURE,13900,15500,213,0,6,315,12,3,9,173,83,8,270,192,142,59,47.8,12,5,7,0,22.9,8,1,7,0,0,3.23,0,10.63,32.0
gauntlet/20261002-121818-scrim-b1v2-fill1790943205/losses/andli28.v9_USQuals_angle__StackGame__botA.bc24,andli28.v9_USQuals_angle,1,A,b1v2,0,921,CAPTURE,4600,4600,203,0,0,705,3,0,3,10,4,32,131,127,169,317,41.7,3,2,1,0,22.7,43,21,14,0,0,5.82,3,2.10,37.4
gauntlet/20261002-121818-scrim-b1v2-fill1790943205/losses/andli28.v9_USQuals_angle__StackGame__botA.bc24,andli28.v9_USQuals_angle,0,B,v9_USQuals_angle,1,921,CAPTURE,4600,4600,201,23,33,301,35,3,32,150,58,3,298,283,317,169,45.6,35,14,21,0,18.6,38,1,2,0,0,1.80,0,5.71,14.9
gauntlet/20261002-121818-scrim-b1v2-fill1790943205/losses/andrewgopher.player22__Digging__botA.bc24,andrewgopher.player22,1,A,b1v2,0,1706,CAPTURE,700,1900,206,0,0,605,0,0,0,0,0,4,187,185,704,775,39.0,0,0,0,0,,40,4,3,0,0,2.69,3,0.00,38.2
gauntlet/20261002-121818-scrim-b1v2-fill1790943205/losses/andrewgopher.player22__Digging__botA.bc24,andrewgopher.player22,0,B,player22,1,1706,CAPTURE,700,3700,208,11,6,323,10,3,4,121,57,0,378,351,775,704,39.9,7,3,4,0,17.0,35,0,0,4,2,0.00,0,10.44,17.5
gauntlet/20261002-121818-scrim-b1v2-fill1790943205/losses/andrewgopher.player22__ORV__botA.bc24,andrewgopher.player22,1,A,b1v2,0,583,CAPTURE,3200,3800,204,5,0,0,0,0,0,0,0,6,85,80,199,119,45.0,0,0,0,0,,46,2,7,0,0,0.70,3,0.00,32.5
gauntlet/20261002-121818-scrim-b1v2-fill1790943205/losses/andrewgopher.player22__ORV__botA.bc24,andrewgopher.player22,0,B,player22,1,583,CAPTURE,3200,7400,205,23,26,242,12,3,6,153,74,0,116,96,119,199,41.9,9,7,2,0,20.2,44,0,0,0,0,0.00,0,5.01,18.2
gauntlet/20261002-121818-scrim-b1v2-fill1790943205/losses/chenyx512.flagbot_final__CH3353C4K3F4CT0RY__botA.bc24,chenyx512.flagbot_final,1,A,b1v2,0,802,CAPTURE,13000,13000,203,22,25,239,5,1,4,77,31,12,195,185,77,284,41.4,5,3,2,0,24.0,45,8,7,0,0,3.16,3,6.78,39.4
gauntlet/20261002-121818-scrim-b1v2-fill1790943205/losses/chenyx512.flagbot_final__CH3353C4K3F4CT0RY__botA.bc24,chenyx512.flagbot_final,0,B,flagbot_final,1,802,CAPTURE,13000,13400,202,19,18,305,18,3,12,748,316,4,409,315,284,77,47.5,15,7,8,0,21.0,37,2,3,0,0,2.71,1,9.39,25.9
gauntlet/20261002-121818-scrim-b1v2-fill1790943205/losses/chenyx512.flagbot_final__Asteroids__botB.bc24,chenyx512.flagbot_final,0,A,flagbot_final,1,1285,CAPTURE,800,4800,210,9,23,294,26,3,20,881,267,11,424,372,591,120,47.7,23,15,8,0,31.7,37,1,10,0,1,2.06,0,9.64,22.1
gauntlet/20261002-121818-scrim-b1v2-fill1790943205/losses/chenyx512.flagbot_final__Asteroids__botB.bc24,chenyx512.flagbot_final,1,B,b1v2,0,1285,CAPTURE,800,1500,210,7,13,285,11,0,11,215,99,20,124,117,120,591,38.8,11,10,1,0,26.5,35,8,15,0,0,1.31,3,3.02,32.2
gauntlet/20261002-121818-scrim-b1v2-fill1790943205/losses/jmerle.camel_case_v21_final__Intercontinental__botA.bc24,jmerle.camel_case_v21_final,1,A,b1v2,0,395,CAPTURE,2400,3300,201,1,2,232,1,0,1,4,2,2,16,14,59,60,46.3,1,1,0,0,20.0,47,2,3,0,0,0.75,3,0.00,28.3
gauntlet/20261002-121818-scrim-b1v2-fill1790943205/losses/jmerle.camel_case_v21_final__Intercontinental__botA.bc24,jmerle.camel_case_v21_final,0,B,camel_case_v21_final,1,395,CAPTURE,2400,6000,201,40,24,221,5,3,2,174,86,1,42,39,60,59,46.5,5,3,2,0,19.5,48,0,1,0,0,2.00,0,6.08,3.2
gauntlet/20261002-121818-scrim-b1v2-fill1790943205/losses/hsmalladi.finalbot__StarryNight__botB.bc24,hsmalladi.finalbot,0,A,finalbot,1,702,CAPTURE,13600,19000,201,34,25,205,30,3,17,731,158,4,242,233,188,140,45.2,27,6,14,7,13.8,46,0,4,0,0,0.79,0,10.03,20.5
gauntlet/20261002-121818-scrim-b1v2-fill1790943205/losses/hsmalladi.finalbot__StarryNight__botB.bc24,hsmalladi.finalbot,1,B,b1v2,0,702,CAPTURE,13600,13600,201,12,8,219,4,0,4,67,22,17,178,163,140,188,43.6,4,4,0,0,19.8,48,14,6,0,0,7.01,3,3.00,42.2
gauntlet/20261002-121818-scrim-b1v2-fill1790943205/losses/clbarrell.duck8__Whirlpool__botB.bc24,clbarrell.duck8,0,A,duck8,1,2000,MORE_FLAG_CAPTURES,2800,6900,201,14,21,295,21,1,20,113,44,0,302,254,447,934,38.6,21,9,12,0,19.6,32,0,0,5,0,0.00,0,10.07,34.3
gauntlet/20261002-121818-scrim-b1v2-fill1790943205/losses/clbarrell.duck8__Whirlpool__botB.bc24,clbarrell.duck8,1,B,b1v2,0,2000,MORE_FLAG_CAPTURES,2800,3100,201,21,15,610,0,0,0,0,0,20,208,189,934,447,44.6,0,0,0,0,,46,12,9,0,0,4.69,1,0.00,28.1
gauntlet/20261002-121818-scrim-b1v2-fill1790943205/losses/kyleezz.jeeryfix3__Battlefield__botA.bc24,kyleezz.jeeryfix3,1,A,b1v2,0,274,CAPTURE,3700,3700,202,0,0,243,0,0,0,0,0,5,58,42,46,23,48.3,0,0,0,0,,43,5,3,0,0,5.73,3,0.00,31.9
gauntlet/20261002-121818-scrim-b1v2-fill1790943205/losses/kyleezz.jeeryfix3__Battlefield__botA.bc24,kyleezz.jeeryfix3,0,B,jeeryfix3,1,274,CAPTURE,3700,3700,203,17,0,207,8,3,5,40,22,0,36,21,23,46,46.4,8,3,5,0,6.4,42,0,0,0,0,0.00,0,8.83,21.7
gauntlet/20261002-121818-scrim-b1v2-fill1790943205/losses/jmerle.camel_case_v21_final__Snake__botA.bc24,jmerle.camel_case_v21_final,1,A,b1v2,0,599,CAPTURE,13100,27300,203,23,21,259,9,0,9,75,33,7,271,252,145,159,43.5,9,8,1,0,32.9,47,4,6,0,0,1.16,3,1.77,45.5
gauntlet/20261002-121818-scrim-b1v2-fill1790943205/losses/jmerle.camel_case_v21_final__Snake__botA.bc24,jmerle.camel_case_v21_final,0,B,camel_case_v21_final,1,599,CAPTURE,13100,33600,204,25,22,239,10,3,7,217,105,9,367,350,159,145,44.2,10,6,4,0,34.9,37,1,8,0,0,1.91,0,7.28,12.9
gauntlet/20261002-121818-scrim-b1v2-fill1790943205/losses/quesswho.cretplayer2_3__QuestionableChess__botA.bc24,quesswho.cretplayer2_3,1,A,b1v2,0,594,CAPTURE,0,0,201,12,18,215,8,0,8,191,87,13,45,35,158,113,45.4,8,8,0,0,16.9,42,13,3,0,0,3.11,3,5.82,30.4
gauntlet/20261002-121818-scrim-b1v2-fill1790943205/losses/quesswho.cretplayer2_3__QuestionableChess__botA.bc24,quesswho.cretplayer2_3,0,B,cretplayer2_3,1,594,CAPTURE,0,0,203,4,22,217,19,3,13,910,255,8,25,21,113,158,42.8,16,3,13,0,12.4,23,0,8,0,0,1.04,0,17.97,21.8
gauntlet/20261002-121818-scrim-b1v2-fill1790943205/losses/kyleezz.jeeryfix3__StackGame__botA.bc24,kyleezz.jeeryfix3,1,A,b1v2,0,527,CAPTURE,4600,4600,0,0,0,0,0,0,0,0,0,12,91,88,206,119,44.8,0,0,0,0,,43,8,7,0,0,4.87,3,0.00,40.1
gauntlet/20261002-121818-scrim-b1v2-fill1790943205/losses/kyleezz.jeeryfix3__StackGame__botA.bc24,kyleezz.jeeryfix3,0,B,jeeryfix3,1,527,CAPTURE,4600,4600,201,27,29,223,15,3,12,99,45,0,119,96,119,206,40.8,15,7,8,0,16.3,43,0,0,0,0,0.00,0,8.23,11.8
gauntlet/20261002-121818-scrim-b1v2-fill1790943205/losses/winkelmantanner.waffle__Joker__botA.bc24,winkelmantanner.waffle,1,A,b1v2,0,814,CAPTURE,14500,20500,201,14,12,216,3,1,2,102,42,13,292,281,224,133,46.0,3,3,0,0,26.5,45,11,5,0,0,2.29,3,4.23,34.9
gauntlet/20261002-121818-scrim-b1v2-fill1790943205/losses/winkelmantanner.waffle__Joker__botA.bc24,winkelmantanner.waffle,0,B,waffle,1,814,CAPTURE,14500,19100,207,22,34,283,16,3,13,283,136,2,304,256,133,224,43.4,16,5,11,0,20.5,26,0,3,0,0,0.40,1,5.00,15.1
gauntlet/20261002-121818-scrim-b1v2-fill1790943205/replays/ColtG5.Goob_final__Canals__botA.bc24,ColtG5.Goob_final,1,A,b1v2,1,2000,LEVEL_SUM,4600,4800,272,0,4,301,6,1,5,188,95,2,321,256,1332,423,44.8,6,4,2,0,20.6,47,1,2,2,1,1.55,1,8.26,28.3
gauntlet/20261002-121818-scrim-b1v2-fill1790943205/replays/ColtG5.Goob_final__Canals__botA.bc24,ColtG5.Goob_final,0,B,Goob_final,0,2000,LEVEL_SUM,4600,4900,202,35,22,226,3,1,2,31,14,5,310,301,423,1332,33.8,3,2,1,0,25.5,47,2,4,0,0,1.27,1,9.16,13.9
gauntlet/20261002-121818-scrim-b1v2-fill1790943205/replays/SampleProvider.TSPAARKSPRINT1__Intercontinental__botB.bc24,SampleProvider.TSPAARKSPRINT1,0,A,TSPAARKSPRINT1,0,1248,CAPTURE,2400,3900,201,6,18,250,33,0,29,617,187,29,39,33,104,359,42.9,30,12,18,0,21.2,48,3,29,2,0,2.91,3,6.39,14.0
gauntlet/20261002-121818-scrim-b1v2-fill1790943205/replays/SampleProvider.TSPAARKSPRINT1__Intercontinental__botB.bc24,SampleProvider.TSPAARKSPRINT1,1,B,b1v2,1,1248,CAPTURE,2400,4500,201,17,16,236,32,3,29,467,216,29,114,112,359,104,48.0,32,29,3,0,16.9,48,18,12,0,1,4.08,0,6.97,36.3
gauntlet/20261002-121818-scrim-b1v2-fill1790943205/replays/CyrilSharma.finalBot__Yinyang__botB.bc24,CyrilSharma.finalBot,0,A,finalBot,0,1416,CAPTURE,2900,3500,201,24,10,218,37,2,35,239,101,5,383,376,533,515,41.2,37,7,30,0,19.9,46,3,5,12,0,1.79,3,7.18,47.6
gauntlet/20261002-121818-scrim-b1v2-fill1790943205/replays/CyrilSharma.finalBot__Yinyang__botB.bc24,CyrilSharma.finalBot,1,B,b1v2,1,1416,CAPTURE,2900,2900,201,16,8,218,8,3,5,104,44,35,171,164,515,533,40.9,8,5,3,0,11.0,47,30,7,1,1,5.39,2,6.20,48.2
gauntlet/20261002-121818-scrim-b1v2-fill1790943205/replays/CyrilSharma.finalBot__English__botA.bc24,CyrilSharma.finalBot,1,A,b1v2,1,2000,LEVEL_SUM,10900,10900,201,23,21,236,13,2,11,260,119,23,252,221,421,324,46.0,13,7,6,0,23.5,47,15,10,1,0,2.68,2,3.61,61.9
gauntlet/20261002-121818-scrim-b1v2-fill1790943205/replays/CyrilSharma.finalBot__English__botA.bc24,CyrilSharma.finalBot,0,B,finalBot,0,2000,LEVEL_SUM,10900,10900,201,22,19,265,25,2,23,264,120,11,491,474,324,421,44.9,25,10,15,0,32.7,46,6,7,0,0,1.01,2,4.44,54.0
gauntlet/20261002-121818-scrim-b1v2-fill1790943205/replays/andli28.v9_USQuals_angle__Fusbol__botA.bc24,andli28.v9_USQuals_angle,1,A,b1v2,1,2000,LEVEL_SUM,7200,13800,202,46,44,241,0,0,0,0,0,3,335,294,409,526,42.7,0,0,0,0,,30,2,1,0,0,2.42,0,0.00,24.7
gauntlet/20261002-121818-scrim-b1v2-fill1790943205/replays/andli28.v9_USQuals_angle__Fusbol__botA.bc24,andli28.v9_USQuals_angle,0,B,v9_USQuals_angle,0,2000,LEVEL_SUM,1800,4200,318,0,0,353,3,0,3,12,6,0,451,425,526,409,43.3,3,1,2,0,50.3,18,0,0,2,0,0.00,0,3.50,20.2
gauntlet/20261002-121818-scrim-b1v2-fill1790943205/replays/awu7.ExplosiveBot__Hurricane__botB.bc24,awu7.ExplosiveBot,0,A,ExplosiveBot,0,2000,MORE_FLAG_CAPTURES,4500,4500,201,0,3,204,27,0,26,105,39,33,125,110,159,900,39.1,27,18,8,1,17.2,28,6,29,1,0,1.51,2,1.01,10.6
gauntlet/20261002-121818-scrim-b1v2-fill1790943205/replays/awu7.ExplosiveBot__Hurricane__botB.bc24,awu7.ExplosiveBot,1,B,b1v2,1,2000,MORE_FLAG_CAPTURES,4500,4500,201,21,41,207,35,2,33,842,425,26,455,353,900,159,48.1,35,29,6,0,18.5,45,8,18,4,2,3.12,0,6.15,27.6
gauntlet/20261002-121818-scrim-b1v2-fill1790943205/replays/awu7.ExplosiveBot__Hockey__botA.bc24,awu7.ExplosiveBot,1,A,b1v2,1,1127,CAPTURE,3300,3300,225,12,19,255,6,3,3,294,145,3,331,242,847,128,47.2,6,6,0,0,34.7,37,0,3,0,0,4.92,0,9.54,20.6
gauntlet/20261002-121818-scrim-b1v2-fill1790943205/replays/awu7.ExplosiveBot__Hockey__botA.bc24,awu7.ExplosiveBot,0,B,ExplosiveBot,0,1127,CAPTURE,3300,3600,204,3,5,232,3,0,3,13,6,3,89,81,128,847,32.0,3,3,0,0,26.3,26,0,6,0,0,1.83,3,1.31,18.1
gauntlet/20261002-121818-scrim-b1v2-fill1790943205/replays/Strequals.duck0127v5__Divergent__botA.bc24,Strequals.duck0127v5,1,A,b1v2,1,2000,LEVEL_SUM,3400,3400,222,4,10,592,11,0,11,40,13,43,222,208,234,469,44.3,11,9,2,0,26.1,47,19,24,2,0,1.89,0,3.05,37.3
gauntlet/20261002-121818-scrim-b1v2-fill1790943205/replays/Strequals.duck0127v5__Divergent__botA.bc24,Strequals.duck0127v5,0,B,duck0127v5,0,2000,LEVEL_SUM,3700,4000,204,7,8,228,43,0,43,556,286,11,558,512,469,234,47.2,43,24,19,0,26.9,32,2,9,5,0,2.10,0,3.17,31.2
gauntlet/20261002-121818-scrim-b1v2-fill1790943205/replays/clbarrell.duck8__Decision__botA.bc24,clbarrell.duck8,1,A,b1v2,1,876,CAPTURE,1900,1900,202,33,30,231,10,3,7,492,237,19,118,64,205,159,45.6,10,9,1,0,39.7,36,15,7,0,0,1.22,2,4.46,17.4
gauntlet/20261002-121818-scrim-b1v2-fill1790943205/replays/clbarrell.duck8__Decision__botA.bc24,clbarrell.duck8,0,B,duck8,0,876,CAPTURE,1900,1900,204,26,35,254,22,2,19,467,212,7,98,76,159,205,44.3,22,7,15,0,18.8,24,1,9,0,0,0.72,3,8.42,24.9
gauntlet/20261002-121818-scrim-b1v2-fill1790943205/replays/dmtrung14.defaultplayer_intlqualifier__Mountain__botA.bc24,dmtrung14.defaultplayer_intlqualifier,1,A,b1v2,1,2000,LEVEL_SUM,4100,5300,202,7,9,228,1,0,1,2,0,4,231,156,327,25,49.7,1,1,0,0,12.0,46,1,3,0,0,1.11,0,1.00,76.2
gauntlet/20261002-121818-scrim-b1v2-fill1790943205/replays/dmtrung14.defaultplayer_intlqualifier__Mountain__botA.bc24,dmtrung14.defaultplayer_intlqualifier,0,B,defaultplayer_intlqualifier,0,2000,LEVEL_SUM,4100,5000,201,17,11,202,10,0,4,360,83,1,48,34,25,327,45.1,7,3,1,3,14.5,47,0,1,1,0,10.00,0,2.28,58.3
gauntlet/20261002-121818-scrim-b1v2-fill1790943205/replays/jonters.bling3__Digging__botA.bc24,jonters.bling3,1,A,b1v2,1,1578,CAPTURE,700,1400,318,0,0,441,12,3,9,284,132,10,269,177,954,205,46.8,12,7,5,0,18.0,45,7,4,5,3,8.51,1,13.82,23.2
gauntlet/20261002-121818-scrim-b1v2-fill1790943205/replays/jonters.bling3__Digging__botA.bc24,jonters.bling3,0,B,bling3,0,1578,CAPTURE,700,3600,205,22,28,247,11,1,10,74,33,9,88,88,205,954,34.9,11,4,7,0,11.9,35,5,7,0,0,1.40,3,21.49,5.5
gauntlet/20261002-121818-scrim-b1v2-fill1790943205/replays/jonters.bling3__Soccer__botA.bc24,jonters.bling3,1,A,b1v2,1,941,CAPTURE,3000,3100,202,9,11,213,14,3,11,293,141,0,162,104,215,91,47.7,14,11,3,0,27.0,31,0,0,0,0,0.00,0,10.10,30.5
gauntlet/20261002-121818-scrim-b1v2-fill1790943205/replays/jonters.bling3__Soccer__botA.bc24,jonters.bling3,0,B,bling3,0,941,CAPTURE,3000,3000,245,0,0,860,0,0,0,0,0,11,50,44,91,215,44.2,0,0,0,0,,30,3,11,0,0,1.10,3,0.00,5.4
gauntlet/20261002-121818-scrim-b1v2-fill1790943205/replays/dmtrung14.defaultplayer_intlqualifier__OceanFloor__botA.bc24,dmtrung14.defaultplayer_intlqualifier,1,A,b1v2,1,2000,LEVEL_SUM,1400,1500,201,41,41,219,5,1,4,110,53,23,468,217,1052,61,49.2,5,4,1,0,36.5,47,15,9,0,0,1.61,1,5.39,60.3
gauntlet/20261002-121818-scrim-b1v2-fill1790943205/replays/dmtrung14.defaultplayer_intlqualifier__OceanFloor__botA.bc24,dmtrung14.defaultplayer_intlqualifier,0,B,defaultplayer_intlqualifier,0,2000,LEVEL_SUM,900,1300,201,24,17,223,61,1,23,617,222,4,55,43,61,1052,37.1,58,9,15,34,17.6,42,1,4,0,0,1.98,1,4.92,39.6
gauntlet/20261002-121818-scrim-b1v2-fill1790943205/replays/justinottesen.sprint1__Canals__botA.bc24,justinottesen.sprint1,1,A,b1v2,1,735,CAPTURE,4600,4600,211,7,14,287,7,3,4,357,175,9,185,176,445,43,48.5,7,5,2,0,31.8,47,0,10,0,0,1.29,0,11.98,18.2
gauntlet/20261002-121818-scrim-b1v2-fill1790943205/replays/justinottesen.sprint1__Canals__botA.bc24,justinottesen.sprint1,0,B,sprint1,0,735,CAPTURE,4300,6100,203,0,1,331,10,0,9,134,58,4,56,55,43,445,35.5,10,10,0,0,20.1,42,2,5,0,0,0.82,3,2.99,9.2
gauntlet/20261002-121818-scrim-b1v2-fill1790943205/replays/hsmalladi.finalbot__FloodGates__botA.bc24,hsmalladi.finalbot,1,A,b1v2,1,2000,LEVEL_SUM,500,1700,0,0,0,0,0,0,0,0,0,0,188,0,0,0,50.0,0,0,0,0,,25,0,0,0,0,0.00,0,0.00,65.7
gauntlet/20261002-121818-scrim-b1v2-fill1790943205/replays/hsmalladi.finalbot__FloodGates__botA.bc24,hsmalladi.finalbot,0,B,finalbot,0,2000,LEVEL_SUM,500,1700,216,1,1,0,3,0,0,594,11,0,8,0,0,0,50.0,0,0,0,0,,24,0,0,0,0,0.00,0,0.00,64.8
gauntlet/20261002-121818-scrim-b1v2-fill1790943205/replays/justinottesen.sprint1__Foxes__botA.bc24,justinottesen.sprint1,1,A,b1v2,1,730,CAPTURE,7500,7500,202,15,5,284,11,3,8,493,242,5,210,197,357,81,47.2,11,10,1,0,25.4,43,0,6,0,0,0.82,0,4.72,21.9
gauntlet/20261002-121818-scrim-b1v2-fill1790943205/replays/justinottesen.sprint1__Foxes__botA.bc24,justinottesen.sprint1,0,B,sprint1,0,730,CAPTURE,6600,6600,213,1,15,265,6,0,5,137,65,8,71,69,81,357,38.4,6,6,0,0,30.2,23,1,10,0,0,0.60,3,1.31,7.6
gauntlet/20261002-121818-scrim-b1v2-fill1790943205/replays/quesswho.cretplayer2_3__MazeRunner__botB.bc24,quesswho.cretplayer2_3,0,A,cretplayer2_3,0,2000,LEVEL_SUM,2600,4100,209,8,21,300,9,1,5,1012,194,11,208,196,389,1122,36.1,6,2,4,0,21.8,4,1,12,0,0,1.17,1,17.32,15.9
gauntlet/20261002-121818-scrim-b1v2-fill1790943205/replays/quesswho.cretplayer2_3__MazeRunner__botB.bc24,quesswho.cretplayer2_3,1,B,b1v2,1,2000,LEVEL_SUM,2600,6500,207,15,26,329,13,1,11,493,249,5,268,184,1122,389,45.3,13,12,1,0,27.0,45,4,2,0,0,1.07,1,6.05,31.9
gauntlet/20261002-121818-scrim-b1v2-fill1790943205/replays/winkelmantanner.waffle__BigDucksBigPond__botB.bc24,winkelmantanner.waffle,0,A,waffle,0,1866,CAPTURE,2100,2100,201,26,22,235,60,2,58,591,255,11,232,232,307,1179,34.5,60,14,46,0,34.1,33,2,12,25,1,0.64,3,4.43,12.6
gauntlet/20261002-121818-scrim-b1v2-fill1790943205/replays/winkelmantanner.waffle__BigDucksBigPond__botB.bc24,winkelmantanner.waffle,1,B,b1v2,1,1866,CAPTURE,5100,11900,201,23,22,226,14,3,11,602,298,58,455,421,1179,307,46.0,14,12,2,0,33.6,46,46,14,1,2,2.05,2,9.11,23.4
