file,opp,us,team,name,won,rounds,wintype,gathered200,gathered400,firstEnemySide,inEnemy250,inEnemy300,firstFlagSight,pickups,captured,carrierDeaths,carrierRounds,carrierMoves,enemyCarrierKills,trapsBuilt,trapsHit,kills,deaths,meanAlive,postPickups,firstGrabs,regrabs,relayPickups,carrierDeathDist,damStage199,enemyRegrabs,enemyFirstGrabs,regrabsLate,capturedLate,chasers20,enemyCaptured,escorts20,stillPost,enemyUnseenRounds,unopposedCaps,longTrips25,longCaps25,longCapRate,loneDeaths,trickleDeaths,symOk
gauntlet/20261002-155153-scrim-b1z2b-fill1790955660/losses/IvanGeffner.kuma__Starfish__botB.bc24,IvanGeffner.kuma,0,A,kuma,1,321,CAPTURE,4100,4200,201,22,8,201,29,3,8,41,13,1,10,9,17,39,47.3,29,6,6,17,9.3,45,1,1,0,0,8.36,1,6.39,35.5,0,0,0,,,5,0,0
gauntlet/20261002-155153-scrim-b1z2b-fill1790955660/losses/IvanGeffner.kuma__Starfish__botB.bc24,IvanGeffner.kuma,1,B,b1z2b,0,321,CAPTURE,4100,4100,201,12,9,201,2,1,1,11,5,8,26,24,39,17,48.8,2,1,1,0,5.0,43,6,6,0,0,8.66,3,16.91,36.1,12,3,0,,,2,0,1
gauntlet/20261002-155153-scrim-b1z2b-fill1790955660/losses/NotLLeon.v3__Pancakes__botB.bc24,NotLLeon.v3,0,A,v3,1,477,CAPTURE,0,4600,223,10,23,276,14,3,3,209,95,6,92,85,52,75,46.4,14,5,1,8,8.7,47,4,5,0,0,1.40,2,7.75,14.9,124,1,4,2,0.500,25,16,0
gauntlet/20261002-155153-scrim-b1z2b-fill1790955660/losses/NotLLeon.v3__Pancakes__botB.bc24,NotLLeon.v3,1,B,b1z2b,0,477,CAPTURE,0,4500,201,39,29,220,9,2,6,211,100,3,86,82,75,52,47.3,9,5,4,0,16.5,48,1,5,0,0,1.52,3,7.12,24.7,123,2,4,1,0.250,13,6,0
gauntlet/20261002-155153-scrim-b1z2b-fill1790955660/losses/CyrilSharma.finalBot__Swoop__botA.bc24,CyrilSharma.finalBot,1,A,b1z2b,0,886,CAPTURE,4300,4300,201,21,17,226,9,0,9,92,32,22,120,111,181,178,45.1,9,6,3,0,27.8,47,18,7,0,0,2.21,3,4.62,52.5,127,1,4,2,0.500,30,7,1
gauntlet/20261002-155153-scrim-b1z2b-fill1790955660/losses/CyrilSharma.finalBot__Swoop__botA.bc24,CyrilSharma.finalBot,0,B,finalBot,1,886,CAPTURE,4300,4300,201,33,23,252,25,3,22,312,151,9,238,215,178,181,45.1,25,7,18,0,23.3,39,3,6,0,0,2.75,0,5.68,50.8,10,0,0,,,29,6,1
gauntlet/20261002-155153-scrim-b1z2b-fill1790955660/losses/SampleProvider.TSPAARKSPRINT1__Duck__botA.bc24,SampleProvider.TSPAARKSPRINT1,1,A,b1z2b,0,393,CAPTURE,2900,2900,201,36,34,239,3,0,3,142,69,0,44,32,28,20,48.8,3,3,0,0,44.0,47,0,3,0,0,0.39,3,3.32,43.1,269,2,3,3,1.000,8,0,1
gauntlet/20261002-155153-scrim-b1z2b-fill1790955660/losses/SampleProvider.TSPAARKSPRINT1__Duck__botA.bc24,SampleProvider.TSPAARKSPRINT1,0,B,TSPAARKSPRINT1,1,393,CAPTURE,2900,2900,201,37,39,233,6,3,0,730,237,3,38,30,20,28,47.8,3,3,0,0,,40,0,3,0,0,0.56,0,9.83,13.3,68,0,1,0,0.000,24,19,0
gauntlet/20261002-155153-scrim-b1z2b-fill1790955660/losses/CyrilSharma.finalBot__Intercontinental__botA.bc24,CyrilSharma.finalBot,1,A,b1z2b,0,641,CAPTURE,2400,4500,201,3,10,412,3,0,3,10,4,1,43,28,78,75,47.1,3,1,2,0,20.0,48,1,3,0,0,0.99,3,7.30,55.7,137,1,3,3,1.000,17,4,1
gauntlet/20261002-155153-scrim-b1z2b-fill1790955660/losses/CyrilSharma.finalBot__Intercontinental__botA.bc24,CyrilSharma.finalBot,0,B,finalBot,1,641,CAPTURE,2400,4800,201,32,37,210,4,3,1,190,90,3,96,85,75,78,47.1,4,3,1,0,22.0,40,2,1,0,0,4.30,0,7.04,53.3,0,0,0,,,9,1,0
gauntlet/20261002-155153-scrim-b1z2b-fill1790955660/losses/IvanGeffner.kuma__Hurricane__botB.bc24,IvanGeffner.kuma,0,A,kuma,1,2000,MORE_FLAG_CAPTURES,4500,4500,201,33,29,260,41,1,14,336,163,7,223,185,91,86,48.9,41,22,4,15,17.4,33,1,6,0,1,2.71,0,0.85,49.2,34,0,2,0,0.000,43,1,1
gauntlet/20261002-155153-scrim-b1z2b-fill1790955660/losses/IvanGeffner.kuma__Hurricane__botB.bc24,IvanGeffner.kuma,1,B,b1z2b,0,2000,MORE_FLAG_CAPTURES,4500,4500,201,17,6,220,7,0,7,100,43,14,230,155,86,91,48.9,7,6,1,0,15.0,39,4,22,0,0,0.71,1,3.39,77.0,197,1,5,1,0.200,37,2,1
gauntlet/20261002-155153-scrim-b1z2b-fill1790955660/losses/Gymhgy.v10official__QueenOfHearts__botB.bc24,Gymhgy.v10official,0,A,v10official,1,2000,MORE_FLAG_CAPTURES,3500,3500,201,25,29,223,54,2,15,778,92,19,382,351,499,526,43.6,51,12,5,34,25.0,45,0,19,0,0,0.86,0,7.86,4.7,415,0,8,0,0.000,93,28,1
gauntlet/20261002-155153-scrim-b1z2b-fill1790955660/losses/Gymhgy.v10official__QueenOfHearts__botB.bc24,Gymhgy.v10official,1,B,b1z2b,0,2000,MORE_FLAG_CAPTURES,3500,3500,201,20,21,334,19,0,19,579,286,15,210,205,526,499,43.9,19,19,0,0,28.5,43,5,12,0,0,2.32,2,2.51,33.1,67,1,1,0,0.000,64,4,1
gauntlet/20261002-155153-scrim-b1z2b-fill1790955660/losses/NotLLeon.v3__Divergent__botA.bc24,NotLLeon.v3,1,A,b1z2b,0,2000,MORE_FLAG_CAPTURES,3700,3700,203,14,28,231,25,0,25,232,105,55,268,252,486,415,45.0,25,16,9,0,21.8,45,24,33,3,0,2.81,1,5.59,27.3,370,1,14,1,0.071,85,22,1
gauntlet/20261002-155153-scrim-b1z2b-fill1790955660/losses/NotLLeon.v3__Divergent__botA.bc24,NotLLeon.v3,0,B,v3,1,2000,MORE_FLAG_CAPTURES,3000,3000,203,11,17,291,71,1,55,909,429,25,287,274,415,486,44.1,71,33,24,14,21.0,44,9,16,5,1,2.25,0,5.57,10.8,64,0,3,0,0.000,105,21,0
gauntlet/20261002-155153-scrim-b1z2b-fill1790955660/losses/andli28.v9_USQuals_angle__TreeSearch__botA.bc24,andli28.v9_USQuals_angle,1,A,b1z2b,0,474,CAPTURE,3200,6800,203,11,9,222,1,0,1,8,4,10,85,69,42,40,48.1,1,1,0,0,32.0,35,8,5,0,0,1.63,3,2.38,51.9,117,2,3,3,1.000,7,0,0
gauntlet/20261002-155153-scrim-b1z2b-fill1790955660/losses/andli28.v9_USQuals_angle__TreeSearch__botA.bc24,andli28.v9_USQuals_angle,0,B,v9_USQuals_angle,1,474,CAPTURE,3200,3200,204,23,22,259,13,3,10,179,83,1,115,89,40,42,47.9,13,5,8,0,24.7,32,0,1,0,0,1.75,0,4.42,14.2,0,0,0,,,12,0,0
gauntlet/20261002-155153-scrim-b1z2b-fill1790955660/losses/andrewgopher.player22__WheresMyWater__botA.bc24,andrewgopher.player22,1,A,b1z2b,0,434,CAPTURE,3000,3300,201,2,0,201,1,0,1,1,0,2,60,57,126,89,45.0,1,1,0,0,9.0,45,1,4,0,0,3.58,3,0.00,29.9,34,0,1,1,1.000,7,3,1
gauntlet/20261002-155153-scrim-b1z2b-fill1790955660/losses/andrewgopher.player22__WheresMyWater__botA.bc24,andrewgopher.player22,0,B,player22,1,434,CAPTURE,3000,6000,201,32,21,201,8,3,2,93,43,1,80,68,89,126,43.1,5,4,1,0,14.0,44,0,1,0,0,3.00,0,8.23,21.1,0,0,0,,,12,5,1
gauntlet/20261002-155153-scrim-b1z2b-fill1790955660/losses/Strequals.duck0127v5__HungerGames__botA.bc24,Strequals.duck0127v5,1,A,b1z2b,0,459,CAPTURE,500,1300,204,23,15,215,2,1,1,112,55,2,51,44,45,83,45.7,2,2,0,0,18.0,47,1,4,0,0,2.31,3,10.11,38.7,76,1,3,3,1.000,6,1,0
gauntlet/20261002-155153-scrim-b1z2b-fill1790955660/losses/Strequals.duck0127v5__HungerGames__botA.bc24,Strequals.duck0127v5,0,B,duck0127v5,1,459,CAPTURE,700,20700,205,19,34,245,5,3,2,126,62,1,219,148,83,45,47.6,5,4,1,0,19.0,46,0,2,0,0,1.18,1,12.11,27.9,62,0,2,1,0.500,9,0,0
gauntlet/20261002-155153-scrim-b1z2b-fill1790955660/losses/Strequals.duck0127v5__SteamboatMickey__botB.bc24,Strequals.duck0127v5,0,A,duck0127v5,1,637,CAPTURE,7300,19300,201,15,25,201,10,3,7,241,113,1,252,182,87,56,47.9,10,7,3,0,30.4,39,0,1,0,0,3.67,0,7.63,30.9,0,0,0,,,15,0,1
gauntlet/20261002-155153-scrim-b1z2b-fill1790955660/losses/Strequals.duck0127v5__SteamboatMickey__botB.bc24,Strequals.duck0127v5,1,B,b1z2b,0,637,CAPTURE,7300,7300,201,26,17,201,1,0,1,3,0,7,139,125,56,87,46.8,1,1,0,0,26.0,46,3,7,0,0,1.03,3,6.00,32.2,166,1,3,3,1.000,6,2,1
gauntlet/20261002-155153-scrim-b1z2b-fill1790955660/losses/chenyx512.flagbot_final__Backslash__botB.bc24,chenyx512.flagbot_final,0,A,flagbot_final,1,968,CAPTURE,100,16000,201,2,0,392,16,3,10,823,353,4,356,290,405,72,48.1,13,10,3,0,26.9,22,0,5,0,0,1.23,1,7.86,21.6,65,1,1,1,1.000,11,0,1
gauntlet/20261002-155153-scrim-b1z2b-fill1790955660/losses/chenyx512.flagbot_final__Backslash__botB.bc24,chenyx512.flagbot_final,1,B,b1z2b,0,968,CAPTURE,4700,15200,201,41,30,217,5,1,4,93,45,10,183,179,72,405,40.0,5,5,0,0,30.0,48,3,10,0,0,2.02,3,5.58,32.2,135,2,4,3,0.750,66,43,1
gauntlet/20261002-155153-scrim-b1z2b-fill1790955660/losses/awu7.ExplosiveBot__FloodGates__botB.bc24,awu7.ExplosiveBot,0,A,ExplosiveBot,1,2000,MORE_FLAG_CAPTURES,500,2300,207,34,4,242,22,2,0,50,12,5,38,22,159,1060,37.0,22,2,0,20,,15,3,2,0,0,4.38,0,7.58,13.5,19,0,1,0,0.000,140,74,0
gauntlet/20261002-155153-scrim-b1z2b-fill1790955660/losses/awu7.ExplosiveBot__FloodGates__botB.bc24,awu7.ExplosiveBot,1,B,b1z2b,0,2000,MORE_FLAG_CAPTURES,500,1100,217,3,9,270,5,0,5,53,16,0,236,203,1060,159,48.0,5,2,3,0,23.6,26,0,2,0,0,3.38,2,9.98,27.2,15,2,0,,,19,0,1
gauntlet/20261002-155153-scrim-b1z2b-fill1790955660/losses/clbarrell.duck8__Ambush__botB.bc24,clbarrell.duck8,0,A,duck8,1,483,CAPTURE,2300,4700,201,2,9,201,21,3,18,140,50,1,94,78,63,130,43.7,21,7,14,0,8.8,47,0,3,0,0,1.41,2,8.89,35.5,23,1,0,,,16,2,1
gauntlet/20261002-155153-scrim-b1z2b-fill1790955660/losses/clbarrell.duck8__Ambush__botB.bc24,clbarrell.duck8,1,B,b1z2b,0,483,CAPTURE,2300,2300,201,10,9,201,3,2,1,34,15,18,69,59,130,63,46.9,3,3,0,0,10.0,47,14,7,0,0,6.87,3,7.09,29.6,14,0,1,1,1.000,17,2,1
gauntlet/20261002-155153-scrim-b1z2b-fill1790955660/losses/hsmalladi.finalbot__Ambush__botA.bc24,hsmalladi.finalbot,1,A,b1z2b,0,603,CAPTURE,2300,2500,201,16,11,205,2,2,0,92,44,27,79,76,174,97,46.1,2,2,0,0,,48,21,9,0,0,6.22,3,5.58,27.8,72,1,3,0,0.000,15,7,1
gauntlet/20261002-155153-scrim-b1z2b-fill1790955660/losses/hsmalladi.finalbot__Ambush__botA.bc24,hsmalladi.finalbot,0,B,finalbot,1,603,CAPTURE,1800,4800,201,17,18,201,39,3,27,899,246,0,124,119,97,174,43.0,36,9,21,6,6.8,48,0,2,0,0,1.51,2,10.03,13.5,55,0,2,2,1.000,24,9,1
gauntlet/20261002-155153-scrim-b1z2b-fill1790955660/losses/chenyx512.flagbot_final__Snake__botA.bc24,chenyx512.flagbot_final,1,A,b1z2b,0,1229,CAPTURE,13100,29700,203,28,25,223,6,0,6,57,24,6,361,319,115,583,38.4,6,6,0,0,34.5,47,4,5,0,0,1.46,3,2.16,45.6,169,1,3,3,1.000,67,16,0
gauntlet/20261002-155153-scrim-b1z2b-fill1790955660/losses/chenyx512.flagbot_final__Snake__botA.bc24,chenyx512.flagbot_final,0,B,flagbot_final,1,1229,CAPTURE,13100,29200,210,16,14,315,12,3,6,833,362,6,740,684,583,115,47.7,9,5,4,0,33.8,40,0,6,0,1,2.88,0,7.93,29.1,7,0,0,,,2,0,0
gauntlet/20261002-155153-scrim-b1z2b-fill1790955660/losses/jmerle.camel_case_v21_final__English__botB.bc24,jmerle.camel_case_v21_final,0,A,camel_case_v21_final,1,516,CAPTURE,10900,10900,201,34,21,232,8,3,5,299,144,3,147,138,127,90,45.9,8,4,4,0,30.0,49,1,2,0,0,0.96,0,6.68,7.7,60,0,2,0,0.000,35,1,1
gauntlet/20261002-155153-scrim-b1z2b-fill1790955660/losses/jmerle.camel_case_v21_final__English__botB.bc24,jmerle.camel_case_v21_final,1,B,b1z2b,0,516,CAPTURE,10900,10900,201,13,8,230,3,0,3,83,37,5,96,86,90,127,43.9,3,2,1,0,12.0,47,4,4,0,0,0.85,3,1.47,36.2,232,2,4,3,0.750,14,4,1
gauntlet/20261002-155153-scrim-b1z2b-fill1790955660/losses/hsmalladi.finalbot__DefaultMedium__botB.bc24,hsmalladi.finalbot,0,A,finalbot,1,1305,CAPTURE,2900,3200,201,30,20,253,40,3,24,944,160,4,194,186,278,279,44.8,37,9,18,10,26.6,39,0,5,0,1,0.53,1,7.82,18.1,94,1,2,1,0.500,20,2,1
gauntlet/20261002-155153-scrim-b1z2b-fill1790955660/losses/hsmalladi.finalbot__DefaultMedium__botB.bc24,hsmalladi.finalbot,1,B,b1z2b,0,1305,CAPTURE,2900,2900,201,27,23,253,5,1,4,140,67,24,150,126,279,278,44.9,5,5,0,0,32.0,47,18,9,0,0,3.40,3,2.52,41.4,138,2,3,1,0.333,32,0,1
gauntlet/20261002-155153-scrim-b1z2b-fill1790955660/losses/jmerle.camel_case_v21_final__Hockey__botB.bc24,jmerle.camel_case_v21_final,0,A,camel_case_v21_final,1,616,CAPTURE,3300,3600,207,28,30,241,5,3,2,218,106,0,117,112,132,187,42.8,5,4,1,0,32.0,38,0,0,0,0,0.00,0,7.97,7.0,,,,,,34,3,1
gauntlet/20261002-155153-scrim-b1z2b-fill1790955660/losses/jmerle.camel_case_v21_final__Hockey__botB.bc24,jmerle.camel_case_v21_final,1,B,b1z2b,0,616,CAPTURE,3300,3300,217,1,4,332,0,0,0,0,0,2,87,85,187,132,44.7,0,0,0,0,,37,1,4,0,0,1.01,3,0.00,33.5,166,1,3,3,1.000,21,3,1
gauntlet/20261002-155153-scrim-b1z2b-fill1790955660/losses/winkelmantanner.waffle__QueenOfHearts__botA.bc24,winkelmantanner.waffle,1,A,b1z2b,0,648,CAPTURE,3500,3500,201,21,17,205,5,1,2,246,113,11,99,83,216,90,46.6,5,5,0,0,19.0,42,9,5,0,0,1.89,3,5.70,27.0,214,3,6,3,0.500,22,8,1
gauntlet/20261002-155153-scrim-b1z2b-fill1790955660/losses/winkelmantanner.waffle__QueenOfHearts__botA.bc24,winkelmantanner.waffle,0,B,waffle,1,648,CAPTURE,3500,3500,201,24,15,205,14,3,11,390,186,2,96,95,90,216,42.0,14,5,9,0,22.5,20,0,5,0,0,0.80,1,4.83,9.9,151,1,3,1,0.333,86,49,1
gauntlet/20261002-155153-scrim-b1z2b-fill1790955660/losses/quesswho.cretplayer2_3__Canals__botB.bc24,quesswho.cretplayer2_3,0,A,cretplayer2_3,1,1025,CAPTURE,4600,5600,215,26,0,241,6,3,0,1223,270,14,153,146,198,273,43.0,3,3,0,0,,42,3,13,0,0,1.57,2,26.46,23.6,207,1,5,2,0.400,98,90,1
gauntlet/20261002-155153-scrim-b1z2b-fill1790955660/losses/quesswho.cretplayer2_3__Canals__botB.bc24,quesswho.cretplayer2_3,1,B,b1z2b,0,1025,CAPTURE,4600,4600,202,7,11,249,16,2,14,362,166,0,150,137,273,198,45.3,16,13,3,0,25.6,47,0,3,0,0,1.33,3,9.09,35.9,486,1,3,3,1.000,46,24,1
gauntlet/20261002-155153-scrim-b1z2b-fill1790955660/losses/kyleezz.jeeryfix3__Asteroids__botB.bc24,kyleezz.jeeryfix3,0,A,jeeryfix3,1,2000,MORE_FLAG_CAPTURES,800,4300,211,23,12,256,17,2,15,205,105,1,249,241,469,1254,34.7,17,10,7,0,34.1,38,0,2,0,1,0.01,1,6.41,8.7,70,1,1,1,1.000,221,63,0
gauntlet/20261002-155153-scrim-b1z2b-fill1790955660/losses/kyleezz.jeeryfix3__Asteroids__botB.bc24,kyleezz.jeeryfix3,1,B,b1z2b,0,2000,MORE_FLAG_CAPTURES,800,2000,210,10,22,241,2,1,1,71,35,15,242,186,1254,469,44.3,2,2,0,0,39.0,38,7,10,0,1,3.07,2,1.42,23.5,113,1,2,2,1.000,88,9,0
gauntlet/20261002-155153-scrim-b1z2b-fill1790955660/replays/ColtG5.Goob_final__WheresMyWater__botB.bc24,ColtG5.Goob_final,0,A,Goob_final,0,1838,CAPTURE,3000,6300,201,24,18,201,6,2,3,49,25,3,208,207,333,1430,31.1,6,4,2,0,5.3,46,2,4,0,0,1.81,3,10.02,21.9,64,0,2,2,1.000,114,149,1
gauntlet/20261002-155153-scrim-b1z2b-fill1790955660/replays/ColtG5.Goob_final__WheresMyWater__botB.bc24,ColtG5.Goob_final,1,B,b1z2b,1,1838,CAPTURE,3000,3300,201,2,2,201,6,3,3,104,57,3,521,490,1430,333,45.6,6,4,2,0,9.3,42,2,4,2,3,3.84,2,13.23,30.1,26,1,0,,,34,2,1
gauntlet/20261002-155153-scrim-b1z2b-fill1790955660/replays/SampleProvider.TSPAARKSPRINT1__Checkered__botA.bc24,SampleProvider.TSPAARKSPRINT1,1,A,b1z2b,1,1408,CAPTURE,4800,4800,201,15,21,205,25,3,22,385,182,26,204,189,397,140,47.6,25,21,4,0,14.7,47,13,15,3,1,2.95,2,4.63,39.6,77,0,3,2,0.667,35,1,1
gauntlet/20261002-155153-scrim-b1z2b-fill1790955660/replays/SampleProvider.TSPAARKSPRINT1__Checkered__botA.bc24,SampleProvider.TSPAARKSPRINT1,0,B,TSPAARKSPRINT1,0,1408,CAPTURE,4800,4800,201,19,31,207,31,2,26,757,265,22,97,90,140,397,43.2,28,15,13,0,17.5,42,4,21,0,0,1.84,3,9.82,15.3,164,3,6,3,0.500,118,48,1
gauntlet/20261002-155153-scrim-b1z2b-fill1790955660/losses/kyleezz.jeeryfix3__Hurricane__botA.bc24,kyleezz.jeeryfix3,1,A,b1z2b,0,2000,MORE_FLAG_CAPTURES,4500,4500,201,24,40,210,5,0,5,44,17,6,252,111,129,43,49.5,5,5,0,0,19.6,45,3,4,0,0,1.82,1,2.23,76.7,22,0,1,1,1.000,23,1,1
gauntlet/20261002-155153-scrim-b1z2b-fill1790955660/losses/kyleezz.jeeryfix3__Hurricane__botA.bc24,kyleezz.jeeryfix3,0,B,jeeryfix3,1,2000,MORE_FLAG_CAPTURES,4500,4500,201,32,28,206,7,1,6,73,42,5,110,59,43,129,48.4,7,4,3,0,25.2,46,0,5,0,1,2.07,0,2.64,58.4,17,0,0,,,63,9,0
gauntlet/20261002-155153-scrim-b1z2b-fill1790955660/replays/ColtG5.Goob_final__DefaultSmall__botB.bc24,ColtG5.Goob_final,0,A,Goob_final,0,2000,LEVEL_SUM,4100,4100,201,25,13,219,5,0,5,43,18,0,399,370,582,1132,36.2,5,5,0,0,16.6,47,0,0,0,0,0.00,0,2.07,14.3,,,,,,42,14,1
gauntlet/20261002-155153-scrim-b1z2b-fill1790955660/replays/ColtG5.Goob_final__DefaultSmall__botB.bc24,ColtG5.Goob_final,1,B,b1z2b,1,2000,LEVEL_SUM,4100,4100,201,13,13,243,0,0,0,0,0,5,245,221,1132,582,42.9,0,0,0,0,,47,0,5,0,0,1.05,0,0.00,42.2,26,0,1,0,0.000,57,0,1
gauntlet/20261002-155153-scrim-b1z2b-fill1790955660/replays/Gymhgy.v10official__Intercontinental__botB.bc24,Gymhgy.v10official,0,A,v10official,0,2000,LEVEL_SUM,2400,5100,201,3,24,212,54,2,11,774,168,5,330,287,493,697,41.6,51,8,5,38,15.3,48,1,6,0,0,2.82,2,9.61,6.8,73,0,5,2,0.400,30,21,1
gauntlet/20261002-155153-scrim-b1z2b-fill1790955660/replays/Gymhgy.v10official__Intercontinental__botB.bc24,Gymhgy.v10official,1,B,b1z2b,1,2000,LEVEL_SUM,2400,3900,201,31,20,238,7,2,5,225,103,11,189,184,697,493,44.0,7,6,1,0,16.6,48,5,8,0,0,3.74,2,8.81,34.1,91,2,1,0,0.000,30,3,1
gauntlet/20261002-155153-scrim-b1z2b-fill1790955660/replays/andli28.v9_USQuals_angle__Gauntlet__botA.bc24,andli28.v9_USQuals_angle,1,A,b1z2b,1,2000,MORE_FLAG_CAPTURES,2100,2100,478,0,0,903,5,1,4,182,91,4,195,92,105,85,49.0,5,5,0,0,27.3,37,1,3,0,1,2.78,0,1.31,74.2,7,0,0,,,12,0,0
gauntlet/20261002-155153-scrim-b1z2b-fill1790955660/replays/andli28.v9_USQuals_angle__Gauntlet__botA.bc24,andli28.v9_USQuals_angle,0,B,v9_USQuals_angle,0,2000,MORE_FLAG_CAPTURES,2100,3500,205,17,17,296,4,0,4,23,8,4,190,169,85,105,48.7,4,3,1,0,28.5,37,0,5,0,0,0.81,1,1.09,19.4,142,1,2,1,0.500,18,3,0
gauntlet/20261002-155153-scrim-b1z2b-fill1790955660/replays/dmtrung14.defaultplayer_intlqualifier__DefaultHuge__botA.bc24,dmtrung14.defaultplayer_intlqualifier,1,A,b1z2b,1,535,CAPTURE,3700,3700,201,14,39,259,5,3,2,207,97,7,94,78,195,15,49.4,5,4,1,0,26.5,47,3,6,0,0,2.65,2,5.22,23.8,48,2,0,,,3,1,1
gauntlet/20261002-155153-scrim-b1z2b-fill1790955660/replays/dmtrung14.defaultplayer_intlqualifier__DefaultHuge__botA.bc24,dmtrung14.defaultplayer_intlqualifier,0,B,defaultplayer_intlqualifier,0,535,CAPTURE,2500,2500,201,9,12,210,30,2,7,387,126,2,55,52,15,195,41.0,27,6,3,18,13.0,43,1,4,0,0,0.04,3,8.87,17.7,199,3,3,3,1.000,86,61,1
gauntlet/20261002-155153-scrim-b1z2b-fill1790955660/replays/andrewgopher.player22__Pancakes__botB.bc24,andrewgopher.player22,0,A,player22,0,1097,CAPTURE,0,6100,201,13,11,235,9,0,6,68,25,8,128,121,221,472,39.6,6,6,0,0,20.3,50,3,8,0,0,0.62,3,1.15,9.1,180,2,5,3,0.600,113,45,0
gauntlet/20261002-155153-scrim-b1z2b-fill1790955660/replays/andrewgopher.player22__Pancakes__botB.bc24,andrewgopher.player22,1,B,b1z2b,1,1097,CAPTURE,0,3000,201,4,9,220,11,3,8,254,121,6,138,114,472,221,45.1,11,8,3,0,18.0,46,0,6,0,0,1.98,0,4.02,25.8,12,0,1,0,0.000,46,2,0
gauntlet/20261002-155153-scrim-b1z2b-fill1790955660/replays/awu7.ExplosiveBot__Occulus__botA.bc24,awu7.ExplosiveBot,1,A,b1z2b,1,1016,CAPTURE,1800,3000,201,27,28,221,13,3,10,234,105,18,254,173,672,142,46.7,13,8,5,0,18.0,40,8,10,0,0,5.86,0,9.51,25.7,7,0,0,,,10,1,1
gauntlet/20261002-155153-scrim-b1z2b-fill1790955660/replays/awu7.ExplosiveBot__Occulus__botA.bc24,awu7.ExplosiveBot,0,B,ExplosiveBot,0,1016,CAPTURE,1800,3900,201,6,0,232,31,0,18,108,37,10,108,101,142,672,34.2,31,10,8,13,16.6,27,5,8,0,0,2.61,3,3.16,16.1,111,0,4,3,0.750,121,110,1
gauntlet/20261002-155153-scrim-b1z2b-fill1790955660/replays/clbarrell.duck8__MIT__botB.bc24,clbarrell.duck8,0,A,duck8,0,1312,CAPTURE,7200,41300,207,14,11,266,0,0,0,0,0,1,263,192,48,189,46.5,0,0,0,0,,47,1,3,0,0,0.14,3,0.00,41.5,748,3,4,3,0.750,98,72,0
gauntlet/20261002-155153-scrim-b1z2b-fill1790955660/replays/clbarrell.duck8__MIT__botB.bc24,clbarrell.duck8,1,B,b1z2b,1,1312,CAPTURE,7200,15600,225,10,6,284,4,3,1,784,375,0,257,118,189,48,49.1,4,3,1,0,23.0,49,0,0,0,1,0.00,0,10.18,21.5,,,,,,15,0,1
gauntlet/20261002-155153-scrim-b1z2b-fill1790955660/replays/jonters.bling3__Fusbol__botA.bc24,jonters.bling3,1,A,b1z2b,1,1633,CAPTURE,7200,10200,202,21,15,334,29,3,26,867,391,4,472,407,971,178,47.2,29,19,10,0,43.8,37,2,2,0,1,0.55,0,10.25,25.9,114,0,2,0,0.000,27,5,1
gauntlet/20261002-155153-scrim-b1z2b-fill1790955660/replays/jonters.bling3__Fusbol__botA.bc24,jonters.bling3,0,B,bling3,0,1633,CAPTURE,6300,7800,209,0,16,344,4,0,4,152,67,26,92,91,178,971,34.7,4,2,2,0,31.3,21,10,19,0,0,0.81,3,4.64,11.7,642,2,3,3,1.000,208,195,1
gauntlet/20261002-155153-scrim-b1z2b-fill1790955660/replays/dmtrung14.defaultplayer_intlqualifier__CH3353C4K3F4CT0RY__botA.bc24,dmtrung14.defaultplayer_intlqualifier,1,A,b1z2b,1,2000,LEVEL_SUM,13000,13100,204,21,22,953,8,0,8,151,78,17,404,207,608,29,49.6,8,5,3,0,15.9,46,1,16,3,0,3.99,0,6.38,58.4,1,0,0,,,8,0,1
gauntlet/20261002-155153-scrim-b1z2b-fill1790955660/replays/dmtrung14.defaultplayer_intlqualifier__CH3353C4K3F4CT0RY__botA.bc24,dmtrung14.defaultplayer_intlqualifier,0,B,defaultplayer_intlqualifier,0,2000,LEVEL_SUM,13000,13200,202,7,10,237,21,0,17,363,43,8,115,101,29,608,37.1,18,16,1,1,23.8,39,3,5,0,0,1.52,0,1.48,57.0,95,0,2,0,0.000,63,20,0
gauntlet/20261002-155153-scrim-b1z2b-fill1790955660/replays/justinottesen.sprint1__Fusbol__botA.bc24,justinottesen.sprint1,1,A,b1z2b,1,963,CAPTURE,7200,10800,203,21,30,260,15,3,12,549,257,0,376,304,805,59,48.2,15,11,4,0,45.0,37,0,0,0,0,0.00,0,7.59,30.5,,,,,,5,0,1
gauntlet/20261002-155153-scrim-b1z2b-fill1790955660/replays/justinottesen.sprint1__Fusbol__botA.bc24,justinottesen.sprint1,0,B,sprint1,0,963,CAPTURE,7200,7200,202,0,5,318,0,0,0,0,0,12,48,48,59,805,29.9,0,0,0,0,,33,4,11,0,0,0.32,3,0.00,15.8,461,3,4,3,0.750,243,254,1
gauntlet/20261002-155153-scrim-b1z2b-fill1790955660/replays/jonters.bling3__Gated__botA.bc24,jonters.bling3,1,A,b1z2b,1,2000,MORE_FLAG_CAPTURES,1500,2600,202,28,24,243,20,2,18,260,120,0,261,184,761,270,46.7,20,16,4,0,23.1,41,0,0,0,0,0.00,0,6.27,26.7,,,,,,32,0,0
gauntlet/20261002-155153-scrim-b1z2b-fill1790955660/replays/jonters.bling3__Gated__botA.bc24,jonters.bling3,0,B,bling3,0,2000,MORE_FLAG_CAPTURES,1500,1900,208,6,2,448,0,0,0,0,0,18,119,116,270,761,40.4,0,0,0,0,,23,4,16,0,0,1.66,2,0.00,4.0,172,2,3,2,0.667,76,31,0
gauntlet/20261002-155153-scrim-b1z2b-fill1790955660/replays/justinottesen.sprint1__Snake__botB.bc24,justinottesen.sprint1,0,A,sprint1,0,1422,CAPTURE,12900,28600,203,12,16,253,17,0,17,411,187,20,174,168,139,1119,31.2,17,16,1,0,29.9,37,3,20,0,0,0.47,3,2.65,11.2,1157,2,10,3,0.300,692,574,0
gauntlet/20261002-155153-scrim-b1z2b-fill1790955660/replays/justinottesen.sprint1__Snake__botB.bc24,justinottesen.sprint1,1,B,b1z2b,1,1422,CAPTURE,13100,30900,204,17,21,242,23,3,20,1521,745,17,699,663,1119,139,47.6,23,20,3,0,25.3,45,1,16,0,2,0.90,0,7.09,17.6,249,0,5,0,0.000,34,5,0
gauntlet/20261002-155153-scrim-b1z2b-fill1790955660/replays/quesswho.cretplayer2_3__Hockey__botB.bc24,quesswho.cretplayer2_3,0,A,cretplayer2_3,0,1767,CAPTURE,3300,3600,213,17,9,253,20,1,16,752,80,12,186,184,307,1462,29.6,17,5,12,0,22.8,21,2,13,0,0,1.63,3,17.46,18.2,291,2,5,3,0.600,268,302,1
gauntlet/20261002-155153-scrim-b1z2b-fill1790955660/replays/quesswho.cretplayer2_3__Hockey__botB.bc24,quesswho.cretplayer2_3,1,B,b1z2b,1,1767,CAPTURE,3300,3300,212,13,12,366,15,3,12,444,209,16,460,384,1462,307,45.8,15,13,2,0,33.3,33,12,5,1,2,9.01,1,10.66,24.6,22,0,1,1,1.000,48,4,1
gauntlet/20261002-155153-scrim-b1z2b-fill1790955660/replays/winkelmantanner.waffle__Funnel__botB.bc24,winkelmantanner.waffle,0,A,waffle,0,2000,LEVEL_SUM,2200,4000,202,35,20,272,29,1,28,250,109,4,288,269,423,974,38.2,29,6,23,0,44.7,34,0,5,0,0,0.63,1,5.93,10.0,174,1,3,1,0.333,298,108,1
gauntlet/20261002-155153-scrim-b1z2b-fill1790955660/replays/winkelmantanner.waffle__Funnel__botB.bc24,winkelmantanner.waffle,1,B,b1z2b,1,2000,LEVEL_SUM,2200,3800,203,4,3,266,5,1,4,235,113,28,367,282,974,423,44.8,5,5,0,0,39.8,32,23,6,0,0,5.13,1,2.67,25.8,70,1,2,0,0.000,78,10,1
