file,opp,us,team,name,won,rounds,wintype,gathered200,gathered400,firstEnemySide,inEnemy250,inEnemy300,firstFlagSight,pickups,captured,carrierDeaths,carrierRounds,carrierMoves,enemyCarrierKills,trapsBuilt,trapsHit,kills,deaths,meanAlive,postPickups,firstGrabs,regrabs,relayPickups,carrierDeathDist,damStage199,enemyRegrabs,enemyFirstGrabs,regrabsLate,capturedLate
gauntlet/20261002-063708-scrim-b2fs-fill1790922236/losses/NotLLeon.v3__GaltonBoard__botA.bc24,NotLLeon.v3,1,A,b2fs,0,410,CAPTURE,0,3100,201,16,11,266,0,0,0,0,0,0,70,64,51,104,44.2,0,0,0,0,,40,0,3,0,0
gauntlet/20261002-063708-scrim-b2fs-fill1790922236/losses/NotLLeon.v3__GaltonBoard__botA.bc24,NotLLeon.v3,0,B,v3,1,410,CAPTURE,0,18500,218,23,15,250,15,3,0,74,30,0,183,150,104,51,47.1,15,3,0,12,,39,0,0,0,0
gauntlet/20261002-063708-scrim-b2fs-fill1790922236/losses/IvanGeffner.kuma__GaltonBoard__botB.bc24,IvanGeffner.kuma,0,A,kuma,1,448,CAPTURE,0,36400,201,41,43,249,14,3,0,118,54,0,363,245,245,33,48.2,14,3,0,11,,43,0,0,0,0
gauntlet/20261002-063708-scrim-b2fs-fill1790922236/losses/IvanGeffner.kuma__GaltonBoard__botB.bc24,IvanGeffner.kuma,1,B,b2fs,0,448,CAPTURE,0,1400,0,0,0,0,0,0,0,0,0,0,57,54,33,245,37.3,0,0,0,0,,36,0,3,0,0
gauntlet/20261002-063708-scrim-b2fs-fill1790922236/losses/Gymhgy.v10official__Foxes__botB.bc24,Gymhgy.v10official,0,A,v10official,1,462,CAPTURE,7500,7500,202,24,34,269,20,3,0,748,98,4,123,97,37,29,48.5,17,3,0,14,,42,0,5,0,0
gauntlet/20261002-063708-scrim-b2fs-fill1790922236/losses/Gymhgy.v10official__Foxes__botB.bc24,Gymhgy.v10official,1,B,b2fs,0,462,CAPTURE,7500,7500,204,24,25,329,5,0,4,171,84,0,109,86,29,37,48.1,5,5,0,0,38.3,39,0,3,0,0
gauntlet/20261002-063708-scrim-b2fs-fill1790922236/losses/CyrilSharma.finalBot__Anchor__botB.bc24,CyrilSharma.finalBot,0,A,finalBot,1,1213,CAPTURE,6300,10500,204,5,5,389,11,3,8,244,104,1,481,467,372,370,42.6,11,5,6,0,21.8,48,0,1,0,1
gauntlet/20261002-063708-scrim-b2fs-fill1790922236/losses/CyrilSharma.finalBot__Anchor__botB.bc24,CyrilSharma.finalBot,1,B,b2fs,0,1213,CAPTURE,6300,9600,202,0,4,501,1,0,1,2,0,8,214,209,370,372,42.6,1,1,0,0,15.0,48,6,5,0,0
gauntlet/20261002-063708-scrim-b2fs-fill1790922236/losses/NotLLeon.v3__Fountain__botB.bc24,NotLLeon.v3,0,A,v3,1,1055,CAPTURE,1700,2300,216,13,26,262,31,3,23,238,94,14,109,100,170,254,44.2,31,10,16,5,18.3,45,1,14,0,0
gauntlet/20261002-063708-scrim-b2fs-fill1790922236/losses/NotLLeon.v3__Fountain__botB.bc24,NotLLeon.v3,1,B,b2fs,0,1055,CAPTURE,1700,2900,209,12,18,227,15,1,14,202,90,23,101,94,254,170,46.1,15,14,1,0,17.4,48,16,10,0,0
gauntlet/20261002-063708-scrim-b2fs-fill1790922236/losses/ColtG5.Goob_final__Digging__botB.bc24,ColtG5.Goob_final,0,A,Goob_final,1,2000,MORE_FLAG_CAPTURES,700,2100,206,26,25,237,3,1,2,17,8,0,219,206,398,1451,32.4,3,1,2,0,7.5,46,0,0,0,0
gauntlet/20261002-063708-scrim-b2fs-fill1790922236/losses/ColtG5.Goob_final__Digging__botB.bc24,ColtG5.Goob_final,1,B,b2fs,0,2000,MORE_FLAG_CAPTURES,700,1900,206,0,0,409,0,0,0,0,0,2,236,209,1451,398,45.2,0,0,0,0,,42,2,1,0,0
gauntlet/20261002-063708-scrim-b2fs-fill1790922236/losses/IvanGeffner.kuma__QuestionableChess__botB.bc24,IvanGeffner.kuma,0,A,kuma,1,1148,CAPTURE,0,0,201,29,14,230,31,3,8,134,59,0,218,198,330,244,44.9,31,8,4,19,20.5,37,0,1,0,0
gauntlet/20261002-063708-scrim-b2fs-fill1790922236/losses/IvanGeffner.kuma__QuestionableChess__botB.bc24,IvanGeffner.kuma,1,B,b2fs,0,1148,CAPTURE,0,0,203,4,19,286,1,1,0,37,17,8,101,90,244,330,43.1,1,1,0,0,,40,4,8,0,0
gauntlet/20261002-063708-scrim-b2fs-fill1790922236/losses/CyrilSharma.finalBot__TreeSearch__botB.bc24,CyrilSharma.finalBot,0,A,finalBot,1,1522,CAPTURE,3200,3200,210,11,13,315,16,3,13,308,145,9,336,326,297,322,43.7,16,9,7,0,27.4,36,3,6,0,2
gauntlet/20261002-063708-scrim-b2fs-fill1790922236/losses/CyrilSharma.finalBot__TreeSearch__botB.bc24,CyrilSharma.finalBot,1,B,b2fs,0,1522,CAPTURE,3200,6800,203,7,8,416,9,0,9,73,29,13,202,183,322,297,45.3,9,6,3,0,21.2,36,7,9,0,0
gauntlet/20261002-063708-scrim-b2fs-fill1790922236/losses/andli28.v9_USQuals_angle__Intercontinental__botA.bc24,andli28.v9_USQuals_angle,1,A,b2fs,0,787,CAPTURE,2400,5100,201,8,10,265,9,0,9,217,81,8,65,56,124,245,42.5,9,5,4,0,15.9,48,3,8,0,0
gauntlet/20261002-063708-scrim-b2fs-fill1790922236/losses/andli28.v9_USQuals_angle__Intercontinental__botA.bc24,andli28.v9_USQuals_angle,0,B,v9_USQuals_angle,1,787,CAPTURE,2400,4200,201,9,12,243,11,3,8,720,355,9,160,148,245,124,46.2,11,8,3,0,17.1,41,4,5,0,0
gauntlet/20261002-063708-scrim-b2fs-fill1790922236/losses/andli28.v9_USQuals_angle__KingQuacksCastle__botA.bc24,andli28.v9_USQuals_angle,1,A,b2fs,0,613,CAPTURE,1600,4500,204,21,16,269,1,0,1,27,13,8,90,88,102,109,45.7,1,1,0,0,20.0,48,5,6,0,0
gauntlet/20261002-063708-scrim-b2fs-fill1790922236/losses/andli28.v9_USQuals_angle__KingQuacksCastle__botA.bc24,andli28.v9_USQuals_angle,0,B,v9_USQuals_angle,1,613,CAPTURE,1600,8800,207,9,1,266,11,3,8,163,73,1,230,166,109,102,46.0,11,6,5,0,24.5,45,0,1,0,0
gauntlet/20261002-063708-scrim-b2fs-fill1790922236/losses/Strequals.duck0127v5__Soccer__botB.bc24,Strequals.duck0127v5,0,A,duck0127v5,1,763,CAPTURE,3000,3200,204,11,17,262,8,3,5,207,100,0,195,169,159,78,47.5,8,5,3,0,31.0,28,0,0,0,0
gauntlet/20261002-063708-scrim-b2fs-fill1790922236/losses/Strequals.duck0127v5__Soccer__botB.bc24,Strequals.duck0127v5,1,B,b2fs,0,763,CAPTURE,3000,3000,220,0,0,707,0,0,0,0,0,5,101,96,78,159,45.1,0,0,0,0,,33,3,5,0,0
gauntlet/20261002-063708-scrim-b2fs-fill1790922236/losses/chenyx512.flagbot_final__Bunkers__botB.bc24,chenyx512.flagbot_final,0,A,flagbot_final,1,669,CAPTURE,2800,2800,201,34,30,253,16,3,10,782,303,4,136,113,162,41,48.4,13,7,6,0,15.5,31,0,5,0,0
gauntlet/20261002-063708-scrim-b2fs-fill1790922236/losses/chenyx512.flagbot_final__Bunkers__botB.bc24,chenyx512.flagbot_final,1,B,b2fs,0,669,CAPTURE,2800,2800,201,14,17,248,5,1,4,137,59,10,86,83,41,162,44.3,5,5,0,0,12.0,45,6,7,0,0
gauntlet/20261002-063708-scrim-b2fs-fill1790922236/losses/SampleProvider.TSPAARKSPRINT1__Digging__botA.bc24,SampleProvider.TSPAARKSPRINT1,1,A,b2fs,0,2000,MORE_FLAG_CAPTURES,700,2000,223,8,10,258,5,0,4,89,40,15,250,240,850,123,48.5,5,5,0,0,17.8,45,8,10,0,0
gauntlet/20261002-063708-scrim-b2fs-fill1790922236/losses/SampleProvider.TSPAARKSPRINT1__Digging__botA.bc24,SampleProvider.TSPAARKSPRINT1,0,B,TSPAARKSPRINT1,1,2000,MORE_FLAG_CAPTURES,700,2900,210,24,22,246,21,2,15,365,99,4,123,94,123,850,39.7,18,10,8,0,15.5,43,0,5,5,2
gauntlet/20261002-063708-scrim-b2fs-fill1790922236/losses/andrewgopher.player22__Gauntlet__botB.bc24,andrewgopher.player22,0,A,player22,1,1726,CAPTURE,2100,3500,203,20,23,278,8,3,2,203,98,0,406,404,790,786,38.9,5,4,1,0,29.0,39,0,1,1,1
gauntlet/20261002-063708-scrim-b2fs-fill1790922236/losses/andrewgopher.player22__Gauntlet__botB.bc24,andrewgopher.player22,1,B,b2fs,0,1726,CAPTURE,2100,2100,321,0,0,602,1,1,0,66,33,2,184,181,786,790,38.8,1,1,0,0,,41,1,4,0,0
gauntlet/20261002-063708-scrim-b2fs-fill1790922236/losses/chenyx512.flagbot_final__Fountain__botB.bc24,chenyx512.flagbot_final,0,A,flagbot_final,1,690,CAPTURE,1700,2500,227,0,11,323,7,3,1,719,288,4,34,21,111,31,48.8,4,4,0,0,16.0,40,1,3,0,0
gauntlet/20261002-063708-scrim-b2fs-fill1790922236/losses/chenyx512.flagbot_final__Fountain__botB.bc24,chenyx512.flagbot_final,1,B,b2fs,0,690,CAPTURE,1700,2900,219,9,21,347,4,0,4,25,10,1,69,66,31,111,46.1,4,3,1,0,24.8,46,0,4,0,0
gauntlet/20261002-063708-scrim-b2fs-fill1790922236/losses/Strequals.duck0127v5__Gated__botA.bc24,Strequals.duck0127v5,1,A,b2fs,0,1815,CAPTURE,1500,2100,213,16,23,238,11,0,11,112,49,4,199,197,286,654,41.3,11,8,3,0,20.2,38,1,6,0,0
gauntlet/20261002-063708-scrim-b2fs-fill1790922236/losses/Strequals.duck0127v5__Gated__botA.bc24,Strequals.duck0127v5,0,B,duck0127v5,1,1815,CAPTURE,1500,2700,208,26,17,247,7,3,4,290,147,11,535,488,654,286,46.2,7,6,1,0,17.0,32,3,8,0,1
gauntlet/20261002-063708-scrim-b2fs-fill1790922236/losses/andrewgopher.player22__Racetrack__botB.bc24,andrewgopher.player22,0,A,player22,1,1524,CAPTURE,0,0,207,22,28,313,15,3,8,248,115,4,165,164,458,652,39.6,12,7,4,1,30.5,24,0,6,1,1
gauntlet/20261002-063708-scrim-b2fs-fill1790922236/losses/andrewgopher.player22__Racetrack__botB.bc24,andrewgopher.player22,1,B,b2fs,0,1524,CAPTURE,0,0,206,0,13,547,6,1,4,231,107,8,135,132,652,458,42.7,6,6,0,0,23.0,25,4,7,0,1
gauntlet/20261002-063708-scrim-b2fs-fill1790922236/losses/hsmalladi.finalbot__HungerGames__botB.bc24,hsmalladi.finalbot,0,A,finalbot,1,394,CAPTURE,700,18600,209,17,34,233,15,3,5,725,74,0,225,189,78,31,48.0,12,5,3,4,16.0,47,0,1,0,0
gauntlet/20261002-063708-scrim-b2fs-fill1790922236/losses/hsmalladi.finalbot__HungerGames__botB.bc24,hsmalladi.finalbot,1,B,b2fs,0,394,CAPTURE,500,3400,204,6,6,329,1,0,0,58,29,5,64,60,31,78,45.2,1,1,0,0,,47,3,5,0,0
gauntlet/20261002-063708-scrim-b2fs-fill1790922236/losses/jmerle.camel_case_v21_final__Asteroids__botB.bc24,jmerle.camel_case_v21_final,0,A,camel_case_v21_final,1,498,CAPTURE,800,4100,211,35,34,279,3,3,0,251,126,4,87,85,76,83,46.3,3,3,0,0,,36,0,6,0,0
gauntlet/20261002-063708-scrim-b2fs-fill1790922236/losses/jmerle.camel_case_v21_final__Asteroids__botB.bc24,jmerle.camel_case_v21_final,1,B,b2fs,0,498,CAPTURE,800,2100,210,17,14,226,6,1,4,216,105,0,59,50,83,76,46.4,6,6,0,0,28.3,40,0,3,0,0
gauntlet/20261002-063708-scrim-b2fs-fill1790922236/losses/kyleezz.jeeryfix3__Ambush__botB.bc24,kyleezz.jeeryfix3,0,A,jeeryfix3,1,262,CAPTURE,2300,4700,201,20,0,201,5,3,2,62,33,1,48,37,31,35,47.3,5,3,2,0,6.5,50,0,2,0,0
gauntlet/20261002-063708-scrim-b2fs-fill1790922236/losses/kyleezz.jeeryfix3__Ambush__botB.bc24,kyleezz.jeeryfix3,1,B,b2fs,0,262,CAPTURE,2300,2300,201,7,0,201,2,0,1,7,3,2,43,38,35,31,47.4,2,2,0,0,8.0,49,2,3,0,0
gauntlet/20261002-063708-scrim-b2fs-fill1790922236/losses/hsmalladi.finalbot__Hockey__botB.bc24,hsmalladi.finalbot,0,A,finalbot,1,1861,CAPTURE,3300,3300,496,0,0,1054,43,3,26,887,215,0,368,328,808,434,44.3,40,12,18,10,27.7,34,0,0,14,3
gauntlet/20261002-063708-scrim-b2fs-fill1790922236/losses/hsmalladi.finalbot__Hockey__botB.bc24,hsmalladi.finalbot,1,B,b2fs,0,1861,CAPTURE,3300,3300,297,0,1,0,0,0,0,0,0,26,206,179,434,808,39.4,0,0,0,0,,35,18,12,0,0
gauntlet/20261002-063708-scrim-b2fs-fill1790922236/losses/jmerle.camel_case_v21_final__Puzzle__botA.bc24,jmerle.camel_case_v21_final,1,A,b2fs,0,497,CAPTURE,0,6000,207,0,7,306,7,0,7,53,22,0,89,79,72,115,44.6,7,5,2,0,25.9,39,0,3,0,0
gauntlet/20261002-063708-scrim-b2fs-fill1790922236/losses/jmerle.camel_case_v21_final__Puzzle__botA.bc24,jmerle.camel_case_v21_final,0,B,camel_case_v21_final,1,497,CAPTURE,0,17100,203,33,42,258,3,3,0,205,101,7,189,182,115,72,46.6,3,3,0,0,,46,2,5,0,0
gauntlet/20261002-063708-scrim-b2fs-fill1790922236/losses/kyleezz.jeeryfix3__StackGame__botA.bc24,kyleezz.jeeryfix3,1,A,b2fs,0,483,CAPTURE,4600,4600,0,0,0,0,0,0,0,0,0,4,87,83,187,84,45.8,0,0,0,0,,44,2,5,0,0
gauntlet/20261002-063708-scrim-b2fs-fill1790922236/losses/kyleezz.jeeryfix3__StackGame__botA.bc24,kyleezz.jeeryfix3,0,B,jeeryfix3,1,483,CAPTURE,4600,4600,201,23,34,219,7,3,4,115,56,0,102,92,84,187,41.0,7,5,2,0,18.8,44,0,0,0,0
gauntlet/20261002-063708-scrim-b2fs-fill1790922236/losses/quesswho.cretplayer2_3__MazeRunner__botA.bc24,quesswho.cretplayer2_3,1,A,b2fs,0,2000,MORE_FLAG_CAPTURES,2600,5600,207,28,28,255,25,0,25,640,322,13,289,238,1028,355,45.7,25,23,2,0,27.5,43,7,8,1,0
gauntlet/20261002-063708-scrim-b2fs-fill1790922236/losses/quesswho.cretplayer2_3__MazeRunner__botA.bc24,quesswho.cretplayer2_3,0,B,cretplayer2_3,1,2000,MORE_FLAG_CAPTURES,2600,4700,208,13,29,264,18,2,13,1179,268,25,234,221,355,1028,37.2,15,8,7,0,25.0,4,2,23,4,1
gauntlet/20261002-063708-scrim-b2fs-fill1790922236/losses/winkelmantanner.waffle__BedWars__botB.bc24,winkelmantanner.waffle,0,A,waffle,1,601,CAPTURE,2400,5100,215,7,1,238,12,3,9,125,60,2,39,36,51,102,45.7,12,4,8,0,12.4,44,0,4,0,0
gauntlet/20261002-063708-scrim-b2fs-fill1790922236/losses/winkelmantanner.waffle__BedWars__botB.bc24,winkelmantanner.waffle,1,B,b2fs,0,601,CAPTURE,2400,3500,217,5,9,276,4,2,2,96,45,9,54,41,102,51,47.9,4,4,0,0,10.5,49,8,4,0,0
gauntlet/20261002-063708-scrim-b2fs-fill1790922236/losses/winkelmantanner.waffle__DefaultHuge__botA.bc24,winkelmantanner.waffle,1,A,b2fs,0,944,CAPTURE,3700,3700,201,27,29,220,6,2,3,198,90,39,176,164,340,94,47.5,6,6,0,0,10.0,47,28,14,0,0
gauntlet/20261002-063708-scrim-b2fs-fill1790922236/losses/winkelmantanner.waffle__DefaultHuge__botA.bc24,winkelmantanner.waffle,0,B,waffle,1,944,CAPTURE,3700,3700,201,19,34,204,42,3,39,604,275,3,148,147,94,340,41.2,42,14,28,0,16.3,44,0,6,0,0
gauntlet/20261002-063708-scrim-b2fs-fill1790922236/replays/ColtG5.Goob_final__DefaultSmall__botA.bc24,ColtG5.Goob_final,1,A,b2fs,1,2000,LEVEL_SUM,4100,4100,201,3,12,263,0,0,0,0,0,4,434,330,1421,431,44.7,0,0,0,0,,47,1,3,0,0
gauntlet/20261002-063708-scrim-b2fs-fill1790922236/replays/ColtG5.Goob_final__DefaultSmall__botA.bc24,ColtG5.Goob_final,0,B,Goob_final,0,2000,LEVEL_SUM,4100,4100,201,29,15,234,4,0,4,22,7,0,297,279,431,1421,32.8,4,3,1,0,19.5,47,0,0,1,0
gauntlet/20261002-063708-scrim-b2fs-fill1790922236/replays/Gymhgy.v10official__BedWars__botB.bc24,Gymhgy.v10official,0,A,v10official,0,2000,LEVEL_SUM,2400,3800,206,9,26,253,28,2,7,661,311,6,179,165,309,776,40.5,25,5,4,16,11.3,50,3,6,0,0
gauntlet/20261002-063708-scrim-b2fs-fill1790922236/replays/Gymhgy.v10official__BedWars__botB.bc24,Gymhgy.v10official,1,B,b2fs,1,2000,LEVEL_SUM,2400,2800,211,6,9,224,9,2,6,243,167,7,194,176,776,309,46.3,9,6,3,0,12.8,48,4,5,0,0
gauntlet/20261002-063708-scrim-b2fs-fill1790922236/replays/awu7.ExplosiveBot__Asteroids__botB.bc24,awu7.ExplosiveBot,0,A,ExplosiveBot,0,1849,CAPTURE,800,1700,214,9,9,298,25,0,15,187,75,30,131,120,209,1459,30.7,25,10,5,10,29.1,22,11,22,2,0
gauntlet/20261002-063708-scrim-b2fs-fill1790922236/replays/awu7.ExplosiveBot__Asteroids__botB.bc24,awu7.ExplosiveBot,1,B,b2fs,1,1849,CAPTURE,800,4200,210,22,39,285,33,3,30,1459,690,15,608,527,1459,209,47.2,33,22,11,0,29.4,43,5,10,0,3
gauntlet/20261002-063708-scrim-b2fs-fill1790922236/replays/SampleProvider.TSPAARKSPRINT1__Randy__botB.bc24,SampleProvider.TSPAARKSPRINT1,0,A,TSPAARKSPRINT1,0,2000,LEVEL_SUM,3400,10800,201,19,17,214,18,1,14,409,115,25,126,86,136,643,42.2,15,14,1,0,16.4,40,7,19,0,0
gauntlet/20261002-063708-scrim-b2fs-fill1790922236/replays/SampleProvider.TSPAARKSPRINT1__Randy__botB.bc24,SampleProvider.TSPAARKSPRINT1,1,B,b2fs,1,2000,LEVEL_SUM,3400,5800,201,23,31,206,26,1,25,157,55,14,330,298,643,136,48.3,26,19,7,0,11.3,42,1,14,0,0
gauntlet/20261002-063708-scrim-b2fs-fill1790922236/replays/awu7.ExplosiveBot__DefaultMedium__botA.bc24,awu7.ExplosiveBot,1,A,b2fs,1,2000,MORE_FLAG_CAPTURES,2900,2900,201,10,40,215,32,2,29,659,313,35,519,432,1163,258,46.8,32,22,10,0,26.8,46,17,20,5,1
gauntlet/20261002-063708-scrim-b2fs-fill1790922236/replays/awu7.ExplosiveBot__DefaultMedium__botA.bc24,awu7.ExplosiveBot,0,B,ExplosiveBot,0,2000,MORE_FLAG_CAPTURES,2900,5000,201,6,17,224,81,1,35,316,109,29,172,157,258,1163,36.0,81,20,17,44,28.2,37,10,22,6,0
gauntlet/20261002-063708-scrim-b2fs-fill1790922236/replays/clbarrell.duck8__Anchor__botA.bc24,clbarrell.duck8,1,A,b2fs,1,2000,LEVEL_SUM,6300,9900,203,9,0,864,2,0,2,5,1,2,305,280,1149,279,46.6,2,2,0,0,23.5,48,1,1,0,0
gauntlet/20261002-063708-scrim-b2fs-fill1790922236/replays/clbarrell.duck8__Anchor__botA.bc24,clbarrell.duck8,0,B,duck8,0,2000,LEVEL_SUM,6300,10200,223,9,28,373,2,0,2,10,3,2,303,251,279,1149,36.1,2,1,1,0,20.0,48,0,2,0,0
gauntlet/20261002-063708-scrim-b2fs-fill1790922236/replays/justinottesen.sprint1__Ambush__botA.bc24,justinottesen.sprint1,1,A,b2fs,1,493,CAPTURE,2300,2300,201,15,19,201,12,3,9,208,99,8,104,101,297,18,49.1,12,11,1,0,8.4,48,0,9,0,0
gauntlet/20261002-063708-scrim-b2fs-fill1790922236/replays/justinottesen.sprint1__Ambush__botA.bc24,justinottesen.sprint1,0,B,sprint1,0,493,CAPTURE,2000,3800,201,10,6,201,9,1,8,88,39,9,33,21,18,297,35.8,9,9,0,0,8.5,45,1,11,0,0
gauntlet/20261002-063708-scrim-b2fs-fill1790922236/replays/clbarrell.duck8__Foxes__botA.bc24,clbarrell.duck8,1,A,b2fs,1,1873,CAPTURE,7500,7500,202,17,19,328,7,3,4,486,255,10,340,278,887,325,45.8,7,4,3,0,27.5,40,5,6,0,1
gauntlet/20261002-063708-scrim-b2fs-fill1790922236/replays/clbarrell.duck8__Foxes__botA.bc24,clbarrell.duck8,0,B,duck8,0,1873,CAPTURE,7500,7500,202,18,29,246,11,1,10,101,41,4,320,289,325,887,38.5,11,6,5,0,31.8,34,3,4,0,0
gauntlet/20261002-063708-scrim-b2fs-fill1790922236/replays/jonters.bling3__Racetrack__botB.bc24,jonters.bling3,0,A,bling3,0,1313,CAPTURE,0,0,203,2,0,431,16,1,15,318,131,15,25,24,144,772,35.1,16,11,5,0,24.7,8,4,14,1,0
gauntlet/20261002-063708-scrim-b2fs-fill1790922236/replays/jonters.bling3__Racetrack__botB.bc24,jonters.bling3,1,B,b2fs,1,1313,CAPTURE,0,0,206,15,37,219,18,3,15,792,388,15,286,255,772,144,47.3,18,14,4,0,28.5,23,5,11,0,1
gauntlet/20261002-063708-scrim-b2fs-fill1790922236/replays/jonters.bling3__AceOfSpades__botA.bc24,jonters.bling3,1,A,b2fs,1,1889,CAPTURE,1800,5400,202,7,16,208,12,3,9,515,249,3,324,276,815,396,44.9,12,9,3,0,14.6,43,2,3,0,1
gauntlet/20261002-063708-scrim-b2fs-fill1790922236/replays/jonters.bling3__AceOfSpades__botA.bc24,jonters.bling3,0,B,bling3,0,1889,CAPTURE,1800,16200,202,20,35,246,5,2,3,192,86,9,224,213,396,815,39.1,5,3,2,0,10.3,42,3,9,0,0
gauntlet/20261002-063708-scrim-b2fs-fill1790922236/replays/dmtrung14.defaultplayer_intlqualifier__TwistedTreeline__botB.bc24,dmtrung14.defaultplayer_intlqualifier,0,A,defaultplayer_intlqualifier,0,2000,LEVEL_SUM,2400,2400,205,7,3,223,8,0,4,314,65,1,44,34,57,487,42.9,5,4,0,1,23.0,32,0,1,0,0
gauntlet/20261002-063708-scrim-b2fs-fill1790922236/replays/dmtrung14.defaultplayer_intlqualifier__TwistedTreeline__botB.bc24,dmtrung14.defaultplayer_intlqualifier,1,B,b2fs,1,2000,LEVEL_SUM,2200,2200,202,29,43,242,1,0,1,2,0,4,314,149,487,57,49.3,1,1,0,0,24.0,45,0,4,0,0
gauntlet/20261002-063708-scrim-b2fs-fill1790922236/replays/dmtrung14.defaultplayer_intlqualifier__FloodGates__botA.bc24,dmtrung14.defaultplayer_intlqualifier,1,A,b2fs,1,2000,LEVEL_SUM,500,1700,258,0,1,0,0,0,0,0,0,0,204,20,65,3,50.0,0,0,0,0,,23,0,0,0,0
gauntlet/20261002-063708-scrim-b2fs-fill1790922236/replays/dmtrung14.defaultplayer_intlqualifier__FloodGates__botA.bc24,dmtrung14.defaultplayer_intlqualifier,0,B,defaultplayer_intlqualifier,0,2000,LEVEL_SUM,500,1700,571,0,0,0,3,0,0,294,12,0,22,11,3,65,49.2,0,0,0,0,,31,0,0,0,0
gauntlet/20261002-063708-scrim-b2fs-fill1790922236/replays/justinottesen.sprint1__Asteroids__botB.bc24,justinottesen.sprint1,0,A,sprint1,0,582,CAPTURE,800,3300,210,16,12,243,6,0,5,106,49,1,29,29,21,249,39.9,6,6,0,0,29.0,23,0,4,0,0
gauntlet/20261002-063708-scrim-b2fs-fill1790922236/replays/justinottesen.sprint1__Asteroids__botB.bc24,justinottesen.sprint1,1,B,b2fs,1,582,CAPTURE,800,2800,210,31,33,245,4,3,1,345,172,5,99,92,249,21,49.1,4,4,0,0,10.0,40,0,6,0,0
gauntlet/20261002-063708-scrim-b2fs-fill1790922236/replays/quesswho.cretplayer2_3__CH3353C4K3F4CT0RY__botB.bc24,quesswho.cretplayer2_3,0,A,cretplayer2_3,0,806,CAPTURE,13000,13300,209,13,23,227,11,2,5,1023,213,6,204,198,193,313,40.1,8,5,3,0,21.2,26,1,8,0,0
gauntlet/20261002-063708-scrim-b2fs-fill1790922236/replays/quesswho.cretplayer2_3__CH3353C4K3F4CT0RY__botB.bc24,quesswho.cretplayer2_3,1,B,b2fs,1,806,CAPTURE,13000,13100,202,26,30,294,9,3,6,345,170,5,245,223,313,193,44.4,9,8,1,0,23.8,41,3,5,0,0
