file,opp,us,team,name,won,rounds,wintype,gathered200,gathered400,firstEnemySide,inEnemy250,inEnemy300,firstFlagSight,pickups,captured,carrierDeaths,carrierRounds,carrierMoves,enemyCarrierKills,trapsBuilt,trapsHit,kills,deaths,meanAlive,postPickups,firstGrabs,regrabs,relayPickups,carrierDeathDist,damStage199,enemyRegrabs,enemyFirstGrabs,regrabsLate,capturedLate,chasers20,enemyCaptured,escorts20,stillPost,enemyUnseenRounds,unopposedCaps,longTrips25,longCaps25,longCapRate,loneDeaths,trickleDeaths,symOk,psymOk,maxBcK,overruns,exceptions,symDecidedRound,symWrong,alertWrites,alertNoThreat,maxParkOnHome,efStaleCarry,efStaleLoc
gauntlet/20261002-234103-scrim-g1sym-fill1790984207/losses/ColtG5.Goob_final__Alien__botA.bc24,ColtG5.Goob_final,1,A,g1sym,0,415,CAPTURE,3300,3300,305,0,0,314,0,0,0,0,0,6,65,54,115,69,46.3,0,0,0,0,,40,4,5,0,0,3.23,3,0.00,31.2,51,2,3,2,0.667,8,3,1,,22.8,0,0,6,0,606,27,41,0,0
gauntlet/20261002-234103-scrim-g1sym-fill1790984207/losses/ColtG5.Goob_final__Alien__botA.bc24,ColtG5.Goob_final,0,B,Goob_final,1,415,CAPTURE,3300,3300,202,26,33,210,9,3,6,102,48,0,88,62,69,115,43.5,9,5,4,0,14.3,41,0,0,0,0,0.00,0,6.76,16.6,,,,,,12,0,0,0,17.1,0,0,,0,0,0,215,0,0
gauntlet/20261002-234103-scrim-g1sym-fill1790984207/losses/ColtG5.Goob_final__Digging__botA.bc24,ColtG5.Goob_final,1,A,g1sym,0,2000,MORE_FLAG_CAPTURES,700,2100,205,0,2,303,0,0,0,0,0,2,230,199,1399,431,44.7,0,0,0,0,,45,2,1,0,0,5.06,1,0.00,29.5,14,0,,,,51,3,1,,22.8,0,0,204,0,2214,845,873,0,0
gauntlet/20261002-234103-scrim-g1sym-fill1790984207/losses/ColtG5.Goob_final__Digging__botA.bc24,ColtG5.Goob_final,0,B,Goob_final,1,2000,MORE_FLAG_CAPTURES,700,3200,206,36,34,214,3,1,2,33,15,0,248,230,431,1399,33.0,3,1,2,0,12.0,45,0,0,0,0,0.00,0,14.42,16.3,,,,,,49,13,0,0,19.2,0,0,,0,0,0,1800,0,0
gauntlet/20261002-234103-scrim-g1sym-fill1790984207/losses/ColtG5.Goob_final__Alligator__botA.bc24,ColtG5.Goob_final,1,A,g1sym,0,2000,MORE_FLAG_CAPTURES,3300,4200,201,0,0,415,0,0,0,0,0,5,250,222,1162,415,45.0,0,0,0,0,,37,2,4,0,0,3.17,1,0.00,38.3,22,0,1,1,1.000,33,0,1,,15.4,0,0,1,0,3220,1452,625,0,0
gauntlet/20261002-234103-scrim-g1sym-fill1790984207/losses/ColtG5.Goob_final__Alligator__botA.bc24,ColtG5.Goob_final,0,B,Goob_final,1,2000,MORE_FLAG_CAPTURES,3300,8400,201,36,28,219,6,1,5,48,20,0,357,323,415,1162,35.9,6,4,2,0,16.0,41,0,0,0,0,0.00,0,5.75,17.1,,,,,,97,49,1,1,17.2,0,0,,0,0,0,1800,0,0
gauntlet/20261002-234103-scrim-g1sym-fill1790984207/losses/ColtG5.Goob_final__BreadPudding__botB.bc24,ColtG5.Goob_final,0,A,Goob_final,1,2000,MORE_FLAG_CAPTURES,2600,3200,202,36,17,221,1,1,0,52,26,0,289,266,415,1240,34.9,1,1,0,0,,43,0,0,0,0,0.00,0,6.12,15.0,,,,,,58,39,0,0,18.3,0,0,,0,0,0,1800,0,0
gauntlet/20261002-234103-scrim-g1sym-fill1790984207/losses/ColtG5.Goob_final__BreadPudding__botB.bc24,ColtG5.Goob_final,1,B,g1sym,0,2000,MORE_FLAG_CAPTURES,2600,2600,207,0,3,1642,0,0,0,0,0,0,229,197,1240,415,44.9,0,0,0,0,,43,0,1,0,0,0.65,1,0.00,42.1,38,0,1,1,1.000,27,1,1,,15.3,0,0,1,0,3215,1588,1718,0,0
gauntlet/20261002-234103-scrim-g1sym-fill1790984207/losses/ColtG5.Goob_final__CH3353C4K3F4CT0RY__botA.bc24,ColtG5.Goob_final,1,A,g1sym,0,2000,MORE_FLAG_CAPTURES,13000,13000,212,2,18,294,0,0,0,0,0,3,338,299,1328,457,44.4,0,0,0,0,,47,1,3,0,0,1.58,1,0.00,29.0,30,0,1,0,0.000,29,0,1,,22.8,0,0,18,0,1775,1213,506,0,0
gauntlet/20261002-234103-scrim-g1sym-fill1790984207/losses/ColtG5.Goob_final__CH3353C4K3F4CT0RY__botA.bc24,ColtG5.Goob_final,0,B,Goob_final,1,2000,MORE_FLAG_CAPTURES,13000,13400,202,23,11,228,4,1,3,50,24,0,435,399,457,1328,33.8,4,3,1,0,18.3,41,0,0,0,0,0.00,0,4.06,16.4,,,,,,68,49,0,0,18.0,0,0,,0,0,0,1800,0,0
gauntlet/20261002-234103-scrim-g1sym-fill1790984207/losses/ColtG5.Goob_final__Backslash__botB.bc24,ColtG5.Goob_final,0,A,Goob_final,1,2000,MORE_FLAG_CAPTURES,2200,12100,201,16,8,235,3,1,2,29,13,0,328,293,483,1267,34.6,3,1,2,0,18.0,40,0,0,2,1,0.00,0,7.34,15.5,,,,,,67,29,1,1,18.9,0,0,,0,0,0,1800,0,0
gauntlet/20261002-234103-scrim-g1sym-fill1790984207/losses/ColtG5.Goob_final__Backslash__botB.bc24,ColtG5.Goob_final,1,B,g1sym,0,2000,MORE_FLAG_CAPTURES,4500,16500,201,25,22,211,0,0,0,0,0,2,309,273,1267,483,44.1,0,0,0,0,,48,2,1,0,0,3.31,1,0.00,31.4,23,1,,,,36,0,1,,15.4,0,0,1,0,1803,1111,509,0,0
gauntlet/20261002-234103-scrim-g1sym-fill1790984207/losses/ColtG5.Goob_final__BreadPudding__botA.bc24,ColtG5.Goob_final,1,A,g1sym,0,2000,MORE_FLAG_CAPTURES,2600,2700,362,0,0,707,0,0,0,0,0,0,232,202,1224,361,45.6,0,0,0,0,,47,0,1,0,0,2.19,1,0.00,41.1,32,0,1,1,1.000,35,0,1,,15.2,0,0,1,0,3330,1110,1702,0,0
gauntlet/20261002-234103-scrim-g1sym-fill1790984207/losses/ColtG5.Goob_final__BreadPudding__botA.bc24,ColtG5.Goob_final,0,B,Goob_final,1,2000,MORE_FLAG_CAPTURES,2600,3100,202,31,21,219,1,1,0,52,26,0,278,258,361,1224,35.2,1,1,0,0,,47,0,0,0,0,0.00,0,7.63,14.3,,,,,,48,30,0,0,18.9,0,0,,0,0,0,1800,0,0
gauntlet/20261002-234103-scrim-g1sym-fill1790984207/losses/ColtG5.Goob_final__Asteroids__botA.bc24,ColtG5.Goob_final,1,A,g1sym,0,2000,MORE_FLAG_CAPTURES,800,1600,210,0,0,420,0,0,0,0,0,16,236,195,1043,398,45.2,0,0,0,0,,39,6,11,0,0,1.94,1,0.00,26.6,61,1,1,0,0.000,55,1,1,,22.7,0,0,208,0,1513,983,585,0,0
gauntlet/20261002-234103-scrim-g1sym-fill1790984207/losses/ColtG5.Goob_final__Asteroids__botA.bc24,ColtG5.Goob_final,0,B,Goob_final,1,2000,MORE_FLAG_CAPTURES,800,3300,211,27,28,231,17,1,16,140,62,0,243,219,398,1043,37.2,17,11,6,0,30.1,42,0,0,0,0,0.00,0,4.25,12.5,,,,,,134,33,0,0,17.2,0,0,,0,0,0,1800,0,0
gauntlet/20261002-234103-scrim-g1sym-fill1790984207/losses/ColtG5.Goob_final__EvilGrin__botB.bc24,ColtG5.Goob_final,0,A,Goob_final,1,2000,MORE_FLAG_CAPTURES,2000,7600,205,39,25,236,7,2,5,90,42,0,349,319,496,1253,34.7,7,3,4,0,16.0,46,0,0,0,0,0.00,0,7.59,14.7,,,,,,44,16,0,0,19.6,0,0,,0,0,0,1800,0,0
gauntlet/20261002-234103-scrim-g1sym-fill1790984207/losses/ColtG5.Goob_final__EvilGrin__botB.bc24,ColtG5.Goob_final,1,B,g1sym,0,2000,MORE_FLAG_CAPTURES,2000,3400,268,0,11,286,0,0,0,0,0,5,227,209,1253,496,44.0,0,0,0,0,,45,4,3,0,0,3.14,2,0.00,30.6,51,1,1,1,1.000,35,0,1,,15.3,0,0,1,0,1936,1159,830,0,0
gauntlet/20261002-234103-scrim-g1sym-fill1790984207/losses/ColtG5.Goob_final__HeMustBeFreed__botA.bc24,ColtG5.Goob_final,1,A,g1sym,0,970,CAPTURE,3000,4300,201,2,0,414,0,0,0,0,0,16,109,103,290,154,46.1,0,0,0,0,,31,7,12,0,0,1.19,3,0.00,25.7,215,1,3,1,0.333,60,12,1,,22.8,0,0,83,0,1154,534,230,0,0
gauntlet/20261002-234103-scrim-g1sym-fill1790984207/losses/ColtG5.Goob_final__HeMustBeFreed__botA.bc24,ColtG5.Goob_final,0,B,Goob_final,1,970,CAPTURE,3000,12500,201,30,26,234,19,3,16,385,178,0,153,128,154,290,42.7,19,12,7,0,44.8,26,0,0,0,0,0.00,0,2.31,11.9,,,,,,124,34,1,1,15.7,0,0,,0,0,0,770,0,0
gauntlet/20261002-234103-scrim-g1sym-fill1790984207/losses/ColtG5.Goob_final__KingQuacksCastle__botB.bc24,ColtG5.Goob_final,0,A,Goob_final,1,2000,MORE_FLAG_CAPTURES,1600,8700,204,22,17,224,13,1,12,78,31,0,352,327,488,1277,34.5,13,6,7,0,22.5,48,0,0,0,0,0.00,0,3.88,15.0,,,,,,75,25,0,0,19.6,0,0,,0,0,0,1800,0,0
gauntlet/20261002-234103-scrim-g1sym-fill1790984207/losses/ColtG5.Goob_final__KingQuacksCastle__botB.bc24,ColtG5.Goob_final,1,B,g1sym,0,2000,MORE_FLAG_CAPTURES,1600,1800,205,2,0,338,0,0,0,0,0,12,213,203,1277,488,44.1,0,0,0,0,,47,7,6,0,0,3.71,1,0.00,31.4,29,0,1,1,1.000,49,2,1,,22.8,0,0,10,0,2013,982,568,0,0
gauntlet/20261002-234103-scrim-g1sym-fill1790984207/losses/ColtG5.Goob_final__Foxes__botA.bc24,ColtG5.Goob_final,1,A,g1sym,0,2000,MORE_FLAG_CAPTURES,7500,7500,208,6,8,298,2,0,2,6,1,5,401,332,1247,490,44.1,2,1,1,0,27.0,41,2,5,1,0,2.03,2,6.83,26.0,99,0,2,2,1.000,54,0,1,,22.8,0,0,14,0,1636,833,330,1,0
gauntlet/20261002-234103-scrim-g1sym-fill1790984207/losses/ColtG5.Goob_final__Foxes__botA.bc24,ColtG5.Goob_final,0,B,Goob_final,1,2000,MORE_FLAG_CAPTURES,7500,7500,202,34,11,223,7,2,5,151,72,2,365,339,490,1247,34.7,7,5,2,0,27.4,42,1,1,0,0,3.33,0,6.13,15.4,0,0,,,,182,61,0,0,18.1,0,0,,0,0,0,1800,0,0
gauntlet/20261002-234103-scrim-g1sym-fill1790984207/losses/ColtG5.Goob_final__Mountain__botB.bc24,ColtG5.Goob_final,0,A,Goob_final,1,2000,MORE_FLAG_CAPTURES,4100,5300,210,23,14,210,9,1,8,85,36,0,249,224,537,1221,35.1,9,7,2,0,17.1,47,0,0,0,0,0.00,0,2.67,18.6,,,,,,82,17,0,0,15.6,0,0,,0,0,0,1800,0,0
gauntlet/20261002-234103-scrim-g1sym-fill1790984207/losses/ColtG5.Goob_final__Mountain__botB.bc24,ColtG5.Goob_final,1,B,g1sym,0,2000,MORE_FLAG_CAPTURES,4100,5600,201,0,3,412,0,0,0,0,0,8,253,231,1221,537,43.5,0,0,0,0,,47,2,7,0,0,1.61,1,0.00,39.5,43,0,,,,43,0,1,,15.6,0,0,1,0,1869,826,744,0,0
gauntlet/20261002-234103-scrim-g1sym-fill1790984207/losses/ColtG5.Goob_final__MazeRunner__botB.bc24,ColtG5.Goob_final,0,A,Goob_final,1,2000,MORE_FLAG_CAPTURES,2600,6200,207,32,23,261,10,1,9,138,58,2,255,232,505,994,37.8,10,4,6,0,21.7,28,1,1,4,0,1.49,0,3.37,14.1,17,0,1,0,0.000,242,38,0,0,16.5,0,0,,0,0,0,1800,0,0
gauntlet/20261002-234103-scrim-g1sym-fill1790984207/losses/ColtG5.Goob_final__MazeRunner__botB.bc24,ColtG5.Goob_final,1,B,g1sym,0,2000,MORE_FLAG_CAPTURES,2600,4100,220,3,6,597,2,0,2,35,15,9,258,181,994,505,43.9,2,1,1,0,20.0,37,6,4,0,0,1.93,1,3.94,27.5,88,1,1,1,1.000,117,5,1,,15.4,0,0,1,0,1107,616,186,2,1
gauntlet/20261002-234103-scrim-g1sym-fill1790984207/losses/ColtG5.Goob_final__Occulus__botA.bc24,ColtG5.Goob_final,1,A,g1sym,0,591,CAPTURE,1800,1800,201,0,0,0,0,0,0,0,0,8,76,65,211,95,46.1,0,0,0,0,,40,6,5,0,0,3.52,3,0.00,38.4,68,1,3,3,1.000,6,0,1,,15.3,0,0,1,0,862,79,53,0,0
gauntlet/20261002-234103-scrim-g1sym-fill1790984207/losses/ColtG5.Goob_final__Occulus__botA.bc24,ColtG5.Goob_final,0,B,Goob_final,1,591,CAPTURE,1800,9300,201,28,31,212,11,3,8,126,59,0,146,111,95,211,41.4,11,5,6,0,18.1,43,0,0,0,0,0.00,0,6.65,17.5,,,,,,17,3,1,1,15.7,0,0,,0,0,0,391,0,0
gauntlet/20261002-234103-scrim-g1sym-fill1790984207/losses/ColtG5.Goob_final__GaltonBoard__botB.bc24,ColtG5.Goob_final,0,A,Goob_final,1,2000,MORE_FLAG_CAPTURES,0,35700,201,23,30,259,5,1,4,30,12,0,485,452,602,1261,34.6,5,2,3,0,14.0,42,0,0,0,0,0.00,0,9.67,16.2,,,,,,39,15,0,0,21.6,0,0,,0,0,0,1800,0,0
gauntlet/20261002-234103-scrim-g1sym-fill1790984207/losses/ColtG5.Goob_final__GaltonBoard__botB.bc24,ColtG5.Goob_final,1,B,g1sym,0,2000,MORE_FLAG_CAPTURES,0,1200,207,5,0,616,0,0,0,0,0,4,222,207,1261,602,42.7,0,0,0,0,,40,3,2,0,0,8.27,1,0.00,38.9,7,0,,,,48,22,1,,15.2,0,0,1,0,4096,106,293,0,0
gauntlet/20261002-234103-scrim-g1sym-fill1790984207/losses/ColtG5.Goob_final__Pancakes__botB.bc24,ColtG5.Goob_final,0,A,Goob_final,1,1394,CAPTURE,0,6400,202,37,26,229,14,3,11,224,102,0,219,196,345,789,36.3,14,10,4,0,20.5,47,0,0,0,1,0.00,0,3.25,14.3,,,,,,107,60,0,0,17.6,0,0,,0,0,0,1194,0,0
gauntlet/20261002-234103-scrim-g1sym-fill1790984207/losses/ColtG5.Goob_final__Pancakes__botB.bc24,ColtG5.Goob_final,1,B,g1sym,0,1394,CAPTURE,0,2700,202,0,3,288,0,0,0,0,0,11,168,156,789,345,44.0,0,0,0,0,,47,4,10,0,0,1.00,3,0.00,30.0,162,2,5,3,0.600,43,4,1,,22.8,0,0,80,0,1399,653,277,0,0
gauntlet/20261002-234103-scrim-g1sym-fill1790984207/losses/ColtG5.Goob_final__Soccer__botB.bc24,ColtG5.Goob_final,0,A,Goob_final,1,857,CAPTURE,3000,3100,202,26,30,270,9,3,6,220,102,0,118,101,182,377,39.5,9,6,3,0,28.7,26,0,0,0,0,0.00,0,5.20,14.9,,,,,,59,16,0,0,18.5,0,0,,0,0,0,657,0,0
gauntlet/20261002-234103-scrim-g1sym-fill1790984207/losses/ColtG5.Goob_final__Soccer__botB.bc24,ColtG5.Goob_final,1,B,g1sym,0,857,CAPTURE,3000,3100,212,4,0,416,0,0,0,0,0,6,147,125,377,182,44.9,0,0,0,0,,36,3,6,0,0,0.81,3,0.00,22.8,164,2,4,3,0.750,17,5,0,,22.8,0,0,455,0,543,141,89,0,0
gauntlet/20261002-234103-scrim-g1sym-fill1790984207/losses/ColtG5.Goob_final__Rainbow__botB.bc24,ColtG5.Goob_final,0,A,Goob_final,1,2000,MORE_FLAG_CAPTURES,6000,6000,201,35,20,210,3,1,2,72,40,0,329,304,401,1052,37.1,3,3,0,0,36.0,47,0,0,0,0,0.00,0,2.96,13.7,,,,,,68,15,1,1,17.5,0,0,,0,0,0,1800,0,0
gauntlet/20261002-234103-scrim-g1sym-fill1790984207/losses/ColtG5.Goob_final__Rainbow__botB.bc24,ColtG5.Goob_final,1,B,g1sym,0,2000,MORE_FLAG_CAPTURES,6000,6000,201,1,0,602,0,0,0,0,0,2,251,214,1052,401,45.1,0,0,0,0,,45,0,3,0,0,0.07,1,0.00,31.2,68,1,1,1,1.000,52,0,1,,15.4,0,0,1,0,1923,1397,567,0,0
gauntlet/20261002-234103-scrim-g1sym-fill1790984207/losses/ColtG5.Goob_final__Rivers__botB.bc24,ColtG5.Goob_final,0,A,Goob_final,1,845,CAPTURE,1500,2100,201,28,13,221,18,3,15,184,84,0,106,93,142,445,37.3,18,10,8,0,18.9,36,0,1,0,0,2.50,0,5.16,16.7,1,,,,,63,45,1,1,17.1,0,0,,0,0,0,645,0,0
gauntlet/20261002-234103-scrim-g1sym-fill1790984207/losses/ColtG5.Goob_final__Rivers__botB.bc24,ColtG5.Goob_final,1,B,g1sym,0,845,CAPTURE,1500,2100,212,0,1,334,1,0,0,2,1,15,115,99,445,142,46.0,1,1,0,0,,35,8,10,0,0,2.75,3,13.50,26.8,86,2,3,3,1.000,14,6,1,,22.8,0,0,9,0,887,231,73,1,0
gauntlet/20261002-234103-scrim-g1sym-fill1790984207/losses/ColtG5.Goob_final__QuestionableChess__botA.bc24,ColtG5.Goob_final,1,A,g1sym,0,2000,MORE_FLAG_CAPTURES,0,0,201,11,9,245,0,0,0,0,0,1,186,178,1234,760,40.8,0,0,0,0,,39,0,3,0,0,0.57,2,0.00,40.4,71,1,2,2,1.000,95,28,1,,22.8,0,0,31,0,2508,543,1417,0,0
gauntlet/20261002-234103-scrim-g1sym-fill1790984207/losses/ColtG5.Goob_final__QuestionableChess__botA.bc24,ColtG5.Goob_final,0,B,Goob_final,1,2000,MORE_FLAG_CAPTURES,0,0,202,27,22,210,3,2,1,82,40,0,351,327,760,1234,35.0,3,3,0,0,24.0,35,0,0,0,0,0.00,0,3.71,15.3,,,,,,131,85,0,0,14.9,0,0,,0,0,0,1800,0,0
gauntlet/20261002-234103-scrim-g1sym-fill1790984207/replays/ColtG5.Goob_final__BedWars__botB.bc24,ColtG5.Goob_final,0,A,Goob_final,0,754,CAPTURE,2400,2700,205,16,17,241,12,2,9,105,45,1,28,26,105,324,39.6,12,8,4,0,12.0,47,0,4,0,0,0.85,3,4.77,11.1,67,2,2,2,1.000,59,25,1,1,16.4,0,0,,0,0,0,381,0,0
gauntlet/20261002-234103-scrim-g1sym-fill1790984207/replays/ColtG5.Goob_final__BedWars__botB.bc24,ColtG5.Goob_final,1,B,g1sym,1,754,CAPTURE,2400,2600,235,0,2,348,4,3,1,103,48,9,88,70,324,105,46.7,4,4,0,0,17.0,49,4,8,0,0,1.99,2,6.43,22.4,51,2,1,1,1.000,33,1,1,,15.5,0,0,1,0,821,230,144,4,0
gauntlet/20261002-234103-scrim-g1sym-fill1790984207/losses/ColtG5.Goob_final__StackGame__botB.bc24,ColtG5.Goob_final,0,A,Goob_final,1,2000,MORE_FLAG_CAPTURES,4600,4600,202,27,22,211,33,2,31,104,34,0,375,344,654,1342,33.6,33,15,18,0,14.8,43,0,0,12,2,0.00,0,6.88,16.0,,,,,,53,30,0,0,17.5,0,0,,0,0,0,1800,0,0
gauntlet/20261002-234103-scrim-g1sym-fill1790984207/losses/ColtG5.Goob_final__StackGame__botB.bc24,ColtG5.Goob_final,1,B,g1sym,0,2000,MORE_FLAG_CAPTURES,4600,4600,328,0,0,640,0,0,0,0,0,31,246,224,1342,654,42.1,0,0,0,0,,47,18,15,0,0,7.99,2,0.00,34.3,2,0,,,,23,1,1,,22.8,0,0,5,0,3520,1097,317,0,0
gauntlet/20261002-234103-scrim-g1sym-fill1790984207/losses/ColtG5.Goob_final__Valentine__botA.bc24,ColtG5.Goob_final,1,A,g1sym,0,2000,MORE_FLAG_CAPTURES,1800,2800,244,4,9,263,0,0,0,0,0,11,227,179,949,288,46.5,0,0,0,0,,46,5,7,0,0,2.57,1,0.00,36.4,90,0,1,1,1.000,67,0,1,,22.8,0,0,244,0,1713,429,516,0,0
gauntlet/20261002-234103-scrim-g1sym-fill1790984207/losses/ColtG5.Goob_final__Valentine__botA.bc24,ColtG5.Goob_final,0,B,Goob_final,1,2000,MORE_FLAG_CAPTURES,1800,5500,214,37,16,231,12,1,11,164,76,0,241,207,288,949,38.4,12,7,5,0,35.7,48,0,0,0,0,0.00,0,5.15,11.9,,,,,,200,50,0,0,16.0,0,0,,0,0,0,1800,0,0
gauntlet/20261002-234103-scrim-g1sym-fill1790984207/replays/ColtG5.Goob_final__Ambush__botB.bc24,ColtG5.Goob_final,0,A,Goob_final,0,2000,LEVEL_SUM,2300,6200,201,26,20,201,10,2,8,61,27,2,297,285,486,1799,28.2,10,6,4,0,8.1,47,1,3,0,0,1.22,2,3.36,18.3,46,1,1,1,1.000,167,228,1,1,17.2,0,0,,0,0,0,1103,0,0
gauntlet/20261002-234103-scrim-g1sym-fill1790984207/replays/ColtG5.Goob_final__Ambush__botB.bc24,ColtG5.Goob_final,1,B,g1sym,1,2000,LEVEL_SUM,2300,2300,201,0,7,201,4,2,2,72,31,8,410,395,1799,486,44.1,4,3,1,0,8.5,47,4,6,0,2,2.97,2,10.01,27.2,24,1,,,,77,9,1,,15.2,0,0,1,0,2412,992,613,4,16
gauntlet/20261002-234103-scrim-g1sym-fill1790984207/replays/ColtG5.Goob_final__BigDucksBigPond__botA.bc24,ColtG5.Goob_final,1,A,g1sym,1,1832,CAPTURE,5100,5400,201,21,26,228,5,3,2,336,173,7,538,468,1381,434,44.3,5,3,2,0,42.0,46,3,4,2,3,1.32,0,11.07,22.5,65,0,1,0,0.000,75,8,1,,15.4,0,0,1,0,660,325,106,4,0
gauntlet/20261002-234103-scrim-g1sym-fill1790984207/replays/ColtG5.Goob_final__BigDucksBigPond__botA.bc24,ColtG5.Goob_final,0,B,Goob_final,0,1832,CAPTURE,5100,8600,201,17,4,219,7,0,7,114,50,2,249,239,434,1381,31.5,7,4,3,0,26.9,45,2,3,0,0,0.77,3,4.25,18.6,264,1,3,3,1.000,220,125,1,1,18.4,0,0,,0,0,0,1201,0,0
gauntlet/20261002-234103-scrim-g1sym-fill1790984207/replays/ColtG5.Goob_final__DefaultSmall__botB.bc24,ColtG5.Goob_final,0,A,Goob_final,0,2000,LEVEL_SUM,4100,4100,201,20,25,211,6,0,6,15,6,0,357,334,506,1247,34.8,6,5,1,0,19.5,47,0,0,0,0,0.00,0,4.40,14.5,,,,,,82,54,1,1,19.6,0,0,,0,0,0,1800,0,0
gauntlet/20261002-234103-scrim-g1sym-fill1790984207/replays/ColtG5.Goob_final__DefaultSmall__botB.bc24,ColtG5.Goob_final,1,B,g1sym,1,2000,LEVEL_SUM,4100,4100,201,8,14,265,0,0,0,0,0,6,284,248,1247,506,43.8,0,0,0,0,,47,1,5,0,0,3.53,0,0.00,37.5,0,0,,,,50,1,1,,15.4,0,0,1,0,2298,618,732,0,0
gauntlet/20261002-234103-scrim-g1sym-fill1790984207/replays/ColtG5.Goob_final__Diagonal__botB.bc24,ColtG5.Goob_final,0,A,Goob_final,0,2000,LEVEL_SUM,5100,5100,201,34,34,241,0,0,0,0,0,13,192,158,292,653,42.0,0,0,0,0,,29,6,7,0,0,2.29,0,0.00,12.3,20,0,,,,59,49,1,1,17.3,0,0,,0,0,0,1800,0,0
gauntlet/20261002-234103-scrim-g1sym-fill1790984207/replays/ColtG5.Goob_final__Diagonal__botB.bc24,ColtG5.Goob_final,1,B,g1sym,1,2000,LEVEL_SUM,5100,5100,201,17,20,243,13,0,13,68,27,0,268,183,653,292,46.5,13,7,6,0,29.1,29,0,0,3,0,0.00,0,5.37,55.8,,,,,,32,0,1,,22.7,0,0,14,0,1775,1018,1775,13,99
gauntlet/20261002-234103-scrim-g1sym-fill1790984207/replays/ColtG5.Goob_final__EndAround__botA.bc24,ColtG5.Goob_final,1,A,g1sym,1,2000,LEVEL_SUM,1900,4900,225,17,15,307,0,0,0,0,0,6,251,174,744,246,47.0,0,0,0,0,,47,2,4,0,0,6.36,0,0.00,17.2,0,0,,,,37,1,1,,22.8,0,0,62,0,712,484,208,0,0
gauntlet/20261002-234103-scrim-g1sym-fill1790984207/replays/ColtG5.Goob_final__EndAround__botA.bc24,ColtG5.Goob_final,0,B,Goob_final,0,2000,LEVEL_SUM,2500,5800,202,1,11,326,6,0,6,22,7,0,258,243,246,744,41.0,6,4,2,0,18.2,47,0,0,0,0,0.00,0,6.50,10.8,,,,,,107,14,0,0,17.2,0,0,,0,0,0,1800,0,0
gauntlet/20261002-234103-scrim-g1sym-fill1790984207/replays/ColtG5.Goob_final__EndAround__botB.bc24,ColtG5.Goob_final,0,A,Goob_final,0,2000,LEVEL_SUM,2500,5500,207,9,10,681,0,0,0,0,0,0,234,218,315,777,40.5,0,0,0,0,,47,0,0,0,0,0.00,0,0.00,10.9,,,,,,99,11,0,0,18.1,0,0,,0,0,0,1800,0,0
gauntlet/20261002-234103-scrim-g1sym-fill1790984207/replays/ColtG5.Goob_final__EndAround__botB.bc24,ColtG5.Goob_final,1,B,g1sym,1,2000,LEVEL_SUM,2200,3400,208,4,1,697,0,0,0,0,0,0,238,157,777,315,46.2,0,0,0,0,,47,0,0,0,0,0.00,0,0.00,20.4,,,,,,35,0,1,,22.8,0,0,51,0,284,168,96,0,0
gauntlet/20261002-234103-scrim-g1sym-fill1790984207/replays/ColtG5.Goob_final__Funnel__botB.bc24,ColtG5.Goob_final,0,A,Goob_final,0,2000,MORE_FLAG_CAPTURES,2200,4100,202,39,23,224,6,0,6,32,14,1,275,260,433,1176,35.7,6,2,4,0,45.0,43,1,1,0,0,0.78,1,3.25,14.3,91,1,1,1,1.000,213,102,1,1,16.9,0,0,,0,0,0,1800,0,0
gauntlet/20261002-234103-scrim-g1sym-fill1790984207/replays/ColtG5.Goob_final__Funnel__botB.bc24,ColtG5.Goob_final,1,B,g1sym,1,2000,MORE_FLAG_CAPTURES,2200,3800,201,0,1,416,2,1,1,125,60,6,442,371,1176,433,44.7,2,1,1,0,53.0,40,4,2,1,1,5.66,0,7.70,23.5,0,0,,,,45,0,1,,19.0,0,0,1,0,751,333,108,2,0
gauntlet/20261002-234103-scrim-g1sym-fill1790984207/replays/ColtG5.Goob_final__Klein__botB.bc24,ColtG5.Goob_final,0,A,Goob_final,0,2000,LEVEL_SUM,6300,7200,202,24,22,203,10,1,9,47,19,3,229,218,468,1191,35.5,10,7,3,0,16.9,49,0,4,0,0,2.90,1,4.94,12.8,22,1,,,,162,62,0,0,16.9,0,0,,0,0,0,1800,0,0
gauntlet/20261002-234103-scrim-g1sym-fill1790984207/replays/ColtG5.Goob_final__Klein__botB.bc24,ColtG5.Goob_final,1,B,g1sym,1,2000,LEVEL_SUM,6300,6300,208,2,8,305,4,1,3,41,19,9,335,298,1191,468,44.3,4,4,0,0,13.3,49,3,7,0,0,2.83,1,8.44,28.9,11,0,,,,60,7,1,,22.7,0,0,73,0,1995,917,802,4,0
gauntlet/20261002-234103-scrim-g1sym-fill1790984207/replays/ColtG5.Goob_final__Randy__botB.bc24,ColtG5.Goob_final,0,A,Goob_final,0,2000,LEVEL_SUM,3400,8400,201,10,16,208,34,1,33,105,37,1,284,266,468,1239,34.9,34,13,21,0,16.9,34,0,2,15,0,1.13,1,4.75,14.0,17,0,,,,158,76,0,0,17.3,0,0,,0,0,0,1800,0,0
gauntlet/20261002-234103-scrim-g1sym-fill1790984207/replays/ColtG5.Goob_final__Randy__botB.bc24,ColtG5.Goob_final,1,B,g1sym,1,2000,LEVEL_SUM,3400,3400,201,16,7,232,2,1,1,23,11,33,288,274,1239,468,44.3,2,2,0,0,10.0,37,21,13,0,1,6.58,1,5.87,31.2,8,0,,,,62,6,1,,16.0,0,0,1,0,3106,1217,321,2,0
gauntlet/20261002-234103-scrim-g1sym-fill1790984207/replays/ColtG5.Goob_final__WheresMyWater__botB.bc24,ColtG5.Goob_final,0,A,Goob_final,0,1805,CAPTURE,3000,6300,201,25,28,201,7,2,5,61,29,1,212,210,332,1464,30.3,7,6,1,0,21.2,44,1,3,0,0,1.13,3,5.92,20.5,75,1,2,1,0.500,114,135,1,1,19.5,0,0,,0,0,0,1461,0,0
gauntlet/20261002-234103-scrim-g1sym-fill1790984207/replays/ColtG5.Goob_final__WheresMyWater__botB.bc24,ColtG5.Goob_final,1,B,g1sym,1,1805,CAPTURE,3000,3000,201,3,3,201,4,3,1,123,61,5,533,500,1464,332,45.5,4,3,1,0,9.0,42,1,6,1,3,3.05,2,11.94,26.2,19,0,,,,54,10,1,,15.2,0,0,1,0,1803,1017,525,4,0
gauntlet/20261002-234103-scrim-g1sym-fill1790984207/replays/ColtG5.Goob_final__Waterworld__botB.bc24,ColtG5.Goob_final,0,A,Goob_final,0,1926,CAPTURE,13900,21700,209,23,15,238,14,1,13,111,45,2,282,281,456,1495,31.1,14,6,8,0,21.5,38,0,5,6,1,0.59,3,5.26,16.6,142,1,3,3,1.000,203,173,0,0,16.9,0,0,,0,0,0,1102,0,0
gauntlet/20261002-234103-scrim-g1sym-fill1790984207/replays/ColtG5.Goob_final__Waterworld__botB.bc24,ColtG5.Goob_final,1,B,g1sym,1,1926,CAPTURE,13900,16000,203,6,15,264,5,3,2,179,95,13,500,415,1495,456,44.2,5,5,0,0,27.0,40,8,6,0,3,3.03,1,6.55,24.6,41,1,1,1,1.000,71,4,1,,22.8,0,0,233,0,1177,563,377,5,0
